batch_sequence,l1_block,l1_timestamp,l1_time_utc,tx_hash,poster,selector,delayed_messages_read,prev_message_count,new_message_count,oldest_l2_block,newest_l2_block,oldest_l2_timestamp,newest_l2_timestamp,posting_delay_newest_s,posting_delay_oldest_s,blob_gas_price_wei,effective_gas_price_wei,receipt_status
190502,25903666,1788521423,2026-09-04T11:30:23Z,0x32661972d381c97fd68bc2bde430ba8ec60219ca4895fa927370483ecdda76e8,0xdaa526086787d9debe1d7f3ffdb1fe50cf8687f4,0x3e5aa082,220149,54228074,54228188,54228074,54228187,1788521149,1788521160,263,274,4431190,77141753,1
190503,25903666,1788521423,2026-09-04T11:30:23Z,0x2b1a9d2c1ffcdd202d328f148d4a281d38ff93ec2153fd7bc05ce161dc4b2048,0xdaa526086787d9debe1d7f3ffdb1fe50cf8687f4,0x3e5aa082,220149,54228188,54228299,54228188,54228298,1788521160,1788521172,251,263,4431190,77141753,1
190504,25903666,1788521423,2026-09-04T11:30:23Z,0xfbec620e83ec88e8d76ac104508020732e9236bc0e697e7e748e28f2c0b68de5,0xdaa526086787d9debe1d7f3ffdb1fe50cf8687f4,0x3e5aa082,220149,54228299,54228410,54228299,54228409,1788521172,1788521183,240,251,4431190,77141753,1
190505,25903667,1788521435,2026-09-04T11:30:35Z,0xa523ee28631725b133f91df4d5c81048d1267ed4b3467f0396a36b27f377d65c,0xdaa526086787d9debe1d7f3ffdb1fe50cf8687f4,0x3e5aa082,220149,54228410,54228525,54228410,54228524,1788521183,1788521194,241,252,4600015,86617321,1
190506,25903668,1788521447,2026-09-04T11:30:47Z,0x5e46744b14573e753e8020081a283a07b55b2ec874fa3f378210f12fec56f3da,0xdaa526086787d9debe1d7f3ffdb1fe50cf8687f4,0x3e5aa082,220149,54228525,54228624,54228525,54228623,1788521195,1788521205,242,252,4669333,92019705,1
190507,25903669,1788521459,2026-09-04T11:30:59Z,0x464b4daaf63faaec391fb293e5acdfe4d0f4d7f9b070a21e9401a09f2ead404d,0xdaa526086787d9debe1d7f3ffdb1fe50cf8687f4,0x3e5aa082,220149,54228624,54228733,54228624,54228732,1788521205,1788521216,243,254,4811117,95368421,1
190508,25903669,1788521459,2026-09-04T11:30:59Z,0x007478d6530d0d7cb10d521e921dd45a8b48d944febff6e508e43b573b2841f4,0xdaa526086787d9debe1d7f3ffdb1fe50cf8687f4,0x3e5aa082,220149,54228733,54228841,54228733,54228840,1788521216,1788521227,232,243,4811117,95368421,1
190509,25903670,1788521471,2026-09-04T11:31:11Z,0xbd304d759f3ad6fe11bc03e8404bca0cbf73106be90d1062db9ff930f52e13b7,0xdaa526086787d9debe1d7f3ffdb1fe50cf8687f4,0x3e5aa082,220149,54228841,54228952,54228841,54228951,1788521227,1788521238,233,244,5031907,95241499,1
190510,25903671,1788521483,2026-09-04T11:31:23Z,0xb9010fdf3eff5cc6f304bcfa11f30cf25d9233ac54c50dac7274d43f8a293f23,0xdaa526086787d9debe1d7f3ffdb1fe50cf8687f4,0x3e5aa082,220149,54228952,54229059,54228952,54229058,1788521238,1788521249,234,245,5088670,85737943,1
190511,25903672,1788521495,2026-09-04T11:31:35Z,0xefa648917495a22dbec7e6a14beca91e1ad6c4a05eb574ede08642909fdf3b04,0xdaa526086787d9debe1d7f3ffdb1fe50cf8687f4,0x3e5aa082,220149,54229059,54229156,54229059,54229155,1788521249,1788521259,236,246,5204124,89487450,1
190512,25903674,1788521519,2026-09-04T11:31:59Z,0xbff1587790154f3a8b0b59f8df7d0136436e5e591ece6a2479107421deee70ae,0xdaa526086787d9debe1d7f3ffdb1fe50cf8687f4,0x3e5aa082,220149,54229156,54229270,54229156,54229269,1788521259,1788521270,249,260,5362147,89569730,1
190513,25903674,1788521519,2026-09-04T11:31:59Z,0xb07f32077f04a433db952ac9770de8ba69d81980a73b25905124bea22b5c7d4d,0xdaa526086787d9debe1d7f3ffdb1fe50cf8687f4,0x3e5aa082,220149,54229270,54229371,54229270,54229370,1788521270,1788521281,238,249,5362147,89569730,1
190514,25903675,1788521531,2026-09-04T11:32:11Z,0x7ccceb234a0ab3c3be2c812be10f3bf1b1ceb8d8f6cff70759300c89abec154d,0xdaa526086787d9debe1d7f3ffdb1fe50cf8687f4,0x3e5aa082,220149,54229371,54229478,54229371,54229477,1788521281,1788521291,240,250,5714060,93752793,1
190515,25903676,1788521543,2026-09-04T11:32:23Z,0x75a350279b3dea853da477821bbcafd16c4000211c652640bfe00ddf867cb4fd,0xdaa526086787d9debe1d7f3ffdb1fe50cf8687f4,0x3e5aa082,220149,54229478,54229584,54229478,54229583,1788521292,1788521302,241,251,5778518,92326590,1
190516,25903678,1788521567,2026-09-04T11:32:47Z,0x9855799671cefb1f5c8f53905ca9b59e9f481fd9d90cad027fe69edb7006868d,0xdaa526086787d9debe1d7f3ffdb1fe50cf8687f4,0x3e5aa082,220149,54229584,54229686,54229584,54229685,1788521302,1788521313,254,265,5165350,87152523,1
190517,25903678,1788521567,2026-09-04T11:32:47Z,0x39a581e67cf17a244f3d6427d038d3ebc6b2d700c59501a3bd63936c05b42b36,0xdaa526086787d9debe1d7f3ffdb1fe50cf8687f4,0x917cf8ac,220181,54229686,54229832,54229686,54229831,1788521313,1788521324,243,254,5165350,87152523,1
190518,25903680,1788521591,2026-09-04T11:33:11Z,0x5ab353e47e63f9e03f14d47055a7893e3a07183bb927bd8ecb85a20519dc37c1,0xdaa526086787d9debe1d7f3ffdb1fe50cf8687f4,0x3e5aa082,220181,54229832,54229935,54229832,54229934,1788521324,1788521336,255,267,5504348,83350848,1
190519,25903681,1788521603,2026-09-04T11:33:23Z,0x3254126523a9f68e5c76eeded22e98fa38156b7b51630de9baf48b89aef0ca18,0xdaa526086787d9debe1d7f3ffdb1fe50cf8687f4,0x3e5aa082,220181,54229935,54230042,54229935,54230041,1788521336,1788521348,255,267,4920273,84228990,1
190520,25903682,1788521615,2026-09-04T11:33:35Z,0xcbe62948afcdbea6f66063a240f618080d32e7fa9088fbb6ce89dabc0066eb82,0xdaa526086787d9debe1d7f3ffdb1fe50cf8687f4,0x3e5aa082,220181,54230042,54230154,54230042,54230153,1788521348,1788521359,256,267,4994416,81755554,1
190521,25903683,1788521627,2026-09-04T11:33:47Z,0x4a6c6bb82046ffdd5dfc8f6fa2fc83d90878786ddadeeeb48048a5c45d6375ac,0xdaa526086787d9debe1d7f3ffdb1fe50cf8687f4,0x3e5aa082,220181,54230154,54230263,54230154,54230262,1788521359,1788521370,257,268,5050756,80597655,1
190522,25903683,1788521627,2026-09-04T11:33:47Z,0x4dcf8f4f85303070711932182117171f497dc5cec34c8392937232980957938e,0xdaa526086787d9debe1d7f3ffdb1fe50cf8687f4,0x3e5aa082,220181,54230263,54230353,54230263,54230352,1788521370,1788521379,248,257,5050756,80597655,1
190523,25903684,1788521639,2026-09-04T11:33:59Z,0x62b3d389acf5afb64012e83c354ed07196b473ce0892167e923f7cc769623803,0xdaa526086787d9debe1d7f3ffdb1fe50cf8687f4,0x3e5aa082,220181,54230353,54230447,54230353,54230446,1788521379,1788521389,250,260,4994416,78624936,1
190524,25903685,1788521651,2026-09-04T11:34:11Z,0xede009a7f8627def44b5b7d46acde8d0c42fa6078b4eeb568c94b0df22652c4c,0xdaa526086787d9debe1d7f3ffdb1fe50cf8687f4,0x3e5aa082,220181,54230447,54230558,54230447,54230557,1788521389,1788521400,251,262,4617246,71079320,1
190525,25903685,1788521651,2026-09-04T11:34:11Z,0xf0cf017b86d6e172a2554104df91d7909b01bf61e22e0967a68484633a92283c,0xdaa526086787d9debe1d7f3ffdb1fe50cf8687f4,0x3e5aa082,220181,54230558,54230660,54230558,54230659,1788521400,1788521411,240,251,4617246,71079320,1
190526,25903686,1788521663,2026-09-04T11:34:23Z,0xa9b54d07042498d494d907676a50b88d9fbf1f699e3687376b98e7ce77d11d93,0xdaa526086787d9debe1d7f3ffdb1fe50cf8687f4,0x3e5aa082,220181,54230660,54230773,54230660,54230772,1788521411,1788521422,241,252,4464451,77300806,1
190527,25903687,1788521675,2026-09-04T11:34:35Z,0x6706c3a09bab8272770422ba4326d4102feb9ae06c2300249e3f7f22de9749d2,0xdaa526086787d9debe1d7f3ffdb1fe50cf8687f4,0x3e5aa082,220181,54230773,54230888,54230773,54230887,1788521422,1788521434,241,253,4617246,69862438,1
190528,25903689,1788521699,2026-09-04T11:34:59Z,0x1f30f8f6377728591b4b35e395fa2cf22fcb394b54a663982f5a2c78acaf698a,0xdaa526086787d9debe1d7f3ffdb1fe50cf8687f4,0x3e5aa082,220181,54230888,54231012,54230888,54231011,1788521434,1788521446,253,265,4565742,68090782,1
190529,25903690,1788521711,2026-09-04T11:35:11Z,0xd126885f022afeb3c8e0a1585d5577855293205fe35ddefc4bc85e3d1957f43c,0xdaa526086787d9debe1d7f3ffdb1fe50cf8687f4,0x3e5aa082,220181,54231012,54231113,54231012,54231112,1788521446,1788521457,254,265,4035738,71311592,1
190530,25903692,1788521735,2026-09-04T11:35:35Z,0xdfdbb2e5c21275a5fedba2e820b034d0d6412900c0abf166307e56fe381e40bd,0xdaa526086787d9debe1d7f3ffdb1fe50cf8687f4,0x3e5aa082,220181,54231113,54231196,54231113,54231195,1788521457,1788521465,270,278,4127303,72073208,1
190531,25903692,1788521735,2026-09-04T11:35:35Z,0x79c6065fdde02359e01b6ab456d4de92240e280ac08ebd8cf216dd5c59695840,0xdaa526086787d9debe1d7f3ffdb1fe50cf8687f4,0x3e5aa082,220181,54231196,54231273,54231196,54231272,1788521465,1788521473,262,270,4127303,72073208,1
190532,25903692,1788521735,2026-09-04T11:35:35Z,0x7a27985d60c3c07f8920fa4fed60a0c2b5bd05c8f627bab468ca099294072b03,0xdaa526086787d9debe1d7f3ffdb1fe50cf8687f4,0x3e5aa082,220181,54231273,54231339,54231273,54231338,1788521473,1788521480,255,262,4127303,72073208,1
190533,25903693,1788521747,2026-09-04T11:35:47Z,0x79d263610e9a73db6f841bdef128e11f07c1a936217e7b1b3083eabce33518a9,0xdaa526086787d9debe1d7f3ffdb1fe50cf8687f4,0x3e5aa082,220181,54231339,54231421,54231339,54231420,1788521480,1788521488,259,267,4332882,74373580,1
190534,25903693,1788521747,2026-09-04T11:35:47Z,0xab004323c1e631f1a81d5a7fdcb5a0116a01c299d53541880d21b47117f26f7c,0xdaa526086787d9debe1d7f3ffdb1fe50cf8687f4,0x3e5aa082,220181,54231421,54231515,54231421,54231514,1788521488,1788521498,249,259,4332882,74373580,1
190535,25903694,1788521759,2026-09-04T11:35:59Z,0x6509d4ddae94430b89e3ff0b624a407c3fb97362a56a5a5f46522f6f56253d00,0xdaa526086787d9debe1d7f3ffdb1fe50cf8687f4,0x3e5aa082,220181,54231515,54231613,54231515,54231612,1788521498,1788521508,251,261,4548701,73470206,1
190536,25903695,1788521771,2026-09-04T11:36:11Z,0x1e554770bc927ea5afb51560badaccf5170082f91aeca2b4f0f8fc5e859a3a22,0xdaa526086787d9debe1d7f3ffdb1fe50cf8687f4,0x3e5aa082,220181,54231613,54231697,54231613,54231696,1788521508,1788521516,255,263,4066031,73182950,1
190537,25903695,1788521771,2026-09-04T11:36:11Z,0xcf823d4fe0ea929ae3b99789ec7a4441b7707af8fa1a6c0824a5d44038243616,0xdaa526086787d9debe1d7f3ffdb1fe50cf8687f4,0x3e5aa082,220181,54231697,54231781,54231697,54231780,1788521516,1788521525,246,255,4066031,73182950,1
190538,25903696,1788521783,2026-09-04T11:36:23Z,0x091c18513874cca9615d81c7ba19693241c735ba392f2f2635ba7650c1bb7fbd,0xdaa526086787d9debe1d7f3ffdb1fe50cf8687f4,0x3e5aa082,220181,54231781,54231886,54231781,54231885,1788521525,1788521536,247,258,4220944,77115498,1
190539,25903697,1788521795,2026-09-04T11:36:35Z,0x859efde0311a3bd22f0bb876e6a7372081330837703c1d0e930cafaa25f1193d,0xdaa526086787d9debe1d7f3ffdb1fe50cf8687f4,0x3e5aa082,220181,54231886,54231993,54231886,54231992,1788521536,1788521547,248,259,4284549,76486419,1
190540,25903697,1788521795,2026-09-04T11:36:35Z,0xcce381ccc2a6d3d4a557d515f9717825542dce2a768282a02b9fae9a9444e93f,0xdaa526086787d9debe1d7f3ffdb1fe50cf8687f4,0x3e5aa082,220181,54231993,54232094,54231993,54232093,1788521547,1788521557,238,248,4284549,76486419,1
190541,25903699,1788521819,2026-09-04T11:36:59Z,0xf15339baa583e101a27417cd1aba7a321f969fd26c6e382b3bec60ad2b36986c,0xdaa526086787d9debe1d7f3ffdb1fe50cf8687f4,0x3e5aa082,220181,54232094,54232201,54232094,54232200,1788521557,1788521568,251,262,4497961,71177032,1
190542,25903699,1788521819,2026-09-04T11:36:59Z,0xa68024dbd3ee9b6a529d9b57b23405516fd34c221e446c55f3743a767daf05bf,0xdaa526086787d9debe1d7f3ffdb1fe50cf8687f4,0x3e5aa082,220181,54232201,54232314,54232201,54232313,1788521568,1788521579,240,251,4497961,71177032,1
190543,25903700,1788521831,2026-09-04T11:37:11Z,0xfcfb0097ad48088bb50e03532dafc9a39cfdaeef5b19b56ad27b5b18a2f9a3ed,0xdaa526086787d9debe1d7f3ffdb1fe50cf8687f4,0x3e5aa082,220181,54232314,54232421,54232314,54232420,1788521580,1788521590,241,251,4111898,72771293,1
190544,25903700,1788521831,2026-09-04T11:37:11Z,0xfe5feb5d46b3e2e46fec30416ee884926304fcab6a46129ccf58b9fe21a84800,0xdaa526086787d9debe1d7f3ffdb1fe50cf8687f4,0x3e5aa082,220181,54232421,54232543,54232421,54232542,1788521590,1788521603,228,241,4111898,72771293,1
190545,25903701,1788521843,2026-09-04T11:37:23Z,0x01e5a2af6ca4949a0fe6196cf76a771ae4dc01beccdc20599c749908b98ea2f1,0xdaa526086787d9debe1d7f3ffdb1fe50cf8687f4,0x3e5aa082,220181,54232543,54232658,54232543,54232657,1788521603,1788521614,229,240,4252627,78976481,1
190546,25903702,1788521855,2026-09-04T11:37:35Z,0x08903882dfb7996056aee18b50315cd5562abdfde2343792634b27705e6e71ad,0xdaa526086787d9debe1d7f3ffdb1fe50cf8687f4,0x3e5aa082,220181,54232658,54232776,54232658,54232775,1788521614,1788521626,229,241,4300599,78013081,1
190547,25903702,1788521855,2026-09-04T11:37:35Z,0x8bd89d34a67393d97b5122871645452f6d3575e4996709abe73349bcd4b14722,0xdaa526086787d9debe1d7f3ffdb1fe50cf8687f4,0x3e5aa082,220181,54232776,54232892,54232776,54232891,1788521626,1788521638,217,229,4300599,78013081,1
190548,25903704,1788521879,2026-09-04T11:37:59Z,0x2173885cb2e86021fc09d8917198da711a0225bbb2121a58bc7ba2227e7bb246,0xdaa526086787d9debe1d7f3ffdb1fe50cf8687f4,0x3e5aa082,220181,54232892,54233000,54232892,54232999,1788521638,1788521649,230,241,4565740,83552707,1
190549,25903705,1788521891,2026-09-04T11:38:11Z,0x603bfed707822f0a1efd1db534d82f44f6f10dc10a1c3cf964d5289e0e53ab9e,0xdaa526086787d9debe1d7f3ffdb1fe50cf8687f4,0x3e5aa082,220181,54233000,54233105,54233000,54233104,1788521649,1788521660,231,242,4634541,86593929,1
190550,25903706,1788521903,2026-09-04T11:38:23Z,0x41f09ad957e366849d76710fe7d557231e81724b38c3ec4c697a81875800d8a5,0xdaa526086787d9debe1d7f3ffdb1fe50cf8687f4,0x3e5aa082,220181,54233105,54233211,54233105,54233210,1788521660,1788521671,232,243,4686821,89857025,1
190551,25903706,1788521903,2026-09-04T11:38:23Z,0x65421f10b038685f5ea5a97b8fb21d5c21fb269e24a1856d2cef4a28c47ef6f5,0xdaa526086787d9debe1d7f3ffdb1fe50cf8687f4,0x3e5aa082,220181,54233211,54233316,54233211,54233315,1788521671,1788521681,222,232,4686821,89857025,1
190552,25903710,1788521951,2026-09-04T11:39:11Z,0x948afb6dd1e1caf0b0e29900de920b86bc9abe54d0d55a71014a7ef341940bf7,0xdaa526086787d9debe1d7f3ffdb1fe50cf8687f4,0x3e5aa082,220181,54233316,54233409,54233316,54233408,1788521682,1788521691,260,269,5204120,85319924,1
190553,25903710,1788521951,2026-09-04T11:39:11Z,0xcd6cd4a93b759f58949f6c1d9352f618876c18e1c2e9fe5139e812710ba0e0de,0xdaa526086787d9debe1d7f3ffdb1fe50cf8687f4,0x3e5aa082,220181,54233409,54233519,54233409,54233518,1788521691,1788521702,249,260,5204120,85319924,1
190554,25903710,1788521951,2026-09-04T11:39:11Z,0xc2676f810365f390072b97aaf597366af405849727a54d52f454715e2aa20426,0xdaa526086787d9debe1d7f3ffdb1fe50cf8687f4,0x917cf8ac,220219,54233519,54233680,54233519,54233679,1788521702,1788521715,236,249,5204120,85319924,1
190555,25903711,1788521963,2026-09-04T11:39:23Z,0xff6d20224552d9aeae974ef32f104a44720a05b2c7f0b3875b744a05c725f675,0xdaa526086787d9debe1d7f3ffdb1fe50cf8687f4,0x3e5aa082,220219,54233680,54233794,54233680,54233793,1788521715,1788521726,237,248,5483802,91855594,1
190556,25903713,1788521987,2026-09-04T11:39:47Z,0x6774ba86a76ec3c107d68fa9992834e2b5b561a9c37c0e9bafd814a6acfef5f9,0xdaa526086787d9debe1d7f3ffdb1fe50cf8687f4,0x3e5aa082,220219,54233794,54233907,54233794,54233906,1788521726,1788521738,249,261,5566437,88741236,1
190557,25903714,1788521999,2026-09-04T11:39:59Z,0xf6bbaaa31296bfef3750e1dc0f47e37160285950856c5e0a4f90158e4c58e74b,0xdaa526086787d9debe1d7f3ffdb1fe50cf8687f4,0x3e5aa082,220219,54233907,54234024,54233907,54234023,1788521738,1788521750,249,261,5692730,92324055,1
190558,25903715,1788522011,2026-09-04T11:40:11Z,0x5e21b2b746df303ad944c2472116350eba15b1e03efdecc2e6c35bb23a110954,0xdaa526086787d9debe1d7f3ffdb1fe50cf8687f4,0x3e5aa082,220219,54234024,54234163,54234024,54234162,1788521750,1788521764,247,261,5778514,87983246,1
190559,25903717,1788522035,2026-09-04T11:40:35Z,0x941bfdd5dd3b4667b76cf0c62e1af80b6e30dd6a67c89c05ce634a8983ab3c4e,0xdaa526086787d9debe1d7f3ffdb1fe50cf8687f4,0x3e5aa082,220219,54234163,54234299,54234163,54234298,1788521764,1788521778,257,271,5282540,94803144,1
190560,25903718,1788522047,2026-09-04T11:40:47Z,0x12c2816c8742b96a9b9d37a0f4271c36e2d9d8f4fc973896e9db4bb7977c16e4,0xdaa526086787d9debe1d7f3ffdb1fe50cf8687f4,0x3e5aa082,220219,54234299,54234426,54234299,54234425,1788521778,1788521791,256,269,5342130,95574289,1
190561,25903719,1788522059,2026-09-04T11:40:59Z,0x11d975738216752634555a43654ba3d167c5117a604d5cf650ff2d080c9b756a,0xdaa526086787d9debe1d7f3ffdb1fe50cf8687f4,0x3e5aa082,220219,54234426,54234536,54234426,54234535,1788521791,1788521802,257,268,5504344,97037091,1
190562,25903723,1788522107,2026-09-04T11:41:47Z,0x30178d91494ed085f33a36cc0a6f644428bc20e6c2ff0b0398e23760fa40be95,0xdaa526086787d9debe1d7f3ffdb1fe50cf8687f4,0x3e5aa082,220219,54234536,54234652,54234536,54234651,1788521802,1788521814,293,305,5031902,92785209,1
190563,25903723,1788522107,2026-09-04T11:41:47Z,0x20cb1a1b1264fd5ba1923691145f7b00bfbb9c862b977f38ad98aac9f756fcbf,0xdaa526086787d9debe1d7f3ffdb1fe50cf8687f4,0x3e5aa082,220219,54234652,54234784,54234652,54234783,1788521814,1788521827,280,293,5031902,92785209,1
190564,25903723,1788522107,2026-09-04T11:41:47Z,0xf43150babc1b47128c5bc7afad45f2dae08566445d7e964eb965a42ac0675644,0xdaa526086787d9debe1d7f3ffdb1fe50cf8687f4,0x3e5aa082,220219,54234784,54234891,54234784,54234890,1788521827,1788521838,269,280,5031902,92785209,1
190565,25903724,1788522119,2026-09-04T11:41:59Z,0xf3a4c106047ce44057d26c7002c2ba4cd7bf3585acdffd2541e108aed460897c,0xdaa526086787d9debe1d7f3ffdb1fe50cf8687f4,0x3e5aa082,220219,54234891,54235009,54234891,54235008,1788521838,1788521850,269,281,5204118,99142139,1
190566,25903725,1788522131,2026-09-04T11:42:11Z,0xe342a12c7c49e0e09f5c9f5e1ec0b4b3c2a9851a1f036f61e457d441b12dd018,0xdaa526086787d9debe1d7f3ffdb1fe50cf8687f4,0x3e5aa082,220219,54235009,54235114,54235009,54235113,1788521850,1788521861,270,281,5382229,97993380,1
190567,25903725,1788522131,2026-09-04T11:42:11Z,0x77bc0dafb3a0ede60bf3e11c7d5e51cc72de15e616b9e1a1e94291aed2a3a602,0xdaa526086787d9debe1d7f3ffdb1fe50cf8687f4,0x3e5aa082,220219,54235114,54235223,54235114,54235222,1788521861,1788521872,259,270,5382229,97993380,1
190568,25903726,1788522143,2026-09-04T11:42:23Z,0x458ecbdedd331888309eeea40bea7e84b5d2bf27df894b94642023924ab317c5,0xdaa526086787d9debe1d7f3ffdb1fe50cf8687f4,0x3e5aa082,220219,54235223,54235325,54235223,54235324,1788521872,1788521882,261,271,5504343,103745472,1
190569,25903727,1788522155,2026-09-04T11:42:35Z,0x3cd392e61d1f9cc036b5694c784b9a4fe1ae67fd6b0709c153edf424ffc03b51,0xdaa526086787d9debe1d7f3ffdb1fe50cf8687f4,0x3e5aa082,220219,54235325,54235418,54235325,54235417,1788521882,1788521892,263,273,5650316,100578850,1
190570,25903727,1788522155,2026-09-04T11:42:35Z,0x80264317036af48af15e0919bfb040d03cb21f5609069ce000b59606def3871b,0xdaa526086787d9debe1d7f3ffdb1fe50cf8687f4,0x3e5aa082,220219,54235418,54235525,54235418,54235524,1788521892,1788521903,252,263,5650316,100578850,1
190571,25903728,1788522167,2026-09-04T11:42:47Z,0x37b90a016951a11f35a80e01a3c490d20bf483d6e1421eeda9efa2cd446fe494,0xdaa526086787d9debe1d7f3ffdb1fe50cf8687f4,0x3e5aa082,220219,54235525,54235624,54235525,54235623,1788521903,1788521913,254,264,5800159,99499474,1
190572,25903729,1788522179,2026-09-04T11:42:59Z,0x43ae136fac84b15e3fd191286256881f58746f6e7624103dc63b1f470dff52bd,0xdaa526086787d9debe1d7f3ffdb1fe50cf8687f4,0x3e5aa082,220219,54235624,54235715,54235624,54235714,1788521913,1788521922,257,266,5887562,98358302,1
190573,25903732,1788522215,2026-09-04T11:43:35Z,0x3363358a0fb37aa3edd66c823ca5f3624ccd2f7872d991b26c02c41791602e80,0xdaa526086787d9debe1d7f3ffdb1fe50cf8687f4,0x3e5aa082,220219,54235715,54235822,54235715,54235821,1788521922,1788521933,282,293,5953976,87709529,1
190574,25903732,1788522215,2026-09-04T11:43:35Z,0x7e0d0a589be7e431c8c1a2465127cf849a4932ce5e27e5f98777a0196f95fa2d,0xdaa526086787d9debe1d7f3ffdb1fe50cf8687f4,0x3e5aa082,220219,54235822,54235934,54235822,54235933,1788521933,1788521944,271,282,5953976,87709529,1
190575,25903732,1788522215,2026-09-04T11:43:35Z,0x341c29b2c435837f24bc9c6eea42a9c9465d05ae74e95234c34958cb8f6c0b37,0xdaa526086787d9debe1d7f3ffdb1fe50cf8687f4,0x3e5aa082,220219,54235934,54236036,54235934,54236035,1788521944,1788521956,259,271,5953976,87709529,1
190576,25903733,1788522227,2026-09-04T11:43:47Z,0xda302be3bb306fe49dcba534ed07ffd5b724a392f0cda8c76d0b6a2acb3baf98,0xdaa526086787d9debe1d7f3ffdb1fe50cf8687f4,0x3e5aa082,220219,54236036,54236147,54236036,54236146,1788521956,1788521967,260,271,5821887,92755304,1
190577,25903733,1788522227,2026-09-04T11:43:47Z,0x8f9e42abe47df5cc161cdef114e15778695f26950eb7f94d7285685cc253a3b9,0xdaa526086787d9debe1d7f3ffdb1fe50cf8687f4,0x3e5aa082,220219,54236147,54236251,54236147,54236250,1788521967,1788521978,249,260,5821887,92755304,1
190578,25903734,1788522239,2026-09-04T11:43:59Z,0xb256124cca65053cf1528ef5ced53dc4609f59222f8e58203edd88557c823a67,0xdaa526086787d9debe1d7f3ffdb1fe50cf8687f4,0x3e5aa082,220219,54236251,54236344,54236251,54236343,1788521978,1788521987,252,261,5322190,92490888,1
190579,25903736,1788522263,2026-09-04T11:44:23Z,0xbcd74ee333d8623f128aeefe278746c472773764c1fc23c6155e642f8a7d56ba,0xdaa526086787d9debe1d7f3ffdb1fe50cf8687f4,0x3e5aa082,220219,54236344,54236462,54236344,54236461,1788521988,1788521999,264,275,5204117,93281056,1
190580,25903736,1788522263,2026-09-04T11:44:23Z,0x870ed4905dce53268ced9d04187076ab79f0e600494ffc5c3df7285d86927853,0xdaa526086787d9debe1d7f3ffdb1fe50cf8687f4,0x3e5aa082,220219,54236462,54236567,54236462,54236566,1788522000,1788522010,253,263,5204117,93281056,1
190581,25903736,1788522263,2026-09-04T11:44:23Z,0x9a9be6b570c996b5c68f21e2464fbd35b3c7160e08ade6456ec1097002729e60,0xdaa526086787d9debe1d7f3ffdb1fe50cf8687f4,0x3e5aa082,220219,54236567,54236681,54236567,54236680,1788522010,1788522022,241,253,5204117,93281056,1
190582,25903737,1788522275,2026-09-04T11:44:35Z,0x96e31045e3144b30609b1de4df86f1e7ed305fb37e93c2e4d922c58642d52217,0xdaa526086787d9debe1d7f3ffdb1fe50cf8687f4,0x3e5aa082,220219,54236681,54236797,54236681,54236796,1788522022,1788522034,241,253,5382228,84466910,1
190583,25903738,1788522287,2026-09-04T11:44:47Z,0xcdef163c27e76c99c83aaf6932623bda5d58e81093867e090930807d51af4bb7,0xdaa526086787d9debe1d7f3ffdb1fe50cf8687f4,0x3e5aa082,220219,54236797,54236929,54236797,54236928,1788522034,1788522047,240,253,5262823,90871601,1
190584,25903739,1788522299,2026-09-04T11:44:59Z,0x540435a7b23641974a0f8857b639c1b4fc69f2ec54e60849256371e78d0ed9bd,0xdaa526086787d9debe1d7f3ffdb1fe50cf8687f4,0x3e5aa082,220219,54236929,54237049,54236929,54237048,1788522047,1788522059,240,252,5362140,94727250,1
190585,25903741,1788522323,2026-09-04T11:45:23Z,0xde6eb23d52823776b1617cf248606fa1cbc6107296f5647d41e5e8939a43fc8a,0xdaa526086787d9debe1d7f3ffdb1fe50cf8687f4,0x3e5aa082,220219,54237049,54237159,54237049,54237158,1788522059,1788522070,253,264,5442942,94692441,1
190586,25903741,1788522323,2026-09-04T11:45:23Z,0x44a050244c95db0d7ddd49605e0bb080617a238c712ec4354de4c113d6e726ff,0xdaa526086787d9debe1d7f3ffdb1fe50cf8687f4,0x3e5aa082,220219,54237159,54237266,54237159,54237265,1788522071,1788522081,242,252,5442942,94692441,1
190587,25903742,1788522335,2026-09-04T11:45:35Z,0x4747c821d136f13c3532b7263f6496b47f2cf3b0dc77fdd2c8f20770b1d16161,0xdaa526086787d9debe1d7f3ffdb1fe50cf8687f4,0x917cf8ac,220259,54237266,54237414,54237266,54237413,1788522081,1788522092,243,254,5692727,95690360,1
190588,25903743,1788522347,2026-09-04T11:45:47Z,0xf19bd50211c8685d01bee0db73a0e609751f440c47fb68ac81fc1ab2dc27b305,0xdaa526086787d9debe1d7f3ffdb1fe50cf8687f4,0x3e5aa082,220259,54237414,54237527,54237414,54237526,1788522092,1788522104,243,255,5756945,95752073,1
190589,25903744,1788522359,2026-09-04T11:45:59Z,0x669e226e0e940ded03ff66af2d0b6d67fdcc1cd36aef315f553dc090b552daae,0xdaa526086787d9debe1d7f3ffdb1fe50cf8687f4,0x3e5aa082,220259,54237527,54237638,54237527,54237637,1788522104,1788522115,244,255,5887561,93816566,1
190590,25903746,1788522383,2026-09-04T11:46:23Z,0x475d0973e40fe1f952db76561e7784d01013cd09e0345775fb271c8313b7b740,0xdaa526086787d9debe1d7f3ffdb1fe50cf8687f4,0x3e5aa082,220259,54237638,54237732,54237638,54237731,1788522115,1788522125,258,268,5282537,96179864,1
190591,25903747,1788522395,2026-09-04T11:46:35Z,0x92df9372cfad202552ab955093ba5a3d1791efacbfd323023a7d13eda1503b7d,0xdaa526086787d9debe1d7f3ffdb1fe50cf8687f4,0x3e5aa082,220259,54237732,54237851,54237732,54237850,1788522125,1788522137,258,270,5483798,99795480,1
190592,25903750,1788522431,2026-09-04T11:47:11Z,0x07b9412f7a1d72796b9af4726bba718c21851f0381a9b72fe52de8df6e71f93f,0xdaa526086787d9debe1d7f3ffdb1fe50cf8687f4,0x3e5aa082,220259,54237851,54237973,54237851,54237972,1788522137,1788522149,282,294,5608216,95012237,1
190593,25903750,1788522431,2026-09-04T11:47:11Z,0xc5656b9a66420b0603e4126d9c954c82208b9c807d95805307c3d234e8c2cf66,0xdaa526086787d9debe1d7f3ffdb1fe50cf8687f4,0x3e5aa082,220259,54237973,54238099,54237973,54238098,1788522150,1788522162,269,281,5608216,95012237,1
190594,25903751,1788522443,2026-09-04T11:47:23Z,0x2d779c5dca1797f7d47b97bf0d613dd2e443b6b8c4275011b014366c22ccdab4,0xdaa526086787d9debe1d7f3ffdb1fe50cf8687f4,0x3e5aa082,220259,54238099,54238222,54238099,54238221,1788522162,1788522175,268,281,5843695,96801436,1
190595,25903752,1788522455,2026-09-04T11:47:35Z,0x7125af4f11285785b3dd48d84cb3ad7c6eca4a3b82abac25df7578782762a894,0xdaa526086787d9debe1d7f3ffdb1fe50cf8687f4,0x3e5aa082,220259,54238222,54238348,54238222,54238347,1788522175,1788522188,267,280,6043695,99407335,1
190596,25903753,1788522467,2026-09-04T11:47:47Z,0xf745c2d2dacc2f08ec996286704b9ac72741215ccaa6a4a017acb1ff49f79280,0xdaa526086787d9debe1d7f3ffdb1fe50cf8687f4,0x3e5aa082,220259,54238348,54238465,54238348,54238464,1788522188,1788522200,267,279,6134767,99076308,1
190597,25903754,1788522479,2026-09-04T11:47:59Z,0xf337b9d584bbb8d61ffdaa465b0b460428ab9995114a1d05d9df308a5c3cd608,0xdaa526086787d9debe1d7f3ffdb1fe50cf8687f4,0x3e5aa082,220259,54238465,54238566,54238465,54238565,1788522200,1788522210,269,279,5735457,97977059,1
190598,25903754,1788522479,2026-09-04T11:47:59Z,0x745a82022ba00f30aa9a3ee5a3ee47863ad498d7a111dcc4cf29cbef217e9a3f,0xdaa526086787d9debe1d7f3ffdb1fe50cf8687f4,0x3e5aa082,220259,54238566,54238686,54238566,54238685,1788522210,1788522222,257,269,5735457,97977059,1
190599,25903755,1788522491,2026-09-04T11:48:11Z,0x2be0fa0e73f830e94ee65d261eb16a5a7228b1b304cdea6807abe282ab638765,0xdaa526086787d9debe1d7f3ffdb1fe50cf8687f4,0x3e5aa082,220259,54238686,54238819,54238686,54238818,1788522222,1788522235,256,269,5865586,97060127,1
190600,25903757,1788522515,2026-09-04T11:48:35Z,0xe451b54180a382c1d5454fddab65e7dd9d2dcd6ec59be7b60e8f07bdc2d7fe3c,0xdaa526086787d9debe1d7f3ffdb1fe50cf8687f4,0x3e5aa082,220259,54238819,54238934,54238819,54238933,1788522236,1788522247,268,279,6134766,94987466,1
190601,25903758,1788522527,2026-09-04T11:48:47Z,0x6c347b5eb34d6f29b2bce9ace57a96060cc097d4024eaf1a7626417331434676,0xdaa526086787d9debe1d7f3ffdb1fe50cf8687f4,0x3e5aa082,220259,54238934,54239047,54238934,54239046,1788522247,1788522259,268,280,6066334,93338786,1
190602,25903759,1788522539,2026-09-04T11:48:59Z,0xd720258f6539ef4a58c64bf119f5b92e4610a6770bcdce9895b0924f4ccc9528,0xdaa526086787d9debe1d7f3ffdb1fe50cf8687f4,0x3e5aa082,220259,54239047,54239167,54239047,54239166,1788522259,1788522271,268,280,5362138,96823014,1
190603,25903761,1788522563,2026-09-04T11:49:23Z,0x8cb7890d31f326db674da6045c9bf00881393d42e13986cae8e52894e4af8cdc,0xdaa526086787d9debe1d7f3ffdb1fe50cf8687f4,0x3e5aa082,220259,54239167,54239272,54239167,54239271,1788522271,1788522281,282,292,5587284,90751612,1
190604,25903761,1788522563,2026-09-04T11:49:23Z,0x2b6a477898a0e3175843e40be29d76f172f636e10d21abcf8f3920daf6297543,0xdaa526086787d9debe1d7f3ffdb1fe50cf8687f4,0x3e5aa082,220259,54239272,54239387,54239272,54239386,1788522282,1788522293,270,281,5587284,90751612,1
190605,25903761,1788522563,2026-09-04T11:49:23Z,0x16367b6e8c64ae5c2704f34b4152e796153ba9fe2d12d811d51c5dd119379d69,0xdaa526086787d9debe1d7f3ffdb1fe50cf8687f4,0x3e5aa082,220259,54239387,54239497,54239387,54239496,1788522293,1788522304,259,270,5587284,90751612,1
190606,25903762,1788522575,2026-09-04T11:49:35Z,0xc137815e483634fac809635c4326e4468b046c946a0ec9ae536206a84eb6f3da,0xdaa526086787d9debe1d7f3ffdb1fe50cf8687f4,0x3e5aa082,220259,54239497,54239609,54239497,54239608,1788522304,1788522316,259,271,5778508,85761204,1
190607,25903763,1788522587,2026-09-04T11:49:47Z,0x6310ad4bfd0b1365d8b26a6cbd8538e4e3ea0acadd575daf90055c517859e404,0xdaa526086787d9debe1d7f3ffdb1fe50cf8687f4,0x3e5aa082,220259,54239609,54239737,54239609,54239736,1788522316,1788522329,258,271,5650311,93177596,1
190608,25903765,1788522611,2026-09-04T11:50:11Z,0x17afbca8fc7a031603fc2b4502aa8b53e0f877cc78232e1fd2a933e5a854e789,0xdaa526086787d9debe1d7f3ffdb1fe50cf8687f4,0x3e5aa082,220259,54239737,54239878,54239737,54239877,1788522329,1788522343,268,282,5714050,89059489,1
190609,25903766,1788522623,2026-09-04T11:50:23Z,0x8c40ffa4dc1d85717dbf02ac664f3448149c481f6f79fe80f09e55eb3fb379fc,0xdaa526086787d9debe1d7f3ffdb1fe50cf8687f4,0x3e5aa082,220259,54239878,54240006,54239878,54240005,1788522343,1788522356,267,280,5165341,93843673,1
190610,25903767,1788522635,2026-09-04T11:50:35Z,0xa0dd724ac256caddf5eb3b457002377fc4c10c14d687fb7187f386d0a7a64581,0xdaa526086787d9debe1d7f3ffdb1fe50cf8687f4,0x3e5aa082,220259,54240006,54240136,54240006,54240135,1788522356,1788522369,266,279,5262819,94810618,1
190611,25903768,1788522647,2026-09-04T11:50:47Z,0x45e91b17fefa9c5207b4d857500e47619fdea33e2a618916ea163e46b3c83012,0xdaa526086787d9debe1d7f3ffdb1fe50cf8687f4,0x3e5aa082,220259,54240136,54240257,54240136,54240256,1788522369,1788522382,265,278,5342124,94321451,1
190612,25903769,1788522659,2026-09-04T11:50:59Z,0x4eaa10bd60bca541abbc8f55c776c9ad10a3bbd77eecaeb82bc495d872fef333,0xdaa526086787d9debe1d7f3ffdb1fe50cf8687f4,0x3e5aa082,220259,54240257,54240392,54240257,54240391,1788522382,1788522395,264,277,5545655,92451239,1
190613,25903771,1788522683,2026-09-04T11:51:23Z,0xd23bf432cfb0fa1f04200f59431289149aeba883446722beb6637cbc3bfe9fa7,0xdaa526086787d9debe1d7f3ffdb1fe50cf8687f4,0x3e5aa082,220259,54240392,54240542,54240392,54240541,1788522395,1788522410,273,288,4847221,88062132,1
190614,25903772,1788522695,2026-09-04T11:51:35Z,0x243081acded32f37763c48477b60ed1f6726f6b06b461a170f945737fc9c6837,0xdaa526086787d9debe1d7f3ffdb1fe50cf8687f4,0x3e5aa082,220259,54240542,54240667,54240542,54240666,1788522411,1788522423,272,284,5107722,86053391,1
190615,25903773,1788522707,2026-09-04T11:51:47Z,0x357c5ca417c0c86458e0811512f041b3d607d34f52f0b18f1ff9760b75feb43e,0xdaa526086787d9debe1d7f3ffdb1fe50cf8687f4,0x3e5aa082,220259,54240667,54240774,54240667,54240773,1788522423,1788522434,273,284,5184690,83844113,1
190616,25903774,1788522719,2026-09-04T11:51:59Z,0xb7c44c49b8e5e9a3164b6728c1b4a8d6b3fd5ff4d52d45f6bb0b636156131239,0xdaa526086787d9debe1d7f3ffdb1fe50cf8687f4,0x3e5aa082,220259,54240774,54240888,54240774,54240887,1788522434,1788522446,273,285,4582838,80774005,1
190617,25903775,1788522731,2026-09-04T11:52:11Z,0x77467c4df8daf4bd18024d3b57a6d52483a173912f72d9182e75b736d2a1b86a,0xdaa526086787d9debe1d7f3ffdb1fe50cf8687f4,0x3e5aa082,220259,54240888,54241012,54240888,54241011,1788522446,1788522458,273,285,4757440,81327762,1
190618,25903776,1788522743,2026-09-04T11:52:23Z,0xefe84b17d20ccdb827d8bc82d72802159188c214b0d1d34404c2efb1906acd04,0xdaa526086787d9debe1d7f3ffdb1fe50cf8687f4,0x3e5aa082,220259,54241012,54241135,54241012,54241134,1788522458,1788522471,272,285,4920263,82456266,1
190619,25903778,1788522767,2026-09-04T11:52:47Z,0x6691e6ccf28a35a6f289648f67ebb0a82c0e0490461ff9e865eb63585d7bc613,0xdaa526086787d9debe1d7f3ffdb1fe50cf8687f4,0x917cf8ac,220299,54241135,54241293,54241135,54241292,1788522471,1788522483,284,296,5031896,78683007,1
190620,25903778,1788522767,2026-09-04T11:52:47Z,0x821a9ccb80481b40827dc89a73cd904157d84b01dfbf8c0746252df4fb018a0f,0xdaa526086787d9debe1d7f3ffdb1fe50cf8687f4,0x3e5aa082,220299,54241293,54241415,54241293,54241414,1788522484,1788522496,271,283,5031896,78683007,1
190621,25903780,1788522791,2026-09-04T11:53:11Z,0x75d4d46069483b8574a6a59c4f363c0d17f6aeba129c2b8d2ace6c2d6759b2b0,0xdaa526086787d9debe1d7f3ffdb1fe50cf8687f4,0x3e5aa082,220299,54241415,54241524,54241415,54241523,1788522496,1788522507,284,295,4757440,78575552,1
190622,25903781,1788522803,2026-09-04T11:53:23Z,0x8284adf625b633eda2048d5d8acb45e2455f861caa81a1cd0e62cf1c11ace489,0xdaa526086787d9debe1d7f3ffdb1fe50cf8687f4,0x3e5aa082,220299,54241524,54241637,54241524,54241636,1788522507,1788522518,285,296,4994406,78616747,1
190623,25903782,1788522815,2026-09-04T11:53:35Z,0x5a4d619a07d7145b652fda1e5440cd0c6ca0a4e9605c906bcc7119416825e1a0,0xdaa526086787d9debe1d7f3ffdb1fe50cf8687f4,0x3e5aa082,220299,54241637,54241738,54241637,54241737,1788522518,1788522529,286,297,4464442,81249221,1
190624,25903783,1788522827,2026-09-04T11:53:47Z,0x4c9aea85975a6ac8388932d569ec4b0ae3593afafb542f13c65a464ffc18f949,0xdaa526086787d9debe1d7f3ffdb1fe50cf8687f4,0x3e5aa082,220299,54241738,54241857,54241738,54241856,1788522529,1788522541,286,298,4548693,80237303,1
190625,25903783,1788522827,2026-09-04T11:53:47Z,0x91486297b0423356cd24759e9ff77f541b3590d717ec60f06f68085b70a5b976,0xdaa526086787d9debe1d7f3ffdb1fe50cf8687f4,0x3e5aa082,220299,54241857,54241967,54241857,54241966,1788522541,1788522552,275,286,4548693,80237303,1
190626,25903784,1788522839,2026-09-04T11:53:59Z,0x3f75691d04108761642c1f6fe4837bdde8e8782a9d8214d7f449c19bcc117da9,0xdaa526086787d9debe1d7f3ffdb1fe50cf8687f4,0x3e5aa082,220299,54241967,54242080,54241967,54242079,1788522552,1788522563,276,287,4757440,76017655,1
190627,25903786,1788522863,2026-09-04T11:54:23Z,0xf7fb146a3b774feaba02fc9435bc465b6ccbaec5bcec282cb579f0e5c5927fd0,0xdaa526086787d9debe1d7f3ffdb1fe50cf8687f4,0x3e5aa082,220299,54242080,54242183,54242080,54242182,1788522563,1788522575,288,300,4381751,76463076,1
190628,25903786,1788522863,2026-09-04T11:54:23Z,0x43574fde0d011a533532292ec4b73a769eb921e4339482f5b5fe2d4ccbbe6e38,0xdaa526086787d9debe1d7f3ffdb1fe50cf8687f4,0x3e5aa082,220299,54242183,54242294,54242183,54242293,1788522575,1788522587,276,288,4381751,76463076,1
190629,25903787,1788522875,2026-09-04T11:54:35Z,0x6b053a02f6579c1f2ef88cf0e90bcc5d29db5d8da1359f0a97ba03e0995f63ea,0xdaa526086787d9debe1d7f3ffdb1fe50cf8687f4,0x3e5aa082,220299,54242294,54242403,54242294,54242402,1788522587,1788522598,277,288,4531716,78942942,1
190630,25903788,1788522887,2026-09-04T11:54:47Z,0xb6bcd0eacf04fdf5d0145cf262397a7a93e9d784651088ee584bcc497873474c,0xdaa526086787d9debe1d7f3ffdb1fe50cf8687f4,0x3e5aa082,220299,54242403,54242499,54242403,54242498,1788522598,1788522608,279,289,4582837,78621682,1
190631,25903788,1788522887,2026-09-04T11:54:47Z,0x9b410d734e5079acd876be141b55946c12091216f63c2315fc4f1d3605b8275e,0xdaa526086787d9debe1d7f3ffdb1fe50cf8687f4,0x3e5aa082,220299,54242499,54242606,54242499,54242605,1788522608,1788522618,269,279,4582837,78621682,1
190632,25903789,1788522899,2026-09-04T11:54:59Z,0x1b4a66af2a2f49c9aec807e21b04977b69681acf4c49674e353b3d67d21504ed,0xdaa526086787d9debe1d7f3ffdb1fe50cf8687f4,0x3e5aa082,220299,54242606,54242711,54242606,54242710,1788522618,1788522629,270,281,4686814,76402886,1
190633,25903790,1788522911,2026-09-04T11:55:11Z,0x23e41a3f7626125722c88683853443ded838182a35d60ab7fcb3352a4c4744b2,0xdaa526086787d9debe1d7f3ffdb1fe50cf8687f4,0x3e5aa082,220299,54242711,54242819,54242711,54242818,1788522629,1788522640,271,282,4847220,74179628,1
190634,25903790,1788522911,2026-09-04T11:55:11Z,0x2509f472f4dbc72c872846ab87fb4f56a1114b81221584e857811473184d8c12,0xdaa526086787d9debe1d7f3ffdb1fe50cf8687f4,0x3e5aa082,220299,54242819,54242935,54242819,54242934,1788522640,1788522652,259,271,4847220,74179628,1
190635,25903791,1788522923,2026-09-04T11:55:23Z,0x59c8334ee0c126735e46c819e306e736e5c45e849967f3792484234390ada1bc,0xdaa526086787d9debe1d7f3ffdb1fe50cf8687f4,0x3e5aa082,220299,54242935,54243043,54242935,54243042,1788522652,1788522663,260,271,4634534,72694865,1
190636,25903792,1788522935,2026-09-04T11:55:35Z,0x26b1c6291eb28971081e69b7acb499bb1cffaae19f05d192d151b3d60e11cbc2,0xdaa526086787d9debe1d7f3ffdb1fe50cf8687f4,0x3e5aa082,220299,54243043,54243159,54243043,54243158,1788522663,1788522675,260,272,4142756,73821620,1
190637,25903792,1788522935,2026-09-04T11:55:35Z,0x17dbd42349f41b19473b0e87f59ac173698c067f5649de9bc1547ab545a69e10,0xdaa526086787d9debe1d7f3ffdb1fe50cf8687f4,0x3e5aa082,220299,54243159,54243261,54243159,54243260,1788522675,1788522685,250,260,4142756,73821620,1
190638,25903793,1788522947,2026-09-04T11:55:47Z,0xf65052723e62eafbc3b79a227764a768fb92de9763f43c9558260ec2fdf1c361,0xdaa526086787d9debe1d7f3ffdb1fe50cf8687f4,0x3e5aa082,220299,54243261,54243355,54243261,54243354,1788522685,1788522695,252,262,4252620,76638070,1
190639,25903794,1788522959,2026-09-04T11:55:59Z,0xfb995c9683fdc223cc5ea9483537257fa5292a1d7961b93d9206755db21bd5e0,0xdaa526086787d9debe1d7f3ffdb1fe50cf8687f4,0x3e5aa082,220299,54243355,54243467,54243355,54243466,1788522695,1788522706,253,264,4365397,75365362,1
190640,25903794,1788522959,2026-09-04T11:55:59Z,0x6eebab7fbb406c633fc3f8d8759099adf179201c7e4e6fca0a33e296c87adc09,0xdaa526086787d9debe1d7f3ffdb1fe50cf8687f4,0x3e5aa082,220299,54243467,54243600,54243467,54243599,1788522706,1788522719,240,253,4365397,75365362,1
190641,25903796,1788522983,2026-09-04T11:56:23Z,0x235e100295c53e902b7ae1d494a6db0af3de8bd34186be9b899d076d37968474,0xdaa526086787d9debe1d7f3ffdb1fe50cf8687f4,0x3e5aa082,220299,54243600,54243717,54243600,54243716,1788522719,1788522731,252,264,3975818,76818643,1
190642,25903796,1788522983,2026-09-04T11:56:23Z,0x30f45493e8e7ce3bc021b2d44c91b536e6607b290d98f2727824c78dd0d8a0bc,0xdaa526086787d9debe1d7f3ffdb1fe50cf8687f4,0x3e5aa082,220299,54243717,54243838,54243717,54243837,1788522731,1788522744,239,252,3975818,76818643,1
190643,25903797,1788522995,2026-09-04T11:56:35Z,0x7d3d742781e6fa840c33785e90dfbda9db627586f11a454c07155fcfff8735c9,0xdaa526086787d9debe1d7f3ffdb1fe50cf8687f4,0x3e5aa082,220299,54243838,54243965,54243838,54243964,1788522744,1788522756,239,251,4066023,81513414,1
190644,25903799,1788523019,2026-09-04T11:56:59Z,0xb7b3a753f85b5e736035261d78029545c76589cabd2011dc89fbd35e6e6aaa43,0xdaa526086787d9debe1d7f3ffdb1fe50cf8687f4,0x3e5aa082,220299,54243965,54244088,54243965,54244087,1788522757,1788522769,250,262,4142755,85402401,1
190645,25903801,1788523043,2026-09-04T11:57:23Z,0x6ec1bfb897e11cad2f0ecf99e9cdb29792c6e69b156574d212b13e86c3696550,0xdaa526086787d9debe1d7f3ffdb1fe50cf8687f4,0x3e5aa082,220299,54244088,54244203,54244088,54244202,1788522769,1788522781,262,274,4316701,89249733,1
190646,25903801,1788523043,2026-09-04T11:57:23Z,0x6e4382323faa06c6aadac0afb36d0c91ccb422f1878dd50e58050947f5ad1216,0xdaa526086787d9debe1d7f3ffdb1fe50cf8687f4,0x3e5aa082,220299,54244203,54244326,54244203,54244325,1788522781,1788522793,250,262,4316701,89249733,1
190647,25903805,1788523091,2026-09-04T11:58:11Z,0xbbc7ed90de8ea6b93191ee458d9f0ccb1f9bdf2268972b6588eb9fa40a6f474b,0xdaa526086787d9debe1d7f3ffdb1fe50cf8687f4,0x3e5aa082,220299,54244326,54244455,54244326,54244454,1788522793,1788522806,285,298,4634532,86793721,1
190648,25903805,1788523091,2026-09-04T11:58:11Z,0xdf675b91b7f6737d76f022d5f637058fc388e5e2715cd9457096600c7bf33a3f,0xdaa526086787d9debe1d7f3ffdb1fe50cf8687f4,0x3e5aa082,220299,54244455,54244587,54244455,54244586,1788522806,1788522820,271,285,4634532,86793721,1
190649,25903805,1788523091,2026-09-04T11:58:11Z,0x7f2503c2eb7d8a595b82c311f039fa3d9500defc650944c48d47bec06477c30b,0xdaa526086787d9debe1d7f3ffdb1fe50cf8687f4,0x3e5aa082,220299,54244587,54244705,54244587,54244704,1788522820,1788522832,259,271,4634532,86793721,1
190650,25903806,1788523103,2026-09-04T11:58:23Z,0x99befba89e50d4ac35cede15fe11fb0b171bc71957eedf2682ad42e73dcdfbd1,0xdaa526086787d9debe1d7f3ffdb1fe50cf8687f4,0x3e5aa082,220299,54244705,54244818,54244705,54244817,1788522832,1788522843,260,271,4793148,89699932,1
190651,25903807,1788523115,2026-09-04T11:58:35Z,0x451a06cd553a33adb4c9baabf171d636828feabdbf4840303078a4750b7a4df6,0xdaa526086787d9debe1d7f3ffdb1fe50cf8687f4,0x917cf8ac,220336,54244818,54244980,54244818,54244979,1788522843,1788522856,259,272,4865376,94919947,1
190652,25903808,1788523127,2026-09-04T11:58:47Z,0x1751eeb0bacde6d98a14a5c4f9e44dc0236f59a05c6aa24341b4ae4171d78625,0xdaa526086787d9debe1d7f3ffdb1fe50cf8687f4,0x3e5aa082,220336,54244980,54245114,54244980,54245113,1788522856,1788522870,257,271,5013113,94815150,1
190653,25903809,1788523139,2026-09-04T11:58:59Z,0x601f33bf0066341e8f528394066cfe3e265cf23196796b40d686b8470a92d688,0xdaa526086787d9debe1d7f3ffdb1fe50cf8687f4,0x3e5aa082,220336,54245114,54245255,54245114,54245254,1788522870,1788522884,255,269,5165337,92490223,1
190654,25903810,1788523151,2026-09-04T11:59:11Z,0x4cf5707107981f97735b53639b1842c0d1b7ab9af399c9cf82df12edcf15386d,0xdaa526086787d9debe1d7f3ffdb1fe50cf8687f4,0x3e5aa082,220336,54245255,54245391,54245255,54245390,1788522884,1788522898,253,267,5402382,91211592,1
190655,25903812,1788523175,2026-09-04T11:59:35Z,0xceb904f55e12e49d620624e5dbf9ee59737a7c9a2d63517af432289f2c5b0644,0xdaa526086787d9debe1d7f3ffdb1fe50cf8687f4,0x3e5aa082,220336,54245391,54245533,54245391,54245532,1788522898,1788522913,262,277,5608209,87879689,1
190656,25903813,1788523187,2026-09-04T11:59:47Z,0x342b78f48801dbc08d8cdb1b3c441439c7dac5e405d6379fe40e9e49e1fd2d6d,0xdaa526086787d9debe1d7f3ffdb1fe50cf8687f4,0x3e5aa082,220336,54245533,54245658,54245533,54245657,1788522913,1788522925,262,274,5302319,83210978,1
190657,25903814,1788523199,2026-09-04T11:59:59Z,0x71588c942ac9f8ff92c83ffca89b1c1797b52ae92814fc6e26bd59e23e903817,0xdaa526086787d9debe1d7f3ffdb1fe50cf8687f4,0x3e5aa082,220336,54245658,54245789,54245658,54245788,1788522925,1788522939,260,274,4739681,81676828,1
190658,25903815,1788523211,2026-09-04T12:00:11Z,0xf3db184ba0a20f0460b2c4e2ee7a0a47ae33e70a6b249a086bd14245bb744f7f,0xdaa526086787d9debe1d7f3ffdb1fe50cf8687f4,0x3e5aa082,220336,54245789,54245935,54245789,54245934,1788522939,1788522953,258,272,4938692,80281218,1
190659,25903816,1788523223,2026-09-04T12:00:23Z,0xc400ca5d81701e7e4686d76bdad7f4886bfd1acd96e8911225b2a9ce145a96ac,0xdaa526086787d9debe1d7f3ffdb1fe50cf8687f4,0x3e5aa082,220336,54245935,54246063,54245935,54246062,1788522953,1788522966,257,270,5013112,89413766,1
190660,25903818,1788523247,2026-09-04T12:00:47Z,0x975e6176c424e8e7f44ddb532f2f946dffbc5fdef51ec32694300bba77b1c90d,0xdaa526086787d9debe1d7f3ffdb1fe50cf8687f4,0x3e5aa082,220336,54246063,54246182,54246063,54246181,1788522966,1788522978,269,281,5107717,92810774,1
190661,25903820,1788523271,2026-09-04T12:01:11Z,0x9a2344d6e5c1cf4aec27c0bd82d03a89f6f493be9d8ee5dfd62903a204ffddf8,0xdaa526086787d9debe1d7f3ffdb1fe50cf8687f4,0x3e5aa082,220336,54246182,54246291,54246182,54246290,1788522978,1788522989,282,293,5322181,96795148,1
190662,25903820,1788523271,2026-09-04T12:01:11Z,0x345be9220e814c1198203654a695cb0577a149f1b5650ea7fed8eceb8933c76b,0xdaa526086787d9debe1d7f3ffdb1fe50cf8687f4,0x3e5aa082,220336,54246291,54246396,54246291,54246395,1788522989,1788523000,271,282,5322181,96795148,1
190663,25903821,1788523283,2026-09-04T12:01:23Z,0xb7d29ba7a19b186b28cb5d5a0194b8cb63224d57d792035969f6a65a57cdd14e,0xdaa526086787d9debe1d7f3ffdb1fe50cf8687f4,0x3e5aa082,220336,54246396,54246505,54246396,54246504,1788523000,1788523011,272,283,5504332,102644768,1
190664,25903822,1788523295,2026-09-04T12:01:35Z,0x1bfac7cf36cce8594687874d458066ba01d4e752076ea645ab329036201580c0,0xdaa526086787d9debe1d7f3ffdb1fe50cf8687f4,0x3e5aa082,220336,54246505,54246643,54246505,54246642,1788523011,1788523025,270,284,5566424,102886453,1
190665,25903824,1788523319,2026-09-04T12:01:59Z,0x8ceab5b7015c46a1acecb1acc9e5d412f1dc80bcece4cc023d335459be4b76b3,0xdaa526086787d9debe1d7f3ffdb1fe50cf8687f4,0x3e5aa082,220336,54246643,54246765,54246643,54246764,1788523025,1788523037,282,294,5931744,100633285,1
190666,25903825,1788523331,2026-09-04T12:02:11Z,0x1b359ef59240dc3ed3392b8d137e59b65e27a9ff5ff3849f9e7b3c76055ac830,0xdaa526086787d9debe1d7f3ffdb1fe50cf8687f4,0x3e5aa082,220336,54246765,54246877,54246765,54246876,1788523038,1788523049,282,293,6021129,96494649,1
190667,25903826,1788523343,2026-09-04T12:02:23Z,0x762b22c5c96bfdc1c2419cf48743c63e3ac4fc6e8e6c391c2f05c5e71f7068c1,0xdaa526086787d9debe1d7f3ffdb1fe50cf8687f4,0x3e5aa082,220336,54246877,54246989,54246877,54246988,1788523049,1788523060,283,294,5629216,105005842,1
190668,25903827,1788523355,2026-09-04T12:02:35Z,0xe006e9f2e81a5417d623c3fe97462a7c7c90d253ae7ff4bde8893b78e7e9af93,0xdaa526086787d9debe1d7f3ffdb1fe50cf8687f4,0x3e5aa082,220336,54246989,54247085,54246989,54247084,1788523060,1788523070,285,295,5692717,101720026,1
190669,25903828,1788523367,2026-09-04T12:02:47Z,0x11a3a3a7223ba0091177f69ca548cc677b97d6f950801c733d6972293fdc0844,0xdaa526086787d9debe1d7f3ffdb1fe50cf8687f4,0x3e5aa082,220336,54247085,54247178,54247085,54247177,1788523070,1788523080,287,297,5931744,100740064,1
190670,25903830,1788523391,2026-09-04T12:03:11Z,0x86a9e82bb19de4d70a7eacc12b89a66a8c5252a4c81270471817c026be5e6fe8,0xdaa526086787d9debe1d7f3ffdb1fe50cf8687f4,0x3e5aa082,220336,54247178,54247272,54247178,54247271,1788523080,1788523089,302,311,6021129,102168285,1
190671,25903830,1788523391,2026-09-04T12:03:11Z,0x29e6bc6634a884cf00785a585eb2f6d6ff03dd98e0c5e13ff5b98fa9b39b5ee3,0xdaa526086787d9debe1d7f3ffdb1fe50cf8687f4,0x3e5aa082,220336,54247272,54247367,54247272,54247366,1788523089,1788523099,292,302,6021129,102168285,1
190672,25903830,1788523391,2026-09-04T12:03:11Z,0xd559900a0aa81df5346e8608b45a33efb1681fb1d7a3a520bcfff7105eaeed13,0xdaa526086787d9debe1d7f3ffdb1fe50cf8687f4,0x3e5aa082,220336,54247367,54247458,54247367,54247457,1788523099,1788523108,283,292,6021129,102168285,1
190673,25903831,1788523403,2026-09-04T12:03:23Z,0xf82d660c626f8d58ed94b31e0d950aa17c1e5993d91c73a6d234fb334f047c54,0xdaa526086787d9debe1d7f3ffdb1fe50cf8687f4,0x3e5aa082,220336,54247458,54247562,54247458,54247561,1788523108,1788523119,284,295,6297448,103570696,1
190674,25903831,1788523403,2026-09-04T12:03:23Z,0xd6676cfc8572d310a880932fc8fdad13afeddaeb6b9461a933f7d2e0821ce8c2,0xdaa526086787d9debe1d7f3ffdb1fe50cf8687f4,0x3e5aa082,220336,54247562,54247678,54247562,54247677,1788523119,1788523130,273,284,6297448,103570696,1
190675,25903832,1788523415,2026-09-04T12:03:35Z,0x6cffb4daf4663bdb6417d9459144a0295e912a3aeba1f05e666b861210f4eff3,0xdaa526086787d9debe1d7f3ffdb1fe50cf8687f4,0x3e5aa082,220336,54247678,54247777,54247678,54247776,1788523131,1788523141,274,284,6635888,103050065,1
190676,25903832,1788523415,2026-09-04T12:03:35Z,0x4ac645ccb6d0008c4744bdfbd9fd5312a8cd62b780d8a7a6ee2951752b1f7594,0xdaa526086787d9debe1d7f3ffdb1fe50cf8687f4,0x3e5aa082,220336,54247777,54247883,54247777,54247882,1788523141,1788523151,264,274,6635888,103050065,1
190677,25903833,1788523427,2026-09-04T12:03:47Z,0xb492f05b8ad2352484d69c336bd887b7307d5cf1f3762e739e4ea3be36c89e44,0xdaa526086787d9debe1d7f3ffdb1fe50cf8687f4,0x3e5aa082,220336,54247883,54247993,54247883,54247992,1788523151,1788523163,264,276,6203960,104059830,1
190678,25903834,1788523439,2026-09-04T12:03:59Z,0x8eb9384410f9b9062c18e9062784f8145853d86dc2e4f8258fc2f6feb3e9e7e5,0xdaa526086787d9debe1d7f3ffdb1fe50cf8687f4,0x3e5aa082,220336,54247993,54248101,54247993,54248100,1788523163,1788523173,266,276,6273945,103027186,1
190679,25903834,1788523439,2026-09-04T12:03:59Z,0x561a07b55aa353dcfc612a76932482b745ed2d651aa6550c3472d4c2e9211a14,0xdaa526086787d9debe1d7f3ffdb1fe50cf8687f4,0x3e5aa082,220336,54248101,54248192,54248101,54248191,1788523174,1788523183,256,265,6273945,103027186,1
190680,25903835,1788523451,2026-09-04T12:04:11Z,0xbe1aa69a41712eb08fa34e7804f7114bbd90e9636aa7c591faa0af8e20446e9e,0xdaa526086787d9debe1d7f3ffdb1fe50cf8687f4,0x3e5aa082,220336,54248192,54248371,54248192,54248370,1788523183,1788523203,248,268,6561866,104429703,1
190681,25903836,1788523463,2026-09-04T12:04:23Z,0xd9e8602db799c1796e0e7ed12780de6b02c95908965da1d3d19e636a49d6fa8c,0xdaa526086787d9debe1d7f3ffdb1fe50cf8687f4,0x3e5aa082,220336,54248371,54248423,54248371,54248422,1788523203,1788523208,255,260,5800147,103633362,1
190682,25903836,1788523463,2026-09-04T12:04:23Z,0xb13b00bb4161239b7ba81c76d9ddada24f95b70e6048289aa4b6a207c0ca59d2,0xdaa526086787d9debe1d7f3ffdb1fe50cf8687f4,0x3e5aa082,220336,54248423,54248534,54248423,54248533,1788523208,1788523219,244,255,5800147,103633362,1
190683,25903837,1788523475,2026-09-04T12:04:35Z,0x0c9e9eeb6723078adb6677a3b3c48fc706665d4b63f8e7923c47e2852829910a,0xdaa526086787d9debe1d7f3ffdb1fe50cf8687f4,0x3e5aa082,220336,54248534,54248631,54248534,54248630,1788523219,1788523229,246,256,6157738,102825276,1
190684,25903838,1788523487,2026-09-04T12:04:47Z,0x8577e681263555c13ac01e4611e5c14519f605b8c3ec2134314d301ac58dba19,0xdaa526086787d9debe1d7f3ffdb1fe50cf8687f4,0x3e5aa082,220336,54248631,54248742,54248631,54248741,1788523229,1788523241,246,258,6273944,101769393,1
190685,25903840,1788523511,2026-09-04T12:05:11Z,0xd42639cfb7351edbd03c3007c4aa62e65ae4fde45aa29ebb34eef367badc9994,0xdaa526086787d9debe1d7f3ffdb1fe50cf8687f4,0x917cf8ac,220370,54248742,54248924,54248742,54248923,1788523241,1788523256,255,270,5524950,102518159,1
190686,25903840,1788523511,2026-09-04T12:05:11Z,0xf030ef291ec7996be5f94f9b671feeb4fb89a79f6169be3bb0710f49d6940a23,0xdaa526086787d9debe1d7f3ffdb1fe50cf8687f4,0x3e5aa082,220370,54248924,54249053,54248924,54249052,1788523256,1788523269,242,255,5524950,102518159,1
190687,25903841,1788523523,2026-09-04T12:05:23Z,0xb652a07dd5e27fc0ae2ac84bea8c45514ef08fa977d3f65e6af7a59007b81a61,0xdaa526086787d9debe1d7f3ffdb1fe50cf8687f4,0x3e5aa082,220370,54249053,54249155,54249053,54249154,1788523269,1788523280,243,254,5735447,108372763,1
190688,25903843,1788523547,2026-09-04T12:05:47Z,0xd7957f2e77abd0d42a6e9035b94ce393e425bb4d91c662618a6e66c49e33956e,0xdaa526086787d9debe1d7f3ffdb1fe50cf8687f4,0x3e5aa082,220370,54249155,54249253,54249155,54249252,1788523280,1788523290,257,267,6043683,108957556,1
190689,25903844,1788523559,2026-09-04T12:05:59Z,0xd8cf639713da4f11c82a22033dac033db255be1024c2ef2b7a9241c6ffa8b6fb,0xdaa526086787d9debe1d7f3ffdb1fe50cf8687f4,0x3e5aa082,220370,54249253,54249355,54249253,54249354,1788523290,1788523300,259,269,6111860,113189337,1
190690,25903845,1788523571,2026-09-04T12:06:11Z,0x6a112734a45dd02531f665be8986d590ab5bea3fce5d555268eae197e5126c41,0xdaa526086787d9debe1d7f3ffdb1fe50cf8687f4,0x3e5aa082,220370,54249355,54249461,54249355,54249460,1788523300,1788523311,260,271,6180805,111004780,1
190691,25903845,1788523571,2026-09-04T12:06:11Z,0x20ec647d79e15a71660e247bf01385c76b4b75d6af5de2359d278e61647943c6,0xdaa526086787d9debe1d7f3ffdb1fe50cf8687f4,0x3e5aa082,220370,54249461,54249555,54249461,54249554,1788523311,1788523320,251,260,6180805,111004780,1
190692,25903846,1788523583,2026-09-04T12:06:23Z,0x7053431dac23708712b259197252b9afb736a42a13a665a6d8ccc4e5b06b412d,0xdaa526086787d9debe1d7f3ffdb1fe50cf8687f4,0x3e5aa082,220370,54249555,54249657,54249555,54249656,1788523320,1788523331,252,263,6464452,116989823,1
190693,25903847,1788523595,2026-09-04T12:06:35Z,0x8be2f518f979ce85bea00355c00eb360af5b212c1db87da06b38fe13023123a1,0xdaa526086787d9debe1d7f3ffdb1fe50cf8687f4,0x3e5aa082,220370,54249657,54249757,54249657,54249756,1788523331,1788523341,254,264,6561864,116294530,1
190694,25903848,1788523607,2026-09-04T12:06:47Z,0x80dbaed6865d941ea591d5d19958bfcbb0993ee4173cc4bf6c41dd3087ed4366,0xdaa526086787d9debe1d7f3ffdb1fe50cf8687f4,0x3e5aa082,220370,54249757,54249844,54249757,54249843,1788523341,1788523350,257,266,6660745,119940366,1
190695,25903848,1788523607,2026-09-04T12:06:47Z,0x5897082bb00906e4dac2544a20c1a7ba9a6b2cced518485907165e0d1844778b,0xdaa526086787d9debe1d7f3ffdb1fe50cf8687f4,0x3e5aa082,220370,54249844,54249945,54249844,54249944,1788523350,1788523360,247,257,6660745,119940366,1
190696,25903849,1788523619,2026-09-04T12:06:59Z,0x80aea0a0676e679fe83eff5683c8bc0f7edbe2bd1e1fb905e918424a6f00cec9,0xdaa526086787d9debe1d7f3ffdb1fe50cf8687f4,0x3e5aa082,220370,54249945,54250051,54249945,54250050,1788523360,1788523371,248,259,6888708,119745957,1
190697,25903850,1788523631,2026-09-04T12:07:11Z,0x4d89905e832caa26ad1ba2cf4ad3b7fc9a7c73437470df667f4111ea51e12023,0xdaa526086787d9debe1d7f3ffdb1fe50cf8687f4,0x3e5aa082,220370,54250051,54250155,54250051,54250154,1788523371,1788523381,250,260,7124474,111308566,1
190698,25903853,1788523667,2026-09-04T12:07:47Z,0x2474528aaea4c9715f695943497bccbea2e218083a311a6b8223a40771453ab1,0xdaa526086787d9debe1d7f3ffdb1fe50cf8687f4,0x3e5aa082,220370,54250155,54250261,54250155,54250260,1788523382,1788523392,275,285,5566421,109921516,1
190699,25903853,1788523667,2026-09-04T12:07:47Z,0xefd5bc22ce9a8a083a79a3a1119867c497dcdf13117d2ac53cdbee12dd3f4c97,0xdaa526086787d9debe1d7f3ffdb1fe50cf8687f4,0x3e5aa082,220370,54250261,54250375,54250261,54250374,1788523392,1788523404,263,275,5566421,109921516,1
190700,25903853,1788523667,2026-09-04T12:07:47Z,0xc6d48efd940f4b79ead59cc7be85bff1251bc2e1437c7630c603361f8989173d,0xdaa526086787d9debe1d7f3ffdb1fe50cf8687f4,0x3e5aa082,220370,54250375,54250483,54250375,54250482,1788523404,1788523415,252,263,5566421,109921516,1
190701,25903853,1788523667,2026-09-04T12:07:47Z,0xcabbe4d64b2ebc93a3902b14f94b9748e546d07443963b5fe4f033d08fcee909,0xdaa526086787d9debe1d7f3ffdb1fe50cf8687f4,0x3e5aa082,220370,54250483,54250587,54250483,54250586,1788523415,1788523425,242,252,5566421,109921516,1
190702,25903854,1788523679,2026-09-04T12:07:59Z,0xebf55e2b4c37fb51c72b427c409a16bd0663285ad280848b8dbf5674cf76872e,0xdaa526086787d9debe1d7f3ffdb1fe50cf8687f4,0x3e5aa082,220370,54250587,54250715,54250587,54250714,1788523426,1788523438,241,253,5887547,119486574,1
190703,25903855,1788523691,2026-09-04T12:08:11Z,0xb1348b927dcb5644cb41a27e8f27d1cee895f5f2122ad582980635f5ad937177,0xdaa526086787d9debe1d7f3ffdb1fe50cf8687f4,0x3e5aa082,220370,54250715,54250828,54250715,54250827,1788523438,1788523450,241,253,6111858,122308889,1
190704,25903857,1788523715,2026-09-04T12:08:35Z,0xdf8abbf63c99c8de1441a4d8c06ffcc0a8069ee8d6e3c858428fa18ca39273d6,0xdaa526086787d9debe1d7f3ffdb1fe50cf8687f4,0x3e5aa082,220370,54250828,54250943,54250828,54250942,1788523450,1788523462,253,265,6344716,128255712,1
190705,25903859,1788523739,2026-09-04T12:08:59Z,0x4cc311c337353b7f92b6478c7c80315e899e5cd535fd7360a6cf51079afe5f22,0xdaa526086787d9debe1d7f3ffdb1fe50cf8687f4,0x3e5aa082,220370,54250943,54251060,54250943,54251059,1788523462,1788523474,265,277,6735880,127431539,1
190706,25903859,1788523739,2026-09-04T12:08:59Z,0x8c2b1e5c48cd501a7f91711f4e0d0b75bbe6b47d7060574daae334fd5f8ed6c4,0xdaa526086787d9debe1d7f3ffdb1fe50cf8687f4,0x3e5aa082,220370,54251060,54251170,54251060,54251169,1788523474,1788523485,254,265,6735880,127431539,1
190707,25903859,1788523739,2026-09-04T12:08:59Z,0xcaba88ef5d294b8b3f774aa1e28814f2b1c460b2831f2beb803c5400ec57e56f,0xdaa526086787d9debe1d7f3ffdb1fe50cf8687f4,0x3e5aa082,220370,54251170,54251278,54251170,54251277,1788523485,1788523496,243,254,6735880,127431539,1
190708,25903860,1788523751,2026-09-04T12:09:11Z,0xe94a15ce82ac4385696045a57f3e9a3e523b154830ecd615659ae25faa8f184f,0xdaa526086787d9debe1d7f3ffdb1fe50cf8687f4,0x3e5aa082,220370,54251278,54251387,54251278,54251386,1788523496,1788523507,244,255,7124473,125579811,1
190709,25903861,1788523763,2026-09-04T12:09:23Z,0xcf1b523939b4670ac50951bf853b670fc34353cecade9538364a805dd881fbb1,0xdaa526086787d9debe1d7f3ffdb1fe50cf8687f4,0x3e5aa082,220370,54251387,54251494,54251387,54251493,1788523507,1788523518,245,256,7286116,128207937,1
190710,25903862,1788523775,2026-09-04T12:09:35Z,0x10937bba401d483085017a664de631785fcd7d2b443dd5ca417643dbc0ebffc7,0xdaa526086787d9debe1d7f3ffdb1fe50cf8687f4,0x3e5aa082,220370,54251494,54251603,54251494,54251602,1788523518,1788523529,246,257,7592046,128258146,1
190711,25903862,1788523775,2026-09-04T12:09:35Z,0x1cdb4a861eca274ad0e2dfa139dc89088f388abd4e4d2d268945fcea7416f8a1,0xdaa526086787d9debe1d7f3ffdb1fe50cf8687f4,0x3e5aa082,220370,54251603,54251703,54251603,54251702,1788523529,1788523539,236,246,7592046,128258146,1
190712,25903863,1788523787,2026-09-04T12:09:47Z,0xbb8443bda213b982876004a7c9ce23f1f9fa5798aadbfaf0580aab751f31c43b,0xdaa526086787d9debe1d7f3ffdb1fe50cf8687f4,0x3e5aa082,220370,54251703,54251819,54251703,54251818,1788523539,1788523551,236,248,8090306,124199288,1
190713,25903866,1788523823,2026-09-04T12:10:23Z,0x4b4720533c2f9e4e75997e0e4086e2204d85ed257ee09a1da821dfdd67d06257,0xdaa526086787d9debe1d7f3ffdb1fe50cf8687f4,0x3e5aa082,220370,54251819,54251930,54251819,54251929,1788523551,1788523563,260,272,7286115,121166645,1
190714,25903866,1788523823,2026-09-04T12:10:23Z,0x512791eb43ff65140db131865df03648c419e10054f3780e27064bb3c4c2175b,0xdaa526086787d9debe1d7f3ffdb1fe50cf8687f4,0x3e5aa082,220370,54251930,54252036,54251930,54252035,1788523563,1788523573,250,260,7286115,121166645,1
190715,25903867,1788523835,2026-09-04T12:10:35Z,0xe37b9ee97e351b355ab851dffc71e5e2b8ce50b9e7250581c9439b72e1ed4267,0xdaa526086787d9debe1d7f3ffdb1fe50cf8687f4,0x3e5aa082,220370,54252036,54252153,54252036,54252152,1788523574,1788523585,250,261,7764297,110818850,1
190716,25903873,1788523907,2026-09-04T12:11:47Z,0xa18c316baca6d26c82b2803d8454383d94b69d633708104d12e0786efe2e81b0,0xdaa526086787d9debe1d7f3ffdb1fe50cf8687f4,0x3e5aa082,220370,54252153,54252271,54252153,54252270,1788523586,1788523597,310,321,6440323,115811661,1
190717,25903873,1788523907,2026-09-04T12:11:47Z,0xdaa62730c875f82f357a66b8c6a150f3667b3944b342ae14b2bd4e968089cdbb,0xdaa526086787d9debe1d7f3ffdb1fe50cf8687f4,0x3e5aa082,220370,54252271,54252390,54252271,54252389,1788523598,1788523610,297,309,6440323,115811661,1
190718,25903873,1788523907,2026-09-04T12:11:47Z,0x4d808edbf96cee799dca180da4d0d82eafc0e1a4fae0f556378250e9e8c2b673,0xdaa526086787d9debe1d7f3ffdb1fe50cf8687f4,0x917cf8ac,220410,54252390,54252552,54252390,54252551,1788523610,1788523622,285,297,6440323,115811661,1
190719,25903873,1788523907,2026-09-04T12:11:47Z,0x3f74eba6e5830b58c5833d99fd4233e421a93c171c8673e0e4c7208e964552c2,0xdaa526086787d9debe1d7f3ffdb1fe50cf8687f4,0x3e5aa082,220410,54252552,54252672,54252552,54252671,1788523622,1788523634,273,285,6440323,115811661,1
190720,25903874,1788523919,2026-09-04T12:11:59Z,0xb8e37a48835360783c0b7a4715bf9e0c54c9cb4d0ad0069352e21fcc1b53945d,0xdaa526086787d9debe1d7f3ffdb1fe50cf8687f4,0x3e5aa082,220410,54252672,54252785,54252672,54252784,1788523634,1788523646,273,285,6914511,122384157,1
190721,25903874,1788523919,2026-09-04T12:11:59Z,0x8abef28a07d59400a419085b34a75d629ad4620743489809992a72f3a9f44da2,0xdaa526086787d9debe1d7f3ffdb1fe50cf8687f4,0x3e5aa082,220410,54252785,54252908,54252785,54252907,1788523646,1788523658,261,273,6914511,122384157,1
190722,25903876,1788523943,2026-09-04T12:12:23Z,0xb849b248c9c8d2e106e329c6d5bd510288cdf87b2ebce5faaed597f6b55652d3,0xdaa526086787d9debe1d7f3ffdb1fe50cf8687f4,0x3e5aa082,220410,54252908,54253031,54252908,54253030,1788523658,1788523671,272,285,7177949,117518617,1
190723,25903877,1788523955,2026-09-04T12:12:35Z,0xc7206efe93c8411db6ad3ea8908fd90cf2ed8dd8ddc266c29dd99ebf61a686a5,0xdaa526086787d9debe1d7f3ffdb1fe50cf8687f4,0x3e5aa082,220410,54253031,54253149,54253031,54253148,1788523671,1788523683,272,284,7286113,107421826,1
190724,25903878,1788523967,2026-09-04T12:12:47Z,0xdadb222da0e2f32399f5b2c128f7b46cdb9e36cca319cd23bcf3a3e52fda5de4,0xdaa526086787d9debe1d7f3ffdb1fe50cf8687f4,0x3e5aa082,220410,54253149,54253262,54253149,54253261,1788523683,1788523695,272,284,6888705,98419547,1
190725,25903881,1788524003,2026-09-04T12:13:23Z,0x02771517cb3ce574ababd5927b59b15e47a3ecbe0657a378f3bdbd80c1e6ec82,0xdaa526086787d9debe1d7f3ffdb1fe50cf8687f4,0x3e5aa082,220410,54253262,54253365,54253262,54253364,1788523695,1788523705,298,308,5545643,104866682,1
190726,25903881,1788524003,2026-09-04T12:13:23Z,0x4ef0f12b8c9b38708a03f8f04d63399b7f8736240e32108508a16077c01c50df,0xdaa526086787d9debe1d7f3ffdb1fe50cf8687f4,0x3e5aa082,220410,54253365,54253486,54253365,54253485,1788523705,1788523717,286,298,5545643,104866682,1
190727,25903881,1788524003,2026-09-04T12:13:23Z,0x7c40bfa9cc777c1856367af4d5457b492fb2b98c5115650ba9c967924d782c38,0xdaa526086787d9debe1d7f3ffdb1fe50cf8687f4,0x3e5aa082,220410,54253486,54253598,54253486,54253597,1788523717,1788523729,274,286,5545643,104866682,1
190728,25903883,1788524027,2026-09-04T12:13:47Z,0xa159f45ea8e72bb7e245a70f92c92d32b56bb7a65b33f29290e93a3a61326bcb,0xdaa526086787d9debe1d7f3ffdb1fe50cf8687f4,0x3e5aa082,220410,54253598,54253719,54253598,54253718,1788523729,1788523741,286,298,5998651,112100301,1
190729,25903883,1788524027,2026-09-04T12:13:47Z,0x77453f237262a9a174b83547ba1ecf9b3742f578ec7f5dd6fbcc896d8c7312cf,0xdaa526086787d9debe1d7f3ffdb1fe50cf8687f4,0x3e5aa082,220410,54253719,54253836,54253719,54253835,1788523741,1788523753,274,286,5998651,112100301,1
190730,25903884,1788524039,2026-09-04T12:13:59Z,0x3aa271d2895ce21a885ac3c9bc30647e87f09dc3b94c2b3150b62a12b9f24550,0xdaa526086787d9debe1d7f3ffdb1fe50cf8687f4,0x3e5aa082,220410,54253836,54253950,54253836,54253949,1788523753,1788523765,274,286,6180800,120499539,1
190731,25903885,1788524051,2026-09-04T12:14:11Z,0xe9ea076484e9e3f0b657547707eefcb2fcd051210192828a371367e96da7c7d4,0xdaa526086787d9debe1d7f3ffdb1fe50cf8687f4,0x3e5aa082,220410,54253950,54254049,54253950,54254048,1788523765,1788523775,276,286,6392338,117054988,1
190732,25903886,1788524063,2026-09-04T12:14:23Z,0x6e4ddf2cc384825ac7a97a6d49379b9d6d49ea6797e0146a3fe0b09ef57241ee,0xdaa526086787d9debe1d7f3ffdb1fe50cf8687f4,0x3e5aa082,220410,54254049,54254146,54254049,54254145,1788523775,1788523785,278,288,6464447,116930708,1
190733,25903886,1788524063,2026-09-04T12:14:23Z,0xedcc4cf6229a2a08acdacab5ca2586b0592525f2d5e97425394e65ef25510742,0xdaa526086787d9debe1d7f3ffdb1fe50cf8687f4,0x3e5aa082,220410,54254146,54254244,54254146,54254243,1788523785,1788523795,268,278,6464447,116930708,1
190734,25903887,1788524075,2026-09-04T12:14:35Z,0x6aac21a96c98e7331e3d4dd7e4f6c39889d61cb4dc7f57d271ec7e0d26a32422,0xdaa526086787d9debe1d7f3ffdb1fe50cf8687f4,0x3e5aa082,220410,54254244,54254339,54254244,54254338,1788523795,1788523806,269,280,6611115,121170463,1
190735,25903888,1788524087,2026-09-04T12:14:47Z,0xb3e2196a0f8c96497f4925df221d3503101cf81f353f0b1f51c4dff6b0d4f6af,0xdaa526086787d9debe1d7f3ffdb1fe50cf8687f4,0x3e5aa082,220410,54254339,54254440,54254339,54254439,1788523806,1788523816,271,281,6710737,120840719,1
190736,25903888,1788524087,2026-09-04T12:14:47Z,0xe1df837dc8e1e0d9bca32baff558f9e7a31f0437de8bb9cd61a6f4c85c98d3b8,0xdaa526086787d9debe1d7f3ffdb1fe50cf8687f4,0x3e5aa082,220410,54254440,54254554,54254440,54254553,1788523817,1788523828,259,270,6710737,120840719,1
190737,25903889,1788524099,2026-09-04T12:14:59Z,0x3fd2921eb7437ce8d0c5d4c1adb01d672858b365470c9c5aed6bafd7f73e9a95,0xdaa526086787d9debe1d7f3ffdb1fe50cf8687f4,0x3e5aa082,220410,54254554,54254678,54254554,54254677,1788523828,1788523841,258,271,7258919,120644065,1
190738,25903890,1788524111,2026-09-04T12:15:11Z,0xd1c295eae57c346d32c1ef27acd7053c1772e1ec7e522a3a28e8b3e24ce63201,0xdaa526086787d9debe1d7f3ffdb1fe50cf8687f4,0x3e5aa082,220410,54254678,54254805,54254678,54254804,1788523841,1788523854,257,270,7395906,122860227,1
190739,25903892,1788524135,2026-09-04T12:15:35Z,0xfb465d508eedf773e7ade8661c0b2dc3ff8aeac35b8a8ecd0261d59111b8c88e,0xdaa526086787d9debe1d7f3ffdb1fe50cf8687f4,0x3e5aa082,220410,54254805,54254921,54254805,54254920,1788523854,1788523865,270,281,7507354,117952196,1
190740,25903892,1788524135,2026-09-04T12:15:35Z,0x04f585c76e24c87607cd1390f21b4511d53626cb430fbde873cfd0acc584976e,0xdaa526086787d9debe1d7f3ffdb1fe50cf8687f4,0x3e5aa082,220410,54254921,54255023,54254921,54255022,1788523866,1788523876,259,269,7507354,117952196,1
190741,25903892,1788524135,2026-09-04T12:15:35Z,0xbc7fbcbdc0862d4939c838c2bf907694f0c10f39f829c3fb00942df69eb08900,0xdaa526086787d9debe1d7f3ffdb1fe50cf8687f4,0x3e5aa082,220410,54255023,54255133,54255023,54255132,1788523876,1788523887,248,259,7507354,117952196,1
190742,25903894,1788524159,2026-09-04T12:15:59Z,0x38a26e2719f18cc5b060fb3cb4ab8e5bc93083b40456ea0a01e10172df0b1e72,0xdaa526086787d9debe1d7f3ffdb1fe50cf8687f4,0x3e5aa082,220410,54255133,54255245,54255133,54255244,1788523887,1788523899,260,272,6488663,120087671,1
190743,25903894,1788524159,2026-09-04T12:15:59Z,0x647f07546653fecc8d1e3827a9738fc761dbe2cf7fe28895dba4270a649cf3d8,0xdaa526086787d9debe1d7f3ffdb1fe50cf8687f4,0x3e5aa082,220410,54255245,54255362,54255245,54255361,1788523899,1788523910,249,260,6488663,120087671,1
190744,25903895,1788524171,2026-09-04T12:16:11Z,0x0f869c536c23798dc7addc6810f6bffd710c226817ede43db80b012cc0325109,0xdaa526086787d9debe1d7f3ffdb1fe50cf8687f4,0x3e5aa082,220410,54255362,54255500,54255362,54255499,1788523910,1788523924,247,261,6660739,109295500,1
190745,25903896,1788524183,2026-09-04T12:16:23Z,0xeb41658478b51c75928ef2220101db0af78a8fb43c84391b0580bea7cd9e2f70,0xdaa526086787d9debe1d7f3ffdb1fe50cf8687f4,0x3e5aa082,220410,54255500,54255630,54255500,54255629,1788523925,1788523938,245,258,6735876,100825908,1
190746,25903900,1788524231,2026-09-04T12:17:11Z,0x3f730732531a3c3357fdb2588bc94005e06e15b0048fc0ec2bc754c4a567c7bf,0xdaa526086787d9debe1d7f3ffdb1fe50cf8687f4,0x3e5aa082,220410,54255630,54255762,54255630,54255761,1788523938,1788523951,280,293,5756927,106971319,1
190747,25903900,1788524231,2026-09-04T12:17:11Z,0xc93d72767c783ab2dd87ae578a2b5b449c096988cce4b3decb6245097a5d2cab,0xdaa526086787d9debe1d7f3ffdb1fe50cf8687f4,0x3e5aa082,220410,54255762,54255887,54255762,54255886,1788523951,1788523964,267,280,5756927,106971319,1
190748,25903900,1788524231,2026-09-04T12:17:11Z,0x16672b867d21998ea996aea9aa1462b31fdc6870155c4b97fc55453adb73f9df,0xdaa526086787d9debe1d7f3ffdb1fe50cf8687f4,0x3e5aa082,220410,54255887,54256021,54255887,54256020,1788523964,1788523977,254,267,5756927,106971319,1
190749,25903903,1788524267,2026-09-04T12:17:47Z,0xc667a369189b2217728fedb4abfba00b76b0820140303777439fc8d02dc18edd,0xdaa526086787d9debe1d7f3ffdb1fe50cf8687f4,0x3e5aa082,220410,54256021,54256152,54256021,54256151,1788523978,1788523991,276,289,6321031,103272773,1
190750,25903903,1788524267,2026-09-04T12:17:47Z,0x73a61c7c5a9f189c75c9179ff9c807e077c6393130fb433c15a8c0cebdbc3799,0xdaa526086787d9debe1d7f3ffdb1fe50cf8687f4,0x3e5aa082,220410,54256152,54256287,54256152,54256286,1788523991,1788524004,263,276,6321031,103272773,1
190751,25903904,1788524279,2026-09-04T12:17:59Z,0x5980c0746bfc48bbef442c6b8bce3f729ba6f930c6a7d7335fb275e7c3a24c24,0xdaa526086787d9debe1d7f3ffdb1fe50cf8687f4,0x917cf8ac,220448,54256287,54256432,54256287,54256431,1788524005,1788524015,264,274,6586439,105222840,1
190752,25903906,1788524303,2026-09-04T12:18:23Z,0x428b5d057ee5e3157d23355230c1038f249bf93e7eac09188ed4b978cc839719,0xdaa526086787d9debe1d7f3ffdb1fe50cf8687f4,0x3e5aa082,220448,54256432,54256543,54256432,54256542,1788524015,1788524027,276,288,5821868,104282306,1
190753,25903907,1788524315,2026-09-04T12:18:35Z,0x3d2cf805a5deb6aaaf9ad35075efc4abba2da0e2ca778da27450a7deabee351d,0xdaa526086787d9debe1d7f3ffdb1fe50cf8687f4,0x3e5aa082,220448,54256543,54256655,54256543,54256654,1788524027,1788524039,276,288,6043677,107949130,1
190754,25903908,1788524327,2026-09-04T12:18:47Z,0xd6a821af915e18736ea202c34fe52f1fb57f6a9a133b11abbb585156c3d896d5,0xdaa526086787d9debe1d7f3ffdb1fe50cf8687f4,0x3e5aa082,220448,54256655,54256788,54256655,54256787,1788524039,1788524052,275,288,6297439,104554541,1
190755,25903909,1788524339,2026-09-04T12:18:59Z,0x507c2af0b33cc0c904e22da258137ad8e869d549140d7dcd56322a594783ab30,0xdaa526086787d9debe1d7f3ffdb1fe50cf8687f4,0x3e5aa082,220448,54256788,54256911,54256788,54256910,1788524052,1788524065,274,287,6392335,107269293,1
190756,25903912,1788524375,2026-09-04T12:19:35Z,0x7add390904349e20ce60c651e699feb24f17a64d0fa8dd4e0835db27cb0bc18d,0xdaa526086787d9debe1d7f3ffdb1fe50cf8687f4,0x3e5aa082,220448,54256911,54257018,54256911,54257017,1788524065,1788524075,300,310,6066316,103878649,1
190757,25903912,1788524375,2026-09-04T12:19:35Z,0x7a7f93af20227c4e37617c05ec3f6ef685605c9c802c2a5bbe5a21af18b15d78,0xdaa526086787d9debe1d7f3ffdb1fe50cf8687f4,0x3e5aa082,220448,54257018,54257129,54257018,54257128,1788524076,1788524087,288,299,6066316,103878649,1
190758,25903913,1788524387,2026-09-04T12:19:47Z,0xab75c6ae71c12f343b8f15036f1ab27684279750e568555e8383783c44c33e99,0xdaa526086787d9debe1d7f3ffdb1fe50cf8687f4,0x3e5aa082,220448,54257129,54257235,54257129,54257234,1788524087,1788524097,290,300,6321029,103928974,1
190759,25903913,1788524387,2026-09-04T12:19:47Z,0x2c8f50c1aabeefc0b268bd9460a251a53a5c068c284286176ce7fa6d81bb51e9,0xdaa526086787d9debe1d7f3ffdb1fe50cf8687f4,0x3e5aa082,220448,54257235,54257326,54257235,54257325,1788524098,1788524107,280,289,6321029,103928974,1
190760,25903914,1788524399,2026-09-04T12:19:59Z,0x008c0a62b51b590f2ffb4aecc67340f892a6f5c118f2fa4e97556b413a82098f,0xdaa526086787d9debe1d7f3ffdb1fe50cf8687f4,0x3e5aa082,220448,54257326,54257428,54257326,54257427,1788524107,1788524117,282,292,6512968,104505354,1
190761,25903915,1788524411,2026-09-04T12:20:11Z,0xe7bf1d9761b337dc971c157b3020a10e49e0962da540d18cd6a3b8f45df1a559,0xdaa526086787d9debe1d7f3ffdb1fe50cf8687f4,0x3e5aa082,220448,54257428,54257536,54257428,54257535,1788524117,1788524128,283,294,5756925,104824174,1
190762,25903916,1788524423,2026-09-04T12:20:23Z,0xea216118543fb84e1e8c10dc4777c2446c4decf75d96fe514b0dcb1c7fbe38cd,0xdaa526086787d9debe1d7f3ffdb1fe50cf8687f4,0x3e5aa082,220448,54257536,54257647,54257536,54257646,1788524128,1788524139,284,295,5821866,106030431,1
190763,25903916,1788524423,2026-09-04T12:20:23Z,0x481b534e727a6fa331537a80724abdac800764577102c0a68ca22b7b4e840a84,0xdaa526086787d9debe1d7f3ffdb1fe50cf8687f4,0x3e5aa082,220448,54257647,54257763,54257647,54257762,1788524140,1788524151,272,283,5821866,106030431,1
190764,25903917,1788524435,2026-09-04T12:20:35Z,0xad5c153523a4737944e70d8928ce4c0a0f3b9b79821af2cab2e64bfdd249791a,0xdaa526086787d9debe1d7f3ffdb1fe50cf8687f4,0x3e5aa082,220448,54257763,54257880,54257763,54257879,1788524151,1788524163,272,284,6134747,105437018,1
190765,25903918,1788524447,2026-09-04T12:20:47Z,0x43cd2f2daa038be91e6d3b51e8205fba95398ca1bb08d74ffd0e56e71b903d11,0xdaa526086787d9debe1d7f3ffdb1fe50cf8687f4,0x3e5aa082,220448,54257880,54258005,54257880,54258004,1788524163,1788524176,271,284,6227191,101305683,1
190766,25903918,1788524447,2026-09-04T12:20:47Z,0x50526c8f9cadac6aa1df1f27dd77921ab13116334a3bc48fa0d8c8d82bf35454,0xdaa526086787d9debe1d7f3ffdb1fe50cf8687f4,0x3e5aa082,220448,54258005,54258131,54258005,54258130,1788524176,1788524189,258,271,6227191,101305683,1
190767,25903920,1788524471,2026-09-04T12:21:11Z,0xe945ccff16d48f34b43befac9e53d1a9503aec9e2e3c10426e9d92fc5841b7dd,0xdaa526086787d9debe1d7f3ffdb1fe50cf8687f4,0x3e5aa082,220448,54258131,54258270,54258131,54258269,1788524189,1788524203,268,282,5524942,99561843,1
190768,25903921,1788524483,2026-09-04T12:21:23Z,0xa5049af5ace90afa0be69fd86dc64cd5aae7a53977518ddc8065e68edacbfcfa,0xdaa526086787d9debe1d7f3ffdb1fe50cf8687f4,0x3e5aa082,220448,54258270,54258410,54258270,54258409,1788524203,1788524217,266,280,5587266,101554433,1
190769,25903923,1788524507,2026-09-04T12:21:47Z,0x55dea78da654cf69b11c29adab0a1bbd13365184e285d88386690fa0ab4f4482,0xdaa526086787d9debe1d7f3ffdb1fe50cf8687f4,0x3e5aa082,220448,54258410,54258553,54258410,54258552,1788524217,1788524231,276,290,5909595,98739121,1
190770,25903924,1788524519,2026-09-04T12:21:59Z,0xa02b0cf20a7411abdb23c1c793a2a5f4c663a47044b70113b0ee02a4554a3f9c,0xdaa526086787d9debe1d7f3ffdb1fe50cf8687f4,0x3e5aa082,220448,54258553,54258688,54258553,54258687,1788524231,1788524245,274,288,5998646,97954737,1
190771,25903925,1788524531,2026-09-04T12:22:11Z,0x4f49b522d48c678656855cc461a809c2f6b67cd5c221e3fd5d8894f4ce6f5742,0xdaa526086787d9debe1d7f3ffdb1fe50cf8687f4,0x3e5aa082,220448,54258688,54258811,54258688,54258810,1788524245,1788524257,274,286,6203949,99443356,1
190772,25903926,1788524543,2026-09-04T12:22:23Z,0xf8d521365663b81748c0606dc51cb2bd6a479779d3297e30d41c0534d9e719f8,0xdaa526086787d9debe1d7f3ffdb1fe50cf8687f4,0x3e5aa082,220448,54258811,54258931,54258811,54258930,1788524258,1788524270,273,285,5483778,98148057,1
190773,25903928,1788524567,2026-09-04T12:22:47Z,0xfafb00eb31ab879a830aaa754a4b4e10284aded1f70973820e49bc16f730f032,0xdaa526086787d9debe1d7f3ffdb1fe50cf8687f4,0x3e5aa082,220448,54258931,54259053,54258931,54259052,1788524270,1788524282,285,297,5692706,92720606,1
190774,25903928,1788524567,2026-09-04T12:22:47Z,0xbe2a66d64b8635e18e5ed63c536bf7000f77ea08f029f941a86b2a021b388a60,0xdaa526086787d9debe1d7f3ffdb1fe50cf8687f4,0x3e5aa082,220448,54259053,54259166,54259053,54259165,1788524282,1788524294,273,285,5692706,92720606,1
190775,25903928,1788524567,2026-09-04T12:22:47Z,0x65439bb7c38aeddff6f0ae5a51ea7aa4cd8f32e92bcadfd094c3eb74ad7aa2f8,0xdaa526086787d9debe1d7f3ffdb1fe50cf8687f4,0x3e5aa082,220448,54259166,54259265,54259166,54259264,1788524294,1788524304,263,273,5692706,92720606,1
190776,25903929,1788524579,2026-09-04T12:22:59Z,0xcea9441c5794db65d4739262e1ae02307472cd847c0ccc91fb9e035560a83ef2,0xdaa526086787d9debe1d7f3ffdb1fe50cf8687f4,0x3e5aa082,220448,54259265,54259361,54259265,54259360,1788524304,1788524313,266,275,5887538,94692600,1
190777,25903931,1788524603,2026-09-04T12:23:23Z,0xd41dd888390393657f921c63bf1dab3191540a6c104408b2ecd57e24228e1607,0xdaa526086787d9debe1d7f3ffdb1fe50cf8687f4,0x3e5aa082,220448,54259361,54259457,54259361,54259456,1788524314,1788524323,280,289,5422607,97491188,1
190778,25903931,1788524603,2026-09-04T12:23:23Z,0xb4f5490e09d3c811a65126fff5180338fb7b335e6bac3a602b57a94cf6290a48,0xdaa526086787d9debe1d7f3ffdb1fe50cf8687f4,0x3e5aa082,220448,54259457,54259546,54259457,54259545,1788524324,1788524332,271,279,5422607,97491188,1
190779,25903931,1788524603,2026-09-04T12:23:23Z,0x1e47af0b5dd7283d0fbd94d3158eec96ce25f76166ada1948a8f1e83a7f053d8,0xdaa526086787d9debe1d7f3ffdb1fe50cf8687f4,0x3e5aa082,220448,54259546,54259637,54259546,54259636,1788524333,1788524342,261,270,5422607,97491188,1
190780,25903932,1788524615,2026-09-04T12:23:35Z,0xdc1566d695dbe5ac9d1172587f704d5c7bd19d7e4a08d0cf2156fad2b12c819e,0xdaa526086787d9debe1d7f3ffdb1fe50cf8687f4,0x3e5aa082,220448,54259637,54259745,54259637,54259744,1788524342,1788524353,262,273,5865565,98999113,1
190781,25903933,1788524627,2026-09-04T12:23:47Z,0xccf0bd493d92b870be778109daf091451a780f981709170b2d279bdef9b72da2,0xdaa526086787d9debe1d7f3ffdb1fe50cf8687f4,0x3e5aa082,220448,54259745,54259852,54259745,54259851,1788524353,1788524364,263,274,6021117,96374839,1
190782,25903934,1788524639,2026-09-04T12:23:59Z,0xbd5bbddd2245cbb79258d9a030b8dd4aa3772d3123eb3c3e63c1625f418149f8,0xdaa526086787d9debe1d7f3ffdb1fe50cf8687f4,0x3e5aa082,220448,54259852,54259961,54259852,54259960,1788524364,1788524375,264,275,5322169,96514830,1
190783,25903935,1788524651,2026-09-04T12:24:11Z,0x9b28a4895e9944900de8bc8f85626eaa1d69d2518c732a8cf29d4932c5f4f905,0xdaa526086787d9debe1d7f3ffdb1fe50cf8687f4,0x3e5aa082,220448,54259961,54260081,54259961,54260080,1788524375,1788524387,264,276,5402369,87697460,1
190784,25903936,1788524663,2026-09-04T12:24:23Z,0x22dcd2434fa04d736b8370118ba9b5be3e7ba31b8bc723c56125e0b14f28aa51,0xdaa526086787d9debe1d7f3ffdb1fe50cf8687f4,0x3e5aa082,220448,54260081,54260178,54260081,54260177,1788524387,1788524397,266,276,5463311,96994798,1
190785,25903937,1788524675,2026-09-04T12:24:35Z,0xa6ffd04738cd5e246f9a590b0dea4ee7da6c9c70f82338b811ef0baabc41ee99,0xdaa526086787d9debe1d7f3ffdb1fe50cf8687f4,0x917cf8ac,220482,54260178,54260304,54260178,54260303,1788524397,1788524406,269,278,5671459,97573215,1
190786,25903937,1788524675,2026-09-04T12:24:35Z,0x680b9001f911f5e2b624a75c985c95d2a09f4f2f5e717cbcb86e3ab98410ca62,0xdaa526086787d9debe1d7f3ffdb1fe50cf8687f4,0x3e5aa082,220482,54260304,54260407,54260304,54260406,1788524406,1788524417,258,269,5671459,97573215,1
190787,25903938,1788524687,2026-09-04T12:24:47Z,0x5dc97f2d247e5f9583438ae888ebbda9d3a6e8d81efa91d0e62315568737bed2,0xdaa526086787d9debe1d7f3ffdb1fe50cf8687f4,0x3e5aa082,220482,54260407,54260496,54260407,54260495,1788524417,1788524427,260,270,5865564,101653568,1
190788,25903939,1788524699,2026-09-04T12:24:59Z,0x6c369d2582658069fede13624bfd6f188753876e00d2e67364696d680e179cc7,0xdaa526086787d9debe1d7f3ffdb1fe50cf8687f4,0x3e5aa082,220482,54260496,54260613,54260496,54260612,1788524427,1788524439,260,272,5953952,99750047,1
190789,25903940,1788524711,2026-09-04T12:25:11Z,0xfe5bda66064f264fe300366e692985cf18fcc5040e8a9230f9257f5f23f4105b,0xdaa526086787d9debe1d7f3ffdb1fe50cf8687f4,0x3e5aa082,220482,54260613,54260727,54260613,54260726,1788524439,1788524451,260,272,6021116,98239036,1
190790,25903940,1788524711,2026-09-04T12:25:11Z,0xcd83806ad026f4c13bcc4cee4dfccadac718ff793b1e24e768dcd84fbc490579,0xdaa526086787d9debe1d7f3ffdb1fe50cf8687f4,0x3e5aa082,220482,54260727,54260827,54260727,54260826,1788524451,1788524461,250,260,6021116,98239036,1
190791,25903941,1788524723,2026-09-04T12:25:23Z,0xb2212cda2a8f3978503fa9f4b30334982337e33acecf881c90d885dacdc0addb,0xdaa526086787d9debe1d7f3ffdb1fe50cf8687f4,0x3e5aa082,220482,54260827,54260928,54260827,54260927,1788524462,1788524472,251,261,6203947,98342484,1
190792,25903942,1788524735,2026-09-04T12:25:35Z,0x0860717f30245da4e228546ef5577a913684cb437927ac34c5ad77ea1698b130,0xdaa526086787d9debe1d7f3ffdb1fe50cf8687f4,0x3e5aa082,220482,54260928,54261037,54260928,54261036,1788524472,1788524483,252,263,6344705,94765818,1
190793,25903945,1788524771,2026-09-04T12:26:11Z,0x577bb8120ee364ee9b4165c1a3d9c7cc4a21905916b9e99786d215fdd95c3018,0xdaa526086787d9debe1d7f3ffdb1fe50cf8687f4,0x3e5aa082,220482,54261037,54261144,54261037,54261143,1788524483,1788524494,277,288,4847205,87188173,1
190794,25903945,1788524771,2026-09-04T12:26:11Z,0xb4eb2a5a5c6d66e54f50cff9c615aae22f719cc00ccd7e9a8a92f31bdcf0cf56,0xdaa526086787d9debe1d7f3ffdb1fe50cf8687f4,0x3e5aa082,220482,54261144,54261250,54261144,54261249,1788524494,1788524504,267,277,4847205,87188173,1
190795,25903945,1788524771,2026-09-04T12:26:11Z,0xf04c9f63daed027f1d19082fefab62dae1db7c3f06c4204070ff04c9c23038f3,0xdaa526086787d9debe1d7f3ffdb1fe50cf8687f4,0x3e5aa082,220482,54261250,54261359,54261250,54261358,1788524505,1788524516,255,266,4847205,87188173,1
190796,25903945,1788524771,2026-09-04T12:26:11Z,0xc696149987ecea17eae356be2441661c5f58fac55476a6239a03a6d293e97990,0xdaa526086787d9debe1d7f3ffdb1fe50cf8687f4,0x3e5aa082,220482,54261359,54261454,54261359,54261453,1788524516,1788524525,246,255,4847205,87188173,1
190797,25903945,1788524771,2026-09-04T12:26:11Z,0x18a16e14e3540b1132bc501d935e36f4d623df3aea2ea7028491202fcdc7605e,0xdaa526086787d9debe1d7f3ffdb1fe50cf8687f4,0x3e5aa082,220482,54261454,54261545,54261454,54261544,1788524525,1788524535,236,246,4847205,87188173,1
190798,25903948,1788524807,2026-09-04T12:26:47Z,0xbdcc6b5d5a7810f854c470ca895b9e47011e759fa7bb2eb7627cde04cff8dc75,0xdaa526086787d9debe1d7f3ffdb1fe50cf8687f4,0x3e5aa082,220482,54261545,54261644,54261545,54261643,1788524535,1788524545,262,272,5204095,76654788,1
190799,25903948,1788524807,2026-09-04T12:26:47Z,0xe7242577d768912cfa414f40bb58768275a34c376d16bce30e9d726b50e7907a,0xdaa526086787d9debe1d7f3ffdb1fe50cf8687f4,0x3e5aa082,220482,54261644,54261732,54261644,54261731,1788524545,1788524554,253,262,5204095,76654788,1
190800,25903948,1788524807,2026-09-04T12:26:47Z,0x3437aa8fe46f8c957cb0bbff892402ca053a5fe09207e22a2773f2959a6ba641,0xdaa526086787d9debe1d7f3ffdb1fe50cf8687f4,0x3e5aa082,220482,54261732,54261816,54261732,54261815,1788524554,1788524562,245,253,5204095,76654788,1
190801,25903951,1788524843,2026-09-04T12:27:23Z,0xb6ae652d2f043988857296f3f85db1ce23555eb952b97d38baaa2488b97bc8e3,0xdaa526086787d9debe1d7f3ffdb1fe50cf8687f4,0x3e5aa082,220482,54261816,54261901,54261816,54261900,1788524562,1788524571,272,281,4300578,90732293,1
190802,25903951,1788524843,2026-09-04T12:27:23Z,0x8992b980840b01eaaf59b2351a058c1c439c781e17e323a8d04fab3eddc153f3,0xdaa526086787d9debe1d7f3ffdb1fe50cf8687f4,0x3e5aa082,220482,54261901,54262000,54261901,54261999,1788524571,1788524581,262,272,4300578,90732293,1
190803,25903951,1788524843,2026-09-04T12:27:23Z,0x61d75b88d75127210f053bfa771da37b39e0c18fee885844b945ccb6965d164b,0xdaa526086787d9debe1d7f3ffdb1fe50cf8687f4,0x3e5aa082,220482,54262000,54262087,54262000,54262086,1788524581,1788524590,253,262,4300578,90732293,1
190804,25903951,1788524843,2026-09-04T12:27:23Z,0x3d01ee0d0654317578c96c3181e41cec6255bc45922072d9a1d8aabf0e1b57a7,0xdaa526086787d9debe1d7f3ffdb1fe50cf8687f4,0x3e5aa082,220482,54262087,54262186,54262087,54262185,1788524590,1788524600,243,253,4300578,90732293,1
190805,25903952,1788524855,2026-09-04T12:27:35Z,0x4d702d4d0f328aaea5cf3c10d4c1205a8e10a778e9cfeb1f5ceff0c106fae4a5,0xdaa526086787d9debe1d7f3ffdb1fe50cf8687f4,0x3e5aa082,220482,54262186,54262283,54262186,54262282,1788524600,1788524610,245,255,4617222,99750883,1
190806,25903952,1788524855,2026-09-04T12:27:35Z,0x838ffc5a3d14813a4377c5283cde757bc6013b6cdc1ed110a31f594576a124f8,0xdaa526086787d9debe1d7f3ffdb1fe50cf8687f4,0x3e5aa082,220482,54262283,54262396,54262283,54262395,1788524610,1788524621,234,245,4617222,99750883,1
190807,25903954,1788524879,2026-09-04T12:27:59Z,0xeac4e8d63a96a100ee099ee760e720fc0353486671c537c192fda7f376fbf4e2,0xdaa526086787d9debe1d7f3ffdb1fe50cf8687f4,0x3e5aa082,220482,54262396,54262497,54262396,54262496,1788524621,1788524632,247,258,4793134,97151217,1
190808,25903954,1788524879,2026-09-04T12:27:59Z,0xe61820015aa7f3540a0c59438c7a9763951b327a0e53f77a621f52a3ff9fc373,0xdaa526086787d9debe1d7f3ffdb1fe50cf8687f4,0x3e5aa082,220482,54262497,54262605,54262497,54262604,1788524632,1788524643,236,247,4793134,97151217,1
190809,25903954,1788524879,2026-09-04T12:27:59Z,0xa694657a0c1c3656ad7f7f1105e67c926e93f8b47c87fbf3a2cb88f906543b3c,0xdaa526086787d9debe1d7f3ffdb1fe50cf8687f4,0x3e5aa082,220482,54262605,54262711,54262605,54262710,1788524643,1788524653,226,236,4793134,97151217,1
190810,25903955,1788524891,2026-09-04T12:28:11Z,0x14508ff138ecdb741903832ab44291a1ee6a3f7287670d0f486e9d7de1f90b0c,0xdaa526086787d9debe1d7f3ffdb1fe50cf8687f4,0x3e5aa082,220482,54262711,54262817,54262711,54262816,1788524653,1788524664,227,238,5088641,98251722,1
190811,25903956,1788524903,2026-09-04T12:28:23Z,0x185c045ed3810d06e572f691ce7b23d08047c673641c875c5f8840a21c46c426,0xdaa526086787d9debe1d7f3ffdb1fe50cf8687f4,0x3e5aa082,220482,54262817,54262911,54262817,54262910,1788524664,1788524674,229,239,5262800,101164093,1
190812,25903956,1788524903,2026-09-04T12:28:23Z,0xed08a1662870b35863a057ae630b8e5aa784e73a2d31ae411d9370e751faf2b8,0xdaa526086787d9debe1d7f3ffdb1fe50cf8687f4,0x3e5aa082,220482,54262911,54263015,54262911,54263014,1788524674,1788524684,219,229,5262800,101164093,1
190813,25903957,1788524915,2026-09-04T12:28:35Z,0xfd14c9733524198d2ec92a32bc45970c4372073f889d0ac3e2d621f40bdf5ac9,0xdaa526086787d9debe1d7f3ffdb1fe50cf8687f4,0x3e5aa082,220482,54263015,54263120,54263015,54263119,1788524685,1788524695,220,230,5463308,98878728,1
190814,25903958,1788524927,2026-09-04T12:28:47Z,0x8c686e7a25ca2ca3abf02d045268acee7eebcef236618db9f71300097a2fbb2b,0xdaa526086787d9debe1d7f3ffdb1fe50cf8687f4,0x3e5aa082,220482,54263120,54263223,54263120,54263222,1788524695,1788524706,221,232,5524938,102824815,1
190815,25903959,1788524939,2026-09-04T12:28:59Z,0x51c203018355237c4cb41e0ec1abaf3e17abb7be39da27b557f382a03b8946b3,0xdaa526086787d9debe1d7f3ffdb1fe50cf8687f4,0x3e5aa082,220482,54263223,54263342,54263223,54263341,1788524706,1788524718,221,233,5650290,98441837,1
190816,25903960,1788524951,2026-09-04T12:29:11Z,0xf075f11f7401661799d9a81be02584258ddaf020f79a00cc432add28cef60dcd,0xdaa526086787d9debe1d7f3ffdb1fe50cf8687f4,0x3e5aa082,220482,54263342,54263456,54263342,54263455,1788524718,1788524729,222,233,5976254,99615490,1
190817,25903963,1788524987,2026-09-04T12:29:47Z,0xc802cfaee433c4d49f847dbd044ee65231b922d8b713a4d698c93049dbcecd33,0xdaa526086787d9debe1d7f3ffdb1fe50cf8687f4,0x3e5aa082,220482,54263456,54263585,54263456,54263584,1788524730,1788524743,244,257,6157723,104373897,1
190818,25903963,1788524987,2026-09-04T12:29:47Z,0xc01c332e20c8e8f96a29c6119e23c0f65ca98e49eecee51deac6d3f9052d7441,0xdaa526086787d9debe1d7f3ffdb1fe50cf8687f4,0x3e5aa082,220482,54263585,54263707,54263585,54263706,1788524743,1788524755,232,244,6157723,104373897,1
190819,25904006,1788525503,2026-09-04T12:38:23Z,0x9725f2e7ec0142a1227ac76956d78be792b8f78c0627e1edb1c9ccfbddd97e09,0xdaa526086787d9debe1d7f3ffdb1fe50cf8687f4,0x3e5aa082,220482,54263707,54263830,54263707,54263829,1788524755,1788524767,736,748,15162722,987047670,1
190820,25904015,1788525611,2026-09-04T12:40:11Z,0xf15f4cb2274ccf2e00faadb94a99a1448410e27b8fe44160bdadc4523416fd35,0xdaa526086787d9debe1d7f3ffdb1fe50cf8687f4,0x917cf8ac,220520,54263830,54263988,54263830,54263987,1788524768,1788524780,831,843,24561725,887992278,1
190821,25904015,1788525611,2026-09-04T12:40:11Z,0x547ab2e430281cfab57c0a43be4a393a37fdbbf3c2c62faf4f7dba94300c8723,0xdaa526086787d9debe1d7f3ffdb1fe50cf8687f4,0x3e5aa082,220520,54263988,54264109,54263988,54264108,1788524780,1788524792,819,831,24561725,887992278,1
190822,25904015,1788525611,2026-09-04T12:40:11Z,0x3cdd76ae8b925b63fdb4c444a6bd37a2dbddc1bff124382dc221f8e7e0733ece,0xdaa526086787d9debe1d7f3ffdb1fe50cf8687f4,0x3e5aa082,220520,54264109,54264229,54264109,54264228,1788524792,1788524804,807,819,24561725,887992278,1
190823,25904015,1788525611,2026-09-04T12:40:11Z,0x009b6c22a5fb2cdd84de15311d7fee4ba6d21517484ef42e8dab53658e5070b5,0xdaa526086787d9debe1d7f3ffdb1fe50cf8687f4,0x3e5aa082,220520,54264229,54264356,54264229,54264355,1788524804,1788524817,794,807,24561725,887992278,1
190824,25904023,1788525707,2026-09-04T12:41:47Z,0x317d29214d53cbae2fe3ad78c12e6036dd943d000554516a0ff70279b1ccba4b,0xdaa526086787d9debe1d7f3ffdb1fe50cf8687f4,0x3e5aa082,220520,54264356,54264473,54264356,54264472,1788524818,1788524829,878,889,30169821,970565416,1
190825,25904023,1788525707,2026-09-04T12:41:47Z,0x9eae24983938e6c17179552d77ca61299a469fbb555c869969c9a69bf76b438e,0xdaa526086787d9debe1d7f3ffdb1fe50cf8687f4,0x3e5aa082,220520,54264473,54264590,54264473,54264589,1788524830,1788524841,866,877,30169821,967565416,1
190826,25904023,1788525707,2026-09-04T12:41:47Z,0x38d18310f517b2678f784b76c6adbb1b87651efca577fd2bc09924b50ed27be8,0xdaa526086787d9debe1d7f3ffdb1fe50cf8687f4,0x3e5aa082,220520,54264590,54264696,54264590,54264695,1788524841,1788524852,855,866,30169821,967565416,1
190827,25904025,1788525731,2026-09-04T12:42:11Z,0xa37f98c940209678ca52aaa7ad3f4fb7b59b8566751e15ea25f2ba2241275564,0xdaa526086787d9debe1d7f3ffdb1fe50cf8687f4,0x3e5aa082,220520,54264696,54264779,54264696,54264778,1788524852,1788524861,870,879,35168366,1042970144,1
190828,25904025,1788525731,2026-09-04T12:42:11Z,0x40bea89ffb1528a01c815598491bdaf933355a91aee65e220397b2242cdf5f86,0xdaa526086787d9debe1d7f3ffdb1fe50cf8687f4,0x3e5aa082,220520,54264779,54264889,54264779,54264888,1788524861,1788524872,859,870,35168366,1042970144,1
190829,25904026,1788525743,2026-09-04T12:42:23Z,0x588f62398cc8b112c0554e672a5c69ee45bb9702c9a689cd14265e1bb3d2ce49,0xdaa526086787d9debe1d7f3ffdb1fe50cf8687f4,0x3e5aa082,220520,54264889,54264989,54264889,54264988,1788524872,1788524883,860,871,37757747,1058971301,1
190830,25904026,1788525743,2026-09-04T12:42:23Z,0x855ff0c1d56b2fb89e4389fea3123e5b8f36d9f4d481ea6b6a10d3ea40744c7a,0xdaa526086787d9debe1d7f3ffdb1fe50cf8687f4,0x3e5aa082,220520,54264989,54265095,54264989,54265094,1788524883,1788524893,850,860,37757747,1059016793,1
190831,25904026,1788525743,2026-09-04T12:42:23Z,0x53845660117b20a30714e87f65f577924fa78bf66d0eabb3b2d0c03bb136f71b,0xdaa526086787d9debe1d7f3ffdb1fe50cf8687f4,0x3e5aa082,220520,54265095,54265202,54265095,54265201,1788524893,1788524904,839,850,37757747,1058971301,1
190832,25904026,1788525743,2026-09-04T12:42:23Z,0x2e6312ff6f36cca1ca3218311665fdb61f04c869d0d719c1cc4d9bc390e499f7,0xdaa526086787d9debe1d7f3ffdb1fe50cf8687f4,0x3e5aa082,220520,54265202,54265306,54265202,54265305,1788524904,1788524915,828,839,37757747,1058971301,1
190833,25904027,1788525755,2026-09-04T12:42:35Z,0xde4f8a3bf88ed9c515f20b3e03828f19796e25dde2b5d1fc5737f8f292ebce10,0xdaa526086787d9debe1d7f3ffdb1fe50cf8687f4,0x3e5aa082,220520,54265306,54265417,54265306,54265416,1788524915,1788524926,829,840,40085590,1061275298,1
190834,25904027,1788525755,2026-09-04T12:42:35Z,0xeee07cd82ce4c690b14b5b7393147c32ea0b0ffda38e125e3633750448678a1e,0xdaa526086787d9debe1d7f3ffdb1fe50cf8687f4,0x3e5aa082,220520,54265417,54265520,54265417,54265519,1788524926,1788524936,819,829,40085590,1061275298,1
190835,25904027,1788525755,2026-09-04T12:42:35Z,0xb225b8fa1d4e3fb6eece1628242cfbc2ae17f1825a41b4ff5a3a5b332a539957,0xdaa526086787d9debe1d7f3ffdb1fe50cf8687f4,0x3e5aa082,220520,54265520,54265622,54265520,54265621,1788524936,1788524947,808,819,40085590,1061275298,1
190836,25904027,1788525755,2026-09-04T12:42:35Z,0x88e824830bc818dd9ea2b92f8148f904786842efbe6c40634c7fcfe66bd1e7db,0xdaa526086787d9debe1d7f3ffdb1fe50cf8687f4,0x3e5aa082,220520,54265622,54265713,54265622,54265712,1788524947,1788524956,799,808,40085590,1061275298,1
190837,25904028,1788525767,2026-09-04T12:42:47Z,0x7e3fd2e69b716cd33cb95ddb2c1b0f6e436c00e1f578d7f58fe95502a766dca0,0xdaa526086787d9debe1d7f3ffdb1fe50cf8687f4,0x3e5aa082,220520,54265713,54265823,54265713,54265822,1788524956,1788524967,800,811,43360068,1073223151,1
190838,25904028,1788525767,2026-09-04T12:42:47Z,0x934688d321b62334cb0e4109945dc6ea384f6f21801b9618f260ff6f6c8c8ddc,0xdaa526086787d9debe1d7f3ffdb1fe50cf8687f4,0x3e5aa082,220520,54265823,54265936,54265823,54265935,1788524967,1788524979,788,800,43360068,1073223151,1
190839,25904028,1788525767,2026-09-04T12:42:47Z,0x677bbee516c73e4791494b898976ac8ded5d10f957c8daa470b894b11e932751,0xdaa526086787d9debe1d7f3ffdb1fe50cf8687f4,0x3e5aa082,220520,54265936,54266040,54265936,54266039,1788524979,1788524989,778,788,43360068,1073223151,1
190840,25904028,1788525767,2026-09-04T12:42:47Z,0x56dc9bd900fdc2cee060ed6920e02514313f0e2922d84f66ed57ab39643392d6,0xdaa526086787d9debe1d7f3ffdb1fe50cf8687f4,0x3e5aa082,220520,54266040,54266144,54266040,54266143,1788524989,1788525000,767,778,43360068,1073223151,1
190841,25904055,1788526091,2026-09-04T12:48:11Z,0x209d11a77f18aa243b676225114ce21fb110a4b4acca0a5b2a8cd2bd3eacdd3f,0xdaa526086787d9debe1d7f3ffdb1fe50cf8687f4,0x3e5aa082,220520,54266144,54266170,54266144,54266169,1788525000,1788525003,1088,1091,90572420,1726968112,1
190842,25904055,1788526091,2026-09-04T12:48:11Z,0x34f52f8f406682dfd942a9aab8b10e6e2e99ba2358b335069dc15e7be9dad4ca,0xdaa526086787d9debe1d7f3ffdb1fe50cf8687f4,0x3e5aa082,220520,54266170,54266206,54266170,54266205,1788525003,1788525007,1084,1088,90572420,1727529245,1
190843,25904055,1788526091,2026-09-04T12:48:11Z,0x35a9bc3c2cc5effb2ace96e8e6480cf0caa27362afa410622abedf6bcce53080,0xdaa526086787d9debe1d7f3ffdb1fe50cf8687f4,0x3e5aa082,220520,54266206,54266273,54266206,54266272,1788525007,1788525014,1077,1084,90572420,1734968112,1
190844,25904055,1788526091,2026-09-04T12:48:11Z,0x74bd8db63c484d770899cfde4ae55da231d73e92f1ee1fca97e22ed8453fd496,0xdaa526086787d9debe1d7f3ffdb1fe50cf8687f4,0x3e5aa082,220520,54266273,54266349,54266273,54266348,1788525014,1788525022,1069,1077,90572420,1734968112,1
190845,25904055,1788526091,2026-09-04T12:48:11Z,0x4547068d05629e3d25b25e8f8201d482c44729ee830be027233751e739df3f6e,0xdaa526086787d9debe1d7f3ffdb1fe50cf8687f4,0x3e5aa082,220520,54266349,54266449,54266349,54266448,1788525022,1788525032,1059,1069,90572420,1734968112,1
190846,25904055,1788526091,2026-09-04T12:48:11Z,0xee9f92c9f65cac7b68077de4f8e20ba3a1862ae7a6d77ab47f32997f49bf313f,0xdaa526086787d9debe1d7f3ffdb1fe50cf8687f4,0x3e5aa082,220520,54266449,54266558,54266449,54266557,1788525032,1788525045,1046,1059,90572420,1734968112,1
190847,25904056,1788526103,2026-09-04T12:48:23Z,0xa3269429d39e65540b344adba3b1084d557e71f686a508000a7ffa4ea486a8d5,0xdaa526086787d9debe1d7f3ffdb1fe50cf8687f4,0x3e5aa082,220520,54266558,54266632,54266558,54266631,1788525045,1788525052,1051,1058,97971026,1844721541,1
190848,25904057,1788526115,2026-09-04T12:48:35Z,0x0f82156bb07efbdfc5e43e210504ee25875343807d9043be3fc5dba02202ecd4,0xdaa526086787d9debe1d7f3ffdb1fe50cf8687f4,0x3e5aa082,220520,54266632,54266727,54266632,54266726,1788525052,1788525062,1053,1063,105578487,1811232406,1
190849,25904057,1788526115,2026-09-04T12:48:35Z,0x2ae2b6939fab793f251a40e238249b611e80aab7f73e9c1c94eb2fcc5177fd30,0xdaa526086787d9debe1d7f3ffdb1fe50cf8687f4,0x3e5aa082,220520,54266727,54266828,54266727,54266827,1788525062,1788525072,1043,1053,105578487,1811232406,1
190850,25904057,1788526115,2026-09-04T12:48:35Z,0xfb43420c7d827844d87ba2487c3da33c990ca8c0f32392297635ab48667c7b3d,0xdaa526086787d9debe1d7f3ffdb1fe50cf8687f4,0x3e5aa082,220520,54266828,54266911,54266828,54266910,1788525072,1788525081,1034,1043,105578487,1811232406,1
190851,25904059,1788526139,2026-09-04T12:48:59Z,0xff6f5a8072e06407a102d6814551dccc93d804ffe85bd18d4417d4bd35c45ded,0xdaa526086787d9debe1d7f3ffdb1fe50cf8687f4,0x3e5aa082,220520,54266911,54266973,54266911,54266972,1788525081,1788525087,1052,1058,97605379,1743025217,1
190852,25904059,1788526139,2026-09-04T12:48:59Z,0x4824b0234422dde4ce3587cf7e408a12c9cbc091fc9a8667c7fc6c84c77608d0,0xdaa526086787d9debe1d7f3ffdb1fe50cf8687f4,0x3e5aa082,220520,54266973,54267004,54266973,54267003,1788525087,1788525090,1049,1052,97605379,1743025217,1
190853,25904059,1788526139,2026-09-04T12:48:59Z,0x5c2df7acbb9618cb4a81183632fd082bbb0b2bf9588b92aada62f909e67ad4de,0xdaa526086787d9debe1d7f3ffdb1fe50cf8687f4,0x3e5aa082,220520,54267004,54267076,54267004,54267075,1788525090,1788525098,1041,1049,97605379,1743025217,1
190854,25904060,1788526151,2026-09-04T12:49:11Z,0xe1236e208ae253c076dbd251597c6c5e6d6412900d45e5e5c5934b6b41c95527,0xdaa526086787d9debe1d7f3ffdb1fe50cf8687f4,0x3e5aa082,220520,54267076,54267151,54267076,54267150,1788525098,1788525105,1046,1053,105184448,1826864640,1
190855,25904060,1788526151,2026-09-04T12:49:11Z,0x58b5b90d81b5d8302775d677db27684fa232e52e48cd7dbe4e7ac204cc8db2e0,0xdaa526086787d9debe1d7f3ffdb1fe50cf8687f4,0x3e5aa082,220520,54267151,54267243,54267151,54267242,1788525105,1788525115,1036,1046,105184448,1826864640,1
190856,25904060,1788526151,2026-09-04T12:49:11Z,0x773957b8d8c6363b1a1c1226b0e89cf75fb4a70992625bb8b2ea496d56e49e8d,0xdaa526086787d9debe1d7f3ffdb1fe50cf8687f4,0x3e5aa082,220520,54267243,54267342,54267243,54267341,1788525115,1788525125,1026,1036,105184448,1826864640,1
190857,25904061,1788526163,2026-09-04T12:49:23Z,0x27327451c27466c4c06413fad08c126d26600613e2bd910ddd597f7db30973a6,0xdaa526086787d9debe1d7f3ffdb1fe50cf8687f4,0x3e5aa082,220520,54267342,54267417,54267342,54267416,1788525125,1788525133,1030,1038,112928981,1665698089,1
190858,25904061,1788526163,2026-09-04T12:49:23Z,0x855f505c78d37489a506f7dd9b6cedb830afd95c768f1c80212163405b4cf475,0xdaa526086787d9debe1d7f3ffdb1fe50cf8687f4,0x3e5aa082,220520,54267417,54267502,54267417,54267501,1788525133,1788525141,1022,1030,112928981,1665698089,1
190859,25904063,1788526187,2026-09-04T12:49:47Z,0x68dab5b0ced2ec8bc6744b9da6514f8bbb4ae55dddadd58f560840fd4445d55d,0xdaa526086787d9debe1d7f3ffdb1fe50cf8687f4,0x3e5aa082,220520,54267502,54267587,54267502,54267586,1788525141,1788525150,1037,1046,103236212,1734307187,1
190860,25904063,1788526187,2026-09-04T12:49:47Z,0xe06955195db03449c60df7847d6f09e0cc813c0320460d7fd70a5958f40d3adb,0xdaa526086787d9debe1d7f3ffdb1fe50cf8687f4,0x3e5aa082,220520,54267587,54267671,54267587,54267670,1788525150,1788525159,1028,1037,103236212,1734307187,1
190861,25904064,1788526199,2026-09-04T12:49:59Z,0x0b7539cda5042323ab01417ee8e37c1204e6212dd4b9a007965d6abc2bdbc544,0xdaa526086787d9debe1d7f3ffdb1fe50cf8687f4,0x917cf8ac,220557,54267671,54267801,54267671,54267800,1788525159,1788525168,1031,1040,110837300,1803851959,1
190862,25904064,1788526199,2026-09-04T12:49:59Z,0x68151ff0f37b7399ea0be469a17c3c42f6aad5e7b68d57ac6a04020159f4c401,0xdaa526086787d9debe1d7f3ffdb1fe50cf8687f4,0x3e5aa082,220557,54267801,54267892,54267801,54267891,1788525168,1788525177,1022,1031,110837300,1803851959,1
190863,25904064,1788526199,2026-09-04T12:49:59Z,0x8f89f2957a497423306f35ce2fd6487eca0266f56353e17b1285a9862dfb1803,0xdaa526086787d9debe1d7f3ffdb1fe50cf8687f4,0x3e5aa082,220557,54267892,54267982,54267892,54267981,1788525178,1788525187,1012,1021,110837300,1803851959,1
190864,25904064,1788526199,2026-09-04T12:49:59Z,0x17cb08d9b6b3d8a689d94d21faab302ab7681baaa58536e6ed6217f3f39df1c4,0xdaa526086787d9debe1d7f3ffdb1fe50cf8687f4,0x3e5aa082,220557,54267982,54268061,54267982,54268060,1788525187,1788525195,1004,1012,110837300,1803851959,1
190865,25904064,1788526199,2026-09-04T12:49:59Z,0x0ef394a96ae5a24491d2a5cfb745b5ef2844d8b1269b43d6b2b384c1a56105e1,0xdaa526086787d9debe1d7f3ffdb1fe50cf8687f4,0x3e5aa082,220557,54268061,54268148,54268061,54268147,1788525195,1788525204,995,1004,110837300,1803851959,1
190866,25904065,1788526211,2026-09-04T12:50:11Z,0xd2ff6e354c68e719278dfe9e20d2d1d46207f7d4a675100eb2e8c138298bfb16,0xdaa526086787d9debe1d7f3ffdb1fe50cf8687f4,0x3e5aa082,220557,54268148,54268248,54268148,54268247,1788525204,1788525214,997,1007,118998042,1887417031,1
190867,25904065,1788526211,2026-09-04T12:50:11Z,0x3d507e528f7811825a36bbc288ad7ef7c77e820a6a85b9c92e285c82f22ecb35,0xdaa526086787d9debe1d7f3ffdb1fe50cf8687f4,0x3e5aa082,220557,54268248,54268345,54268248,54268344,1788525214,1788525224,987,997,118998042,1887417031,1
190868,25904066,1788526223,2026-09-04T12:50:23Z,0x31dd13d5747b9a770381512543fead352e489792b6576557c58b11ac91847890,0xdaa526086787d9debe1d7f3ffdb1fe50cf8687f4,0x3e5aa082,220557,54268345,54268433,54268345,54268432,1788525224,1788525233,990,999,112507499,1845849835,1
190869,25904066,1788526223,2026-09-04T12:50:23Z,0xbcdc1f27f78d82635d9e6bdf70b393583aba52ffe3b0dd6585e73e89a9818af6,0xdaa526086787d9debe1d7f3ffdb1fe50cf8687f4,0x3e5aa082,220557,54268433,54268515,54268433,54268514,1788525233,1788525241,982,990,112507499,1845849835,1
190870,25904066,1788526223,2026-09-04T12:50:23Z,0x3fc20fbc90dd7215ea23f5c91a03bc19926241be2aa4485893f19cbc0666c748,0xdaa526086787d9debe1d7f3ffdb1fe50cf8687f4,0x3e5aa082,220557,54268515,54268600,54268515,54268599,1788525241,1788525250,973,982,112507499,1845849835,1
190871,25904072,1788526295,2026-09-04T12:51:35Z,0x1e8fc02908cd289d083a477f273d39a62b0fe96da297380fda934c89b2dd3038,0xdaa526086787d9debe1d7f3ffdb1fe50cf8687f4,0x3e5aa082,220557,54268600,54268689,54268600,54268688,1788525250,1788525259,1036,1045,101703621,1825135394,1
190872,25904072,1788526295,2026-09-04T12:51:35Z,0xcef411e38379f1956e1ec013398defea62c7243abaa0b9e452da8bf1257ee0b0,0xdaa526086787d9debe1d7f3ffdb1fe50cf8687f4,0x3e5aa082,220557,54268689,54268770,54268689,54268769,1788525259,1788525267,1028,1036,101703621,1825135394,1
190873,25904072,1788526295,2026-09-04T12:51:35Z,0xc9fcf2a2628df7ab0c23e0d1a4b44561554223845e25d8c5ae26f39e427e5b59,0xdaa526086787d9debe1d7f3ffdb1fe50cf8687f4,0x3e5aa082,220557,54268770,54268856,54268770,54268855,1788525267,1788525276,1019,1028,101703621,1825135394,1
190874,25904073,1788526307,2026-09-04T12:51:47Z,0xc08a9da10e322755a00626326d736d1a906c7bf5328e6a1c3147fdf580122832,0xdaa526086787d9debe1d7f3ffdb1fe50cf8687f4,0x3e5aa082,220557,54268856,54268944,54268856,54268943,1788525276,1788525285,1022,1031,109600918,1791082539,1
190875,25904073,1788526307,2026-09-04T12:51:47Z,0x0accb2e838c33ac338124d10092027b1ad80eea4effd614746559ac331ef2273,0xdaa526086787d9debe1d7f3ffdb1fe50cf8687f4,0x3e5aa082,220557,54268944,54269027,54268944,54269026,1788525285,1788525294,1013,1022,109600918,1791082539,1
190876,25904073,1788526307,2026-09-04T12:51:47Z,0xae450aa360af8b8ff6330b654ffebbeba3b2f0431243b73375792d710bf4ba86,0xdaa526086787d9debe1d7f3ffdb1fe50cf8687f4,0x3e5aa082,220557,54269027,54269095,54269027,54269094,1788525294,1788525301,1006,1013,109600918,1791082539,1
190877,25904073,1788526307,2026-09-04T12:51:47Z,0xa220e9b95e6c463c5509876784ac1c03022d3947a5645c510fc04f159035cc27,0xdaa526086787d9debe1d7f3ffdb1fe50cf8687f4,0x3e5aa082,220557,54269095,54269174,54269095,54269173,1788525301,1788525309,998,1006,109600918,1791082539,1
190878,25904073,1788526307,2026-09-04T12:51:47Z,0x7d732a85339f0efdfbf0ca315e4054881fac30d550ff30f8a123155b328fce71,0xdaa526086787d9debe1d7f3ffdb1fe50cf8687f4,0x3e5aa082,220557,54269174,54269251,54269174,54269250,1788525309,1788525317,990,998,109600918,1791082539,1
190879,25904075,1788526331,2026-09-04T12:52:11Z,0x5bffbcbb0c6dd81100938fce3fd89df0ef31c1b0bd9f7391621382b965ea9ff2,0xdaa526086787d9debe1d7f3ffdb1fe50cf8687f4,0x3e5aa082,220557,54269251,54269340,54269251,54269339,1788525317,1788525326,1005,1014,124459031,1721488152,1
190880,25904075,1788526331,2026-09-04T12:52:11Z,0x8ba1cf7783c5fb091115f6ea8c2feaafc8ad9c40c1a349a655f9061abd61069f,0xdaa526086787d9debe1d7f3ffdb1fe50cf8687f4,0x3e5aa082,220557,54269340,54269430,54269340,54269429,1788525326,1788525335,996,1005,124459031,1721388152,1
190881,25904075,1788526331,2026-09-04T12:52:11Z,0xd35a1e2347b1e44f92d501697d83991e27eab5b975fa5a7962927437b5e0646a,0xdaa526086787d9debe1d7f3ffdb1fe50cf8687f4,0x3e5aa082,220557,54269430,54269511,54269430,54269510,1788525335,1788525344,987,996,124459031,1721388152,1
190882,25904075,1788526331,2026-09-04T12:52:11Z,0x66141be95edfd82639edf6e9a5b61d8a8ad01956d1d3053d19ad57a9554548e4,0xdaa526086787d9debe1d7f3ffdb1fe50cf8687f4,0x3e5aa082,220557,54269511,54269599,54269511,54269598,1788525344,1788525353,978,987,124459031,1721388152,1
190883,25904075,1788526331,2026-09-04T12:52:11Z,0x37871eaf604791c8f638ad40d392ca66df6319e9c431c8b676e36874563a9989,0xdaa526086787d9debe1d7f3ffdb1fe50cf8687f4,0x3e5aa082,220557,54269599,54269694,54269599,54269693,1788525353,1788525363,968,978,124459031,1721388152,1
190884,25904075,1788526331,2026-09-04T12:52:11Z,0x70b1f5cb781fe927fd669ce433f53a4a9230f393d8783e51e1ceb324031ed49c,0xdaa526086787d9debe1d7f3ffdb1fe50cf8687f4,0x3e5aa082,220557,54269694,54269795,54269694,54269794,1788525363,1788525373,958,968,124459031,1721388152,1
190885,25904077,1788526355,2026-09-04T12:52:35Z,0x970d62af9e3fc10f59a5c3a8ed5c352909bd3f87a2ec88fd71f8b347bdd9798e,0xdaa526086787d9debe1d7f3ffdb1fe50cf8687f4,0x3e5aa082,220557,54269795,54269880,54269795,54269879,1788525373,1788525382,973,982,128718634,1605183192,1
190886,25904077,1788526355,2026-09-04T12:52:35Z,0xd9f37512ebfe6b3acfb5de38bebec1c212a96c08dfc423aeff00777483b74b4f,0xdaa526086787d9debe1d7f3ffdb1fe50cf8687f4,0x3e5aa082,220557,54269880,54269981,54269880,54269980,1788525382,1788525392,963,973,128718634,1605183192,1
190887,25904077,1788526355,2026-09-04T12:52:35Z,0xd66a16bf980831ca06e481d161bd9b339d8dc5ba9f4c7c19ec4bda3f5bf81365,0xdaa526086787d9debe1d7f3ffdb1fe50cf8687f4,0x3e5aa082,220557,54269981,54270074,54269981,54270073,1788525392,1788525402,953,963,128718634,1605183192,1
190888,25904077,1788526355,2026-09-04T12:52:35Z,0x4e555a0a4a16382247a064ec9bbc38f091ba72272364a51d9cee829b9cea8363,0xdaa526086787d9debe1d7f3ffdb1fe50cf8687f4,0x3e5aa082,220557,54270074,54270181,54270074,54270180,1788525402,1788525413,942,953,128718634,1605183192,1
190889,25904077,1788526355,2026-09-04T12:52:35Z,0xf8e04c614e27dc9c2c906d8469dbe240bccc4a9757fc0549c1c246c93db01631,0xdaa526086787d9debe1d7f3ffdb1fe50cf8687f4,0x3e5aa082,220557,54270181,54270275,54270181,54270274,1788525413,1788525423,932,942,128718634,1605183192,1
190890,25904077,1788526355,2026-09-04T12:52:35Z,0x13e16f5f4f1931eb232fd76d26fd17181228ef5f2064ce273d8e2d37d2f085f5,0xdaa526086787d9debe1d7f3ffdb1fe50cf8687f4,0x3e5aa082,220557,54270275,54270378,54270275,54270377,1788525423,1788525433,922,932,128718634,1605183192,1
190891,25904078,1788526367,2026-09-04T12:52:47Z,0x3118f6c15d4fbcd9a07cda23e274a5e755ad7353e7b0f853033e951c1d1dc90d,0xdaa526086787d9debe1d7f3ffdb1fe50cf8687f4,0x3e5aa082,220557,54270378,54270446,54270378,54270445,1788525433,1788525440,927,934,134625738,1637632208,1
190892,25904078,1788526367,2026-09-04T12:52:47Z,0xedbdae6e259739037a574cfcbedf1c0b51facd762eac1e5b82a4083f495a61d5,0xdaa526086787d9debe1d7f3ffdb1fe50cf8687f4,0x3e5aa082,220557,54270446,54270547,54270446,54270546,1788525440,1788525451,916,927,134625738,1637632208,1
190893,25904079,1788526379,2026-09-04T12:52:59Z,0xf3e8c8fe1e593e83e0d90986759c2301e6311097a4a436738aed082e52cbdff8,0xdaa526086787d9debe1d7f3ffdb1fe50cf8687f4,0x3e5aa082,220557,54270547,54270632,54270547,54270631,1788525451,1788525459,920,928,131639056,1588715686,1
190894,25904079,1788526379,2026-09-04T12:52:59Z,0xa98b78b33a16d8c457a2d444f4a0d415c4ceb72d62f54c96c440f0ea29ebb0d3,0xdaa526086787d9debe1d7f3ffdb1fe50cf8687f4,0x3e5aa082,220557,54270632,54270725,54270632,54270724,1788525460,1788525469,910,919,131639056,1588715686,1
190895,25904079,1788526379,2026-09-04T12:52:59Z,0x1846501801c8831e74f14efee9931a30a4eb7f0e2ff9d3c65b6f693a8524caa9,0xdaa526086787d9debe1d7f3ffdb1fe50cf8687f4,0x3e5aa082,220557,54270725,54270824,54270725,54270823,1788525469,1788525479,900,910,131639056,1588715686,1
190896,25904079,1788526379,2026-09-04T12:52:59Z,0xd666b7ddd5ff449829bec9d85a2582c5c508959ffc94efa59168001f62ee9a0e,0xdaa526086787d9debe1d7f3ffdb1fe50cf8687f4,0x3e5aa082,220557,54270824,54270913,54270824,54270912,1788525479,1788525488,891,900,131639056,1588715686,1
190897,25904079,1788526379,2026-09-04T12:52:59Z,0x7c6343496dbffbb9f15d569facfb7a887d223d0febdab1baba7d48d4912b0216,0xdaa526086787d9debe1d7f3ffdb1fe50cf8687f4,0x3e5aa082,220557,54270913,54271007,54270913,54271006,1788525488,1788525498,881,891,131639056,1588715686,1
190898,25904079,1788526379,2026-09-04T12:52:59Z,0x7a0f0d1eb331514a1dbbb83a193fd396e12ec37a3b083c52b9ebdec10bc61770,0xdaa526086787d9debe1d7f3ffdb1fe50cf8687f4,0x3e5aa082,220557,54271007,54271105,54271007,54271104,1788525498,1788525508,871,881,131639056,1588715686,1
190899,25904080,1788526391,2026-09-04T12:53:11Z,0x0a854446975b77ced86331c9fea2331f7d78d9d1aeb103866b69d4de0453a0fd,0xdaa526086787d9debe1d7f3ffdb1fe50cf8687f4,0x3e5aa082,220557,54271105,54271209,54271105,54271208,1788525508,1788525519,872,883,142392279,1652265157,1
190900,25904080,1788526391,2026-09-04T12:53:11Z,0x7610044cf0d706fe6bbbc23274a936e4eabfc4b0267d169922467886cdd4be19,0xdaa526086787d9debe1d7f3ffdb1fe50cf8687f4,0x3e5aa082,220557,54271209,54271344,54271209,54271343,1788525519,1788525532,859,872,142392279,1652265157,1
190901,25904080,1788526391,2026-09-04T12:53:11Z,0x78d8007224d32f2e3fe7b48e13cd4c5d872c5c3b97a2034e97d46d3d84131cc8,0xdaa526086787d9debe1d7f3ffdb1fe50cf8687f4,0x917cf8ac,220587,54271344,54271510,54271344,54271509,1788525532,1788525546,845,859,142392279,1652265157,1
190902,25904080,1788526391,2026-09-04T12:53:11Z,0x0b50f1d1c5730a33443707bbd7c273ab909ca149a0b103be623149face72b939,0xdaa526086787d9debe1d7f3ffdb1fe50cf8687f4,0x3e5aa082,220587,54271510,54271698,54271510,54271697,1788525546,1788525565,826,845,142392279,1652265157,1
190903,25904080,1788526391,2026-09-04T12:53:11Z,0xe5c6186774d42de90ebf4bbd6b7136c2c05812a692905bd392c1717532b42889,0xdaa526086787d9debe1d7f3ffdb1fe50cf8687f4,0x3e5aa082,220587,54271698,54271869,54271698,54271868,1788525565,1788525582,809,826,142392279,1652265157,1
190904,25904084,1788526439,2026-09-04T12:53:59Z,0x3ee27acec505312d865b61cfd45a94e2a41d1487153a4fce51261ca33fc53f80,0xdaa526086787d9debe1d7f3ffdb1fe50cf8687f4,0x3e5aa082,220587,54271869,54272054,54271869,54272053,1788525582,1788525602,837,857,106370953,1616729253,1
190905,25904084,1788526439,2026-09-04T12:53:59Z,0xf7f5f68d535af9230a7f5962707dd7a4cf2538bad4fcdf839755c9accb50a1c1,0xdaa526086787d9debe1d7f3ffdb1fe50cf8687f4,0x3e5aa082,220587,54272054,54272183,54272054,54272182,1788525602,1788525615,824,837,106370953,1616729253,1
190906,25904084,1788526439,2026-09-04T12:53:59Z,0x828c000821c1e1f2e6db84ed724a9e3d9b7470179bbf978b4546f309573b91b8,0xdaa526086787d9debe1d7f3ffdb1fe50cf8687f4,0x3e5aa082,220587,54272183,54272332,54272183,54272331,1788525615,1788525630,809,824,106370953,1616729253,1
190907,25904084,1788526439,2026-09-04T12:53:59Z,0x8fcd442f9c911f1cbbc178f12d7705249dc0f48f59c86ee0cb7c69ed4c8e2e60,0xdaa526086787d9debe1d7f3ffdb1fe50cf8687f4,0x3e5aa082,220587,54272332,54272469,54272332,54272468,1788525630,1788525644,795,809,106370953,1616729253,1
190908,25904086,1788526463,2026-09-04T12:54:23Z,0xf9ac5dcf2c77b8853e3deaa198d361961c22c9ea6018e0cf3d62e7a393bd5d2c,0xdaa526086787d9debe1d7f3ffdb1fe50cf8687f4,0x3e5aa082,220587,54272469,54272667,54272469,54272666,1788525644,1788525664,799,819,105184412,1742031347,1
190909,25904086,1788526463,2026-09-04T12:54:23Z,0x62d7a46235d952223c507c9e8e141fca35d726ac2065a283e308b294f689dc1a,0xdaa526086787d9debe1d7f3ffdb1fe50cf8687f4,0x3e5aa082,220587,54272667,54272808,54272667,54272807,1788525664,1788525679,784,799,105184412,1742031347,1
190910,25904086,1788526463,2026-09-04T12:54:23Z,0x070386d4674a1630f2ca911b0064e89f94a0c256738f5d131116c8a52fc7a34d,0xdaa526086787d9debe1d7f3ffdb1fe50cf8687f4,0x3e5aa082,220587,54272808,54272959,54272808,54272958,1788525680,1788525695,768,783,105184412,1742031347,1
190911,25904086,1788526463,2026-09-04T12:54:23Z,0x19843b53ab598d94f86dcc939f77a0a897f969a44d78be7c064e719d23f353a8,0xdaa526086787d9debe1d7f3ffdb1fe50cf8687f4,0x3e5aa082,220587,54272959,54273104,54272959,54273103,1788525695,1788525709,754,768,105184412,1742031347,1
190912,25904086,1788526463,2026-09-04T12:54:23Z,0xe1f4816785db1f3c2f7e5bf609eadb2a7a60be91f2c49db1b6245dc86667eb32,0xdaa526086787d9debe1d7f3ffdb1fe50cf8687f4,0x3e5aa082,220587,54273104,54273284,54273104,54273283,1788525710,1788525728,735,753,105184412,1742031347,1
190913,25904086,1788526463,2026-09-04T12:54:23Z,0x830bc55397b4e846c145dc81fccc05759af666f19c12326741247fc93dbdd2b1,0xdaa526086787d9debe1d7f3ffdb1fe50cf8687f4,0x3e5aa082,220587,54273284,54273450,54273284,54273449,1788525728,1788525745,718,735,105184412,1742031347,1
190914,25904088,1788526487,2026-09-04T12:54:47Z,0x7fa8da343816fffaad1f7f0847a529de547e1b8a116bdae18a05ebec86fe0ed7,0xdaa526086787d9debe1d7f3ffdb1fe50cf8687f4,0x3e5aa082,220587,54273450,54273593,54273450,54273592,1788525745,1788525759,728,742,117231459,1859873261,1
190915,25904088,1788526487,2026-09-04T12:54:47Z,0x4cfdca46c38936c8ecc79ea179611fb46692cbef345b518861a992080305903a,0xdaa526086787d9debe1d7f3ffdb1fe50cf8687f4,0x3e5aa082,220587,54273593,54273715,54273593,54273714,1788525759,1788525772,715,728,117231459,1859873261,1
190916,25904088,1788526487,2026-09-04T12:54:47Z,0xe60dac313e1418fb9c75b99e30a9601f94e9edeb77aa234b74910cee4fecfb59,0xdaa526086787d9debe1d7f3ffdb1fe50cf8687f4,0x3e5aa082,220587,54273715,54273826,54273715,54273825,1788525772,1788525783,704,715,117231459,1859873261,1
190917,25904088,1788526487,2026-09-04T12:54:47Z,0xf6a0afe442ecab443d94e0f84fa105956fcd37769f1830286e00628ce2ab1efa,0xdaa526086787d9debe1d7f3ffdb1fe50cf8687f4,0x3e5aa082,220587,54273826,54273953,54273826,54273952,1788525783,1788525796,691,704,117231459,1859873261,1
190918,25904088,1788526487,2026-09-04T12:54:47Z,0xe20637b7efa8424e75c3936817d5b10b365c662a52daee31acc62e565f185051,0xdaa526086787d9debe1d7f3ffdb1fe50cf8687f4,0x3e5aa082,220587,54273953,54274079,54273953,54274078,1788525796,1788525809,678,691,117231459,1859873261,1
190919,25904089,1788526499,2026-09-04T12:54:59Z,0x55dff479f20083d28155de08d531694bffb74e5f7375a35213aa4802d7d66d96,0xdaa526086787d9debe1d7f3ffdb1fe50cf8687f4,0x3e5aa082,220587,54274079,54274213,54274079,54274212,1788525809,1788525823,676,690,126807766,1843082640,1
190920,25904089,1788526499,2026-09-04T12:54:59Z,0xb0dbf8fbb4930fcd6f51937204447337c26fb7d6cb52a9b03d7124d606d9af71,0xdaa526086787d9debe1d7f3ffdb1fe50cf8687f4,0x3e5aa082,220587,54274213,54274351,54274213,54274350,1788525823,1788525837,662,676,126807766,1843082640,1
190921,25904090,1788526511,2026-09-04T12:55:11Z,0x5c24bff9723cb4df55e8514a8270f43bd60fea07cc94f2d03c79faeb14659580,0xdaa526086787d9debe1d7f3ffdb1fe50cf8687f4,0x3e5aa082,220587,54274351,54274497,54274351,54274496,1788525837,1788525852,659,674,134123289,1879584512,1
190922,25904090,1788526511,2026-09-04T12:55:11Z,0x36decbfc1c766134bea1040123a31847521e5067f98cdf12d9fd1d6de1485400,0xdaa526086787d9debe1d7f3ffdb1fe50cf8687f4,0x3e5aa082,220587,54274497,54274724,54274497,54274723,1788525852,1788525875,636,659,134123289,1879584512,1
190923,25904090,1788526511,2026-09-04T12:55:11Z,0x9a6a8f2f8c2638a29a251030a8f240b7163d777cfe8f03e1274a681ff90ed1e9,0xdaa526086787d9debe1d7f3ffdb1fe50cf8687f4,0x3e5aa082,220587,54274724,54274977,54274724,54274976,1788525875,1788525900,611,636,134123289,1879584512,1
190924,25904094,1788526559,2026-09-04T12:55:59Z,0xf51a988e7a8f4a4cd2b14a190a7f8147786621df8de09d3ff6e05b131052f8d0,0xdaa526086787d9debe1d7f3ffdb1fe50cf8687f4,0x3e5aa082,220587,54274977,54275141,54274977,54275140,1788525900,1788525917,642,659,113776620,1900678482,1
190925,25904094,1788526559,2026-09-04T12:55:59Z,0xfacb3f5bb3e974ac33af6e650fbb2ab994e69a06865cab31d0ff46478862c34d,0xdaa526086787d9debe1d7f3ffdb1fe50cf8687f4,0x917cf8ac,220593,54275141,54275294,54275141,54275293,1788525917,1788525932,627,642,113776620,1900678482,1
190926,25904098,1788526607,2026-09-04T12:56:47Z,0xe9eb0329ed4395e689a52ce840e2069ffffcbb1234e81cc4ef10922ec6afa4d9,0xdaa526086787d9debe1d7f3ffdb1fe50cf8687f4,0x3e5aa082,220593,54275294,54275442,54275294,54275441,1788525932,1788525947,660,675,99447293,1764205098,1
190927,25904098,1788526607,2026-09-04T12:56:47Z,0x9477850ce6b83a55d318caf42768de682e3df43e7e439db35ae6e3d546440850,0xdaa526086787d9debe1d7f3ffdb1fe50cf8687f4,0x3e5aa082,220593,54275442,54275622,54275442,54275621,1788525947,1788525965,642,660,99447293,1764205098,1
190928,25904098,1788526607,2026-09-04T12:56:47Z,0x3f38aced3ddf0649ee857e6d6a71acfc706566dc32617d267d0ae8c5915cc54e,0xdaa526086787d9debe1d7f3ffdb1fe50cf8687f4,0x3e5aa082,220593,54275622,54275780,54275622,54275779,1788525965,1788525981,626,642,99447293,1764205098,1
190929,25904098,1788526607,2026-09-04T12:56:47Z,0x4ac066e3c4c876751bd6509215012143d0926e5d620fb7026a6526c5cb6e9b5c,0xdaa526086787d9debe1d7f3ffdb1fe50cf8687f4,0x3e5aa082,220593,54275780,54275916,54275780,54275915,1788525982,1788525995,612,625,99447293,1764205098,1
190930,25904099,1788526619,2026-09-04T12:56:59Z,0xe9286d0fc7ad683842da091005c5f9a0d42578a1c69eb1e8f3be04f673a3bcbb,0xdaa526086787d9debe1d7f3ffdb1fe50cf8687f4,0x3e5aa082,220593,54275916,54276026,54275916,54276025,1788525995,1788526006,613,624,107169386,1936257542,1
190931,25904099,1788526619,2026-09-04T12:56:59Z,0xae6790326a8fd7d016f1fd0f4eafe2b6fe2d389f6698871751dfba910b352453,0xdaa526086787d9debe1d7f3ffdb1fe50cf8687f4,0x3e5aa082,220593,54276026,54276165,54276026,54276164,1788526007,1788526021,598,612,107169386,1936257542,1
190932,25904100,1788526631,2026-09-04T12:57:11Z,0x1e9176faa24ba5c1cdda8f9592df15e1431817dbbe9717bb14963b069980b820,0xdaa526086787d9debe1d7f3ffdb1fe50cf8687f4,0x3e5aa082,220593,54276165,54276265,54276165,54276264,1788526021,1788526031,600,610,110423587,1965041570,1
190933,25904101,1788526643,2026-09-04T12:57:23Z,0x872398bcf8c2d3fae83834ab159ace65b0aac24eeee8a0f0c6d01cd75a03abd3,0xdaa526086787d9debe1d7f3ffdb1fe50cf8687f4,0x3e5aa082,220593,54276265,54276387,54276265,54276386,1788526031,1788526043,600,612,114202827,1928472868,1
190934,25904101,1788526643,2026-09-04T12:57:23Z,0x09518d1711869179ef0729f540b7cc63288c8b50b202c5d827b53ff3a41aee0b,0xdaa526086787d9debe1d7f3ffdb1fe50cf8687f4,0x3e5aa082,220593,54276387,54276553,54276387,54276552,1788526043,1788526060,583,600,114202827,1928472868,1
190935,25904102,1788526655,2026-09-04T12:57:35Z,0xf1e5b74b137e576a7ae9276d446b6d37b122ecf9c483fe623a806279dbbcb53b,0xdaa526086787d9debe1d7f3ffdb1fe50cf8687f4,0x3e5aa082,220593,54276553,54276707,54276553,54276706,1788526060,1788526076,579,595,116793909,1881491986,1
190936,25904103,1788526667,2026-09-04T12:57:47Z,0xce42b11e837c06fb88fc57654e69f3b291af3d706f57189073695cbf2bbe0f76,0xdaa526086787d9debe1d7f3ffdb1fe50cf8687f4,0x3e5aa082,220593,54276707,54276904,54276707,54276903,1788526076,1788526096,571,591,122153768,1867907579,1
190937,25904103,1788526667,2026-09-04T12:57:47Z,0xccdab4e35b795ce41275ceb065f4d204bb7b94d2ba7e6944b2dd4aca568a5abd,0xdaa526086787d9debe1d7f3ffdb1fe50cf8687f4,0x3e5aa082,220593,54276904,54277043,54276904,54277042,1788526096,1788526110,557,571,122153768,1867907579,1
190938,25904104,1788526679,2026-09-04T12:57:59Z,0xfb569250930fadc262aa248aaf014472c98f238b49072aad47c495dd3a2e30cc,0xdaa526086787d9debe1d7f3ffdb1fe50cf8687f4,0x3e5aa082,220593,54277043,54277157,54277043,54277156,1788526110,1788526121,558,569,112928923,1817316897,1
190939,25904105,1788526691,2026-09-04T12:58:11Z,0x7dd2a4fd022f0724058014985856a21febaede30991912707b36bcb671c57348,0xdaa526086787d9debe1d7f3ffdb1fe50cf8687f4,0x3e5aa082,220593,54277157,54277248,54277157,54277247,1788526121,1788526131,560,570,115491102,1787099128,1
190940,25904105,1788526691,2026-09-04T12:58:11Z,0x05e31a36da1362fc410ac483af3f2f7cd292be122f2f3b1766893b786d740771,0xdaa526086787d9debe1d7f3ffdb1fe50cf8687f4,0x3e5aa082,220593,54277248,54277326,54277248,54277325,1788526131,1788526139,552,560,115491102,1787099128,1
190941,25904112,1788526775,2026-09-04T12:59:35Z,0x68eddf7eb40a83e3f99a2c73db029ec0b5c6550bb81bfe5871fbe74377445bcc,0xdaa526086787d9debe1d7f3ffdb1fe50cf8687f4,0x3e5aa082,220593,54277326,54277477,54277326,54277476,1788526139,1788526154,621,636,82798473,1457732397,1
190942,25904112,1788526775,2026-09-04T12:59:35Z,0x283174ad2e2857593f90312331dd8fb96dce20600fa5db4e4e2f32dcc406e393,0xdaa526086787d9debe1d7f3ffdb1fe50cf8687f4,0x3e5aa082,220593,54277477,54277630,54277477,54277629,1788526154,1788526170,605,621,82798473,1457732397,1
190943,25904114,1788526799,2026-09-04T12:59:59Z,0x4ba9b2092f9f5d60e4930edfab5b54a6709af2e4276a2997d4ce4e85fbe3f9a2,0xdaa526086787d9debe1d7f3ffdb1fe50cf8687f4,0x3e5aa082,220593,54277630,54277798,54277630,54277797,1788526170,1788526186,613,629,91594067,1373464291,1
190944,25904114,1788526799,2026-09-04T12:59:59Z,0x846bef5f0be85307f0f3d69276059445bdc4c37ad37d01884bf5279ef4c4ebf2,0xdaa526086787d9debe1d7f3ffdb1fe50cf8687f4,0x3e5aa082,220593,54277798,54277986,54277798,54277985,1788526187,1788526205,594,612,91594067,1373464291,1
190945,25904114,1788526799,2026-09-04T12:59:59Z,0xfb4fd94dfeedf169327fe857a13f8c79bafcd6ae5ec08719fc5a3033528a089c,0xdaa526086787d9debe1d7f3ffdb1fe50cf8687f4,0x3e5aa082,220593,54277986,54278189,54277986,54278188,1788526206,1788526226,573,593,91594067,1373464291,1
190946,25904114,1788526799,2026-09-04T12:59:59Z,0x56baa4160b8de8d1a7594f57dcc9e25de81b3be859ffbd00a86482eda31abce2,0xdaa526086787d9debe1d7f3ffdb1fe50cf8687f4,0x3e5aa082,220593,54278189,54278379,54278189,54278378,1788526226,1788526245,554,573,91594067,1373464291,1
190947,25904114,1788526799,2026-09-04T12:59:59Z,0xa72f11a0ece35d00cf251f7436ab4d6f2b8a79a7f5f7a12b49308037450a4c5b,0xdaa526086787d9debe1d7f3ffdb1fe50cf8687f4,0x3e5aa082,220593,54278379,54278583,54278379,54278582,1788526245,1788526266,533,554,91594067,1373464291,1
190948,25904122,1788526895,2026-09-04T13:01:35Z,0x141ca9ed4855983c36fd6ca90d7b346bc48848935b302f28414617457aca93eb,0xdaa526086787d9debe1d7f3ffdb1fe50cf8687f4,0x3e5aa082,220593,54278583,54278791,54278583,54278790,1788526266,1788526288,607,629,79462004,1428072879,1
190949,25904122,1788526895,2026-09-04T13:01:35Z,0xe1d623232f3e4a71fc504a1d4ad2f7f145c0b299c805cf71e4addd6fc4bb9cdc,0xdaa526086787d9debe1d7f3ffdb1fe50cf8687f4,0x3e5aa082,220593,54278791,54279019,54278791,54279018,1788526288,1788526311,584,607,79462004,1428072879,1
190950,25904122,1788526895,2026-09-04T13:01:35Z,0x2cfaa0f5633651273338ff81ec9f8c5c044a7b5a21dd6cfe7e964ed01cd040b3,0xdaa526086787d9debe1d7f3ffdb1fe50cf8687f4,0x917cf8ac,220623,54279019,54279288,54279019,54279287,1788526311,1788526335,560,584,79462004,1428072879,1
190951,25904128,1788526967,2026-09-04T13:02:47Z,0x8b5b44ccf7919b8ff8d6aa5d331c39bd3cda528d7f221323d1f975ae76ab1820,0xdaa526086787d9debe1d7f3ffdb1fe50cf8687f4,0x3e5aa082,220623,54279288,54279569,54279288,54279568,1788526336,1788526364,603,631,83419968,1448427728,1
190952,25904128,1788526967,2026-09-04T13:02:47Z,0x9ea5cb6e261772c87d8ee72a19168eb82197f347d41e29c1bfd4fab443f4535e,0xdaa526086787d9debe1d7f3ffdb1fe50cf8687f4,0x3e5aa082,220623,54279569,54279829,54279569,54279828,1788526364,1788526390,577,603,83419968,1448427728,1
190953,25904128,1788526967,2026-09-04T13:02:47Z,0x54c93dee01dcfaa5a0e02d271c91b854e2ee052283f2452afee2f34a9763bef4,0xdaa526086787d9debe1d7f3ffdb1fe50cf8687f4,0x3e5aa082,220623,54279829,54280158,54279829,54280157,1788526390,1788526424,543,577,83419968,1448427728,1
190954,25904128,1788526967,2026-09-04T13:02:47Z,0x067dfdf3e81c7de978fe6a5d6aa677aa178c0d86a11905bb1f1c03bc19668796,0xdaa526086787d9debe1d7f3ffdb1fe50cf8687f4,0x3e5aa082,220623,54280158,54280513,54280158,54280512,1788526424,1788526460,507,543,83419968,1449427728,1
190955,25904130,1788526991,2026-09-04T13:03:11Z,0x59f64962036fe7bade336def0906d692ee915ffd2d8b44fee78439e9e591892a,0xdaa526086787d9debe1d7f3ffdb1fe50cf8687f4,0x3e5aa082,220623,54280513,54280850,54280513,54280849,1788526460,1788526494,497,531,87575083,1378887245,1
190956,25904130,1788526991,2026-09-04T13:03:11Z,0x5c11d59435b2eeb2efac09f0c991184fd344c6a545fd67411b75441329536632,0xdaa526086787d9debe1d7f3ffdb1fe50cf8687f4,0x3e5aa082,220623,54280850,54281090,54280850,54281089,1788526494,1788526518,473,497,87575083,1378887245,1
190957,25904130,1788526991,2026-09-04T13:03:11Z,0xac4dbe4a6a8e3b59403adf975e9796c0f48f640f2fa7f0be295d36bf138d64ac,0xdaa526086787d9debe1d7f3ffdb1fe50cf8687f4,0x3e5aa082,220623,54281090,54281367,54281090,54281366,1788526518,1788526546,445,473,87575083,1378887245,1
190958,25904132,1788527015,2026-09-04T13:03:35Z,0x5b8d7f3d899b91b60f4e27f362699488c036fdb21cc7dc54e2056ee31870827d,0xdaa526086787d9debe1d7f3ffdb1fe50cf8687f4,0x3e5aa082,220623,54281367,54281679,54281367,54281678,1788526546,1788526578,437,469,84677017,1392621976,1
190959,25904133,1788527027,2026-09-04T13:03:47Z,0xf98605a3e828bfc4c2684a88539236280e474f326b6d315be7cf8cad035b853e,0xdaa526086787d9debe1d7f3ffdb1fe50cf8687f4,0x3e5aa082,220623,54281679,54281914,54281679,54281913,1788526578,1788526601,426,449,87575083,1368975303,1
190960,25904135,1788527051,2026-09-04T13:04:11Z,0x284dc54c2c2ce4c58a31afd5a17c8f14a393981fd195648eac97b64fb8aba07b,0xdaa526086787d9debe1d7f3ffdb1fe50cf8687f4,0x3e5aa082,220623,54281914,54282196,54281914,54282195,1788526602,1788526630,421,449,81874855,1291821281,1
190961,25904136,1788527063,2026-09-04T13:04:23Z,0xa5b924e6ccd98259f5d5840aafb7ad071af80b448b2a1cd3f8a1d8a85e336328,0xdaa526086787d9debe1d7f3ffdb1fe50cf8687f4,0x3e5aa082,220623,54282196,54282425,54282196,54282424,1788526630,1788526653,410,433,73186985,1280731389,1
190962,25904139,1788527099,2026-09-04T13:04:59Z,0x9fd2252290c4cae67c6bd0d7aa3406c6d77206dd7081815b618aa52a2de9074f,0xdaa526086787d9debe1d7f3ffdb1fe50cf8687f4,0x3e5aa082,220623,54282425,54282618,54282425,54282617,1788526653,1788526673,426,446,65420999,1141378412,1
190963,25904139,1788527099,2026-09-04T13:04:59Z,0x38ea428ffc5878522df9cc3797843aa62451dace7173c26835d0c9b0d029f59f,0xdaa526086787d9debe1d7f3ffdb1fe50cf8687f4,0x917cf8ac,220626,54282618,54282842,54282618,54282841,1788526673,1788526695,404,426,65420999,1141378412,1
190964,25904140,1788527111,2026-09-04T13:05:11Z,0x29ef9c61a28efb109e3432ecf5687ecf83d3eefb01a8c2789940e0579ad4a90a,0xdaa526086787d9debe1d7f3ffdb1fe50cf8687f4,0x917cf8ac,220660,54282842,54283203,54282842,54283202,1788526695,1788526728,383,416,67155931,1152227017,1
190965,25904142,1788527135,2026-09-04T13:05:35Z,0xe03f67193c044c8767045ba0ce3d0279ae98cb2f2def4b933c84c67d70388b1c,0xdaa526086787d9debe1d7f3ffdb1fe50cf8687f4,0x3e5aa082,220660,54283203,54283486,54283203,54283485,1788526729,1788526757,378,406,69714520,1125807477,1
190966,25904143,1788527147,2026-09-04T13:05:47Z,0x913712504632fbb1fa1a96c124c58f2bf909b39b74236f45139c1683ee152d84,0xdaa526086787d9debe1d7f3ffdb1fe50cf8687f4,0x3e5aa082,220660,54283486,54283602,54283486,54283601,1788526757,1788526769,378,390,70500941,1111414319,1
190967,25904146,1788527183,2026-09-04T13:06:23Z,0x4681ca7951df5766d8a3f232656a2fe0a9d61c71d904039067d9b207f250f090,0xdaa526086787d9debe1d7f3ffdb1fe50cf8687f4,0x3e5aa082,220660,54283602,54283789,54283602,54283788,1788526769,1788526788,395,414,63730877,1003986472,1
190968,25904146,1788527183,2026-09-04T13:06:23Z,0x0f8e0425d86b0a0ad10966ef8b929d1822efc7205ee92d530af948ac7f5a9f5b,0xdaa526086787d9debe1d7f3ffdb1fe50cf8687f4,0x3e5aa082,220660,54283789,54283952,54283789,54283951,1788526788,1788526805,378,395,63730877,1003986472,1
190969,25904147,1788527195,2026-09-04T13:06:35Z,0xa093c3ddd1c4dd936b1ff812014dea732db6a1ee9356fb6cd8aa06d5aed9c9a0,0xdaa526086787d9debe1d7f3ffdb1fe50cf8687f4,0x3e5aa082,220660,54283952,54284317,54283952,54284316,1788526805,1788526842,353,390,65912062,1028536486,1
190970,25904149,1788527219,2026-09-04T13:06:59Z,0xe1d5d9813a95e41834c559f72c10e2c498efd1351eeacf4811214fee92b659cf,0xdaa526086787d9debe1d7f3ffdb1fe50cf8687f4,0x3e5aa082,220660,54284317,54284728,54284317,54284727,1788526842,1788526884,335,377,60254786,986663165,1
190971,25904150,1788527231,2026-09-04T13:07:11Z,0x2db5eb3bf60af19761eceafb39d224f344c8f576f8fb533acdc54f8ac3b7885f,0xdaa526086787d9debe1d7f3ffdb1fe50cf8687f4,0x3e5aa082,220660,54284728,54284993,54284728,54284992,1788526884,1788526911,320,347,60934495,950585039,1
190972,25904151,1788527243,2026-09-04T13:07:23Z,0x9317864519359913a519bb16315380e5864dd3476a5557128d15c2f254a7f1b3,0xdaa526086787d9debe1d7f3ffdb1fe50cf8687f4,0x3e5aa082,220660,54284993,54285247,54284993,54285246,1788526911,1788526937,306,332,57610929,939403466,1
190973,25904153,1788527267,2026-09-04T13:07:47Z,0x87cc4c4978105ca7f6e91827fd58928ab208541fa9a1cfed1d75f075268705ab,0xdaa526086787d9debe1d7f3ffdb1fe50cf8687f4,0x3e5aa082,220660,54285247,54285473,54285247,54285472,1788526937,1788526960,307,330,53861056,927882820,1
190974,25904154,1788527279,2026-09-04T13:07:59Z,0x31f1a37e24e1b8a976504932f63c25aadad17f4f5d56038c366d4e5dbd05d5d3,0xdaa526086787d9debe1d7f3ffdb1fe50cf8687f4,0x3e5aa082,220660,54285473,54285721,54285473,54285720,1788526960,1788526985,294,319,54468640,908254910,1
190975,25904155,1788527291,2026-09-04T13:08:11Z,0x52f43d65ca6fccaabfa1a70865025ab6725d5353d5d3f3444480bbe2469bcfb9,0xdaa526086787d9debe1d7f3ffdb1fe50cf8687f4,0x3e5aa082,220660,54285721,54286014,54285721,54286013,1788526985,1788527015,276,306,56332826,903838390,1
190976,25904157,1788527315,2026-09-04T13:08:35Z,0x306cfeea0cc998ae01455674de28f403e44741e1c6bbff994e0d67a569590f66,0xdaa526086787d9debe1d7f3ffdb1fe50cf8687f4,0x3e5aa082,220660,54286014,54286258,54286014,54286257,1788527015,1788527040,275,300,55083078,859288044,1
190977,25904158,1788527327,2026-09-04T13:08:47Z,0xa8dc351845e1be46c43a853dcc3e12ffe268c7293297305bc0f36ecd430ee4d2,0xdaa526086787d9debe1d7f3ffdb1fe50cf8687f4,0x3e5aa082,220660,54286258,54286438,54286258,54286437,1788527040,1788527058,269,287,48688887,892651034,1
190978,25904159,1788527339,2026-09-04T13:08:59Z,0x2e0b3a598839e71d8c736ea2a60c41ff09c7a5afccdb6d46199ae33d8bac5833,0xdaa526086787d9debe1d7f3ffdb1fe50cf8687f4,0x3e5aa082,220660,54286438,54286629,54286438,54286628,1788527058,1788527078,261,281,49980091,892563010,1
190979,25904160,1788527351,2026-09-04T13:09:11Z,0xfc899600ac1fbd10a7148a5d3665f2b2011046548019d1818ea13e8d98140ca4,0xdaa526086787d9debe1d7f3ffdb1fe50cf8687f4,0x917cf8ac,220733,54286629,54286923,54286629,54286922,1788527078,1788527100,251,273,52078662,891884862,1
190980,25904161,1788527363,2026-09-04T13:09:23Z,0x7f578fac3a8b692299b59c979cef37b32ea22ea933cf5067fa97d7420cdde999,0xdaa526086787d9debe1d7f3ffdb1fe50cf8687f4,0x3e5aa082,220733,54286923,54287220,54286923,54287219,1788527101,1788527131,232,262,52666140,880566096,1
190981,25904162,1788527375,2026-09-04T13:09:35Z,0xcc56a1bdf46bcb4f23de2453f3f1a775cd59e3a143e791695052530d1bfc3e24,0xdaa526086787d9debe1d7f3ffdb1fe50cf8687f4,0x3e5aa082,220733,54287220,54287469,54287220,54287468,1788527131,1788527156,219,244,54265348,914958907,1
190982,25904166,1788527423,2026-09-04T13:10:23Z,0x5a34e50d2c23717105dc2d3bc36247cb0be5eb1e26cf09c26e67e9598f289f0b,0xdaa526086787d9debe1d7f3ffdb1fe50cf8687f4,0x3e5aa082,220733,54287469,54287658,54287469,54287657,1788527156,1788527175,248,267,52469575,904422805,1
190983,25904166,1788527423,2026-09-04T13:10:23Z,0x9f167fe0548aebbe4ddcefb663f81092ca71f8494f48cb82e37ead247b5f9b2a,0xdaa526086787d9debe1d7f3ffdb1fe50cf8687f4,0x3e5aa082,220733,54287658,54287787,54287658,54287786,1788527175,1788527188,235,248,52469575,904422805,1
190984,25904168,1788527447,2026-09-04T13:10:47Z,0xe7ddeaee2b82597dacb8ab89af04d7feb76a4ddb00d70d6b72f7ed0e78269a1c,0xdaa526086787d9debe1d7f3ffdb1fe50cf8687f4,0x3e5aa082,220733,54287787,54287908,54287787,54287907,1788527188,1788527200,247,259,46205672,838170577,1
190985,25904168,1788527447,2026-09-04T13:10:47Z,0x1a699f9c8ba36108b155494cda4cee9db0ccdadff1c4b392039036776e74b94c,0xdaa526086787d9debe1d7f3ffdb1fe50cf8687f4,0x3e5aa082,220733,54287908,54288026,54287908,54288025,1788527201,1788527212,235,246,46205672,838170577,1
190986,25904169,1788527459,2026-09-04T13:10:59Z,0x968c679b0ee8e2277f1a95f73413c49087809b84b39d31d88d7520a37fbafdd8,0xdaa526086787d9debe1d7f3ffdb1fe50cf8687f4,0x3e5aa082,220733,54288026,54288157,54288026,54288156,1788527213,1788527226,233,246,49422567,885073839,1
190987,25904171,1788527483,2026-09-04T13:11:23Z,0x8221c6f1f839979bc8e064d8fa3e2c18cccd409360ba2f7af9940df4e1697d5d,0xdaa526086787d9debe1d7f3ffdb1fe50cf8687f4,0x3e5aa082,220733,54288157,54288277,54288157,54288276,1788527226,1788527238,245,257,51305529,867052274,1
190988,25904172,1788527495,2026-09-04T13:11:35Z,0xa8600ca5e1e39f54be688e6312cdb6f41f0ea2db12dbda98acc58c4bc30a316c,0xdaa526086787d9debe1d7f3ffdb1fe50cf8687f4,0x3e5aa082,220733,54288277,54288377,54288277,54288376,1788527238,1788527248,247,257,52469571,859126954,1
190989,25904173,1788527507,2026-09-04T13:11:47Z,0x147cc9173d4fe023166cb3de59319e21556af3130d789ff0afd676bdaa451ff0,0xdaa526086787d9debe1d7f3ffdb1fe50cf8687f4,0x3e5aa082,220733,54288377,54288465,54288377,54288464,1788527248,1788527257,250,259,55289410,822091618,1
190990,25904174,1788527519,2026-09-04T13:11:59Z,0x8d774ec199eca1f6be887de0a54c6688c8060c37438a91c1ee5507d39e49148f,0xdaa526086787d9debe1d7f3ffdb1fe50cf8687f4,0x3e5aa082,220733,54288465,54288546,54288465,54288545,1788527257,1788527265,254,262,52273744,840102967,1
190991,25904175,1788527531,2026-09-04T13:12:11Z,0x6e3e6ed008ed52ef7470ddb24eb097068d029bd4469546f64546d60305b00733,0xdaa526086787d9debe1d7f3ffdb1fe50cf8687f4,0x3e5aa082,220733,54288546,54288656,54288546,54288655,1788527265,1788527276,255,266,54265334,819421516,1
190992,25904177,1788527555,2026-09-04T13:12:35Z,0xf6d2eca06c32e6164d75a83f647b2ab8497739717830406cbf5f467a3505dbc3,0xdaa526086787d9debe1d7f3ffdb1fe50cf8687f4,0x3e5aa082,220733,54288656,54288762,54288656,54288761,1788527277,1788527287,268,278,52078644,864252748,1
190993,25904178,1788527567,2026-09-04T13:12:47Z,0x0216ed868665d085c9f945c5cf93b4b175965eadfc1a858c9c95bd272560f9a6,0xdaa526086787d9debe1d7f3ffdb1fe50cf8687f4,0x3e5aa082,220733,54288762,54288857,54288762,54288856,1788527287,1788527297,270,280,52666122,867406753,1
190994,25904179,1788527579,2026-09-04T13:12:59Z,0x291094d1fa99ee77cde1e4f15be699c83dd3b04e549b9cde6cb68d3a473309ea,0xdaa526086787d9debe1d7f3ffdb1fe50cf8687f4,0x3e5aa082,220733,54288857,54288996,54288857,54288995,1788527297,1788527311,268,282,55496524,871466262,1
190995,25904180,1788527591,2026-09-04T13:13:11Z,0x135f3931bc85aaae30728c2f6bee47df31f7b998ce9bbb7698e08b68ef274180,0xdaa526086787d9debe1d7f3ffdb1fe50cf8687f4,0x3e5aa082,220733,54288996,54289181,54288996,54289180,1788527311,1788527330,261,280,51305521,909433142,1
190996,25904181,1788527603,2026-09-04T13:13:23Z,0x46a54bd7e423f153c46472cf6ac58f310932b1982d251e47aa525e3c0a2ad80b,0xdaa526086787d9debe1d7f3ffdb1fe50cf8687f4,0x3e5aa082,220733,54289181,54289394,54289181,54289393,1788527330,1788527351,252,273,53061449,950505281,1
190997,25904183,1788527627,2026-09-04T13:13:47Z,0xb856e230ba60bdf7d2e9273d752d1433a2ce2acafd30e1b91328aebe7b95f0aa,0xdaa526086787d9debe1d7f3ffdb1fe50cf8687f4,0x3e5aa082,220733,54289394,54289589,54289394,54289588,1788527351,1788527371,256,276,53861028,904994284,1
190998,25904183,1788527627,2026-09-04T13:13:47Z,0xfe50a9a80f350b4e49c2841a06c19508c870614d6129e245056dd13e3f2ff612,0xdaa526086787d9debe1d7f3ffdb1fe50cf8687f4,0x3e5aa082,220733,54289589,54289763,54289589,54289762,1788527371,1788527389,238,256,53861028,904994284,1
190999,25904184,1788527639,2026-09-04T13:13:59Z,0xab577f03d1ede6c2124cb38c4be0c3e219014ee0b8fce8c2ae6d4a151c002d3d,0xdaa526086787d9debe1d7f3ffdb1fe50cf8687f4,0x3e5aa082,220733,54289763,54289914,54289763,54289913,1788527389,1788527404,235,250,56543824,931864353,1
191000,25904185,1788527651,2026-09-04T13:14:11Z,0x99c1ec196c8bf3d0f5d9f82261759374674f0c6fa8a14f9fa379fb561d4c1ae0,0xdaa526086787d9debe1d7f3ffdb1fe50cf8687f4,0x3e5aa082,220733,54289914,54290089,54289914,54290088,1788527404,1788527422,229,247,58043338,872631787,1
191001,25904186,1788527663,2026-09-04T13:14:23Z,0x23929325a6df3ad89957dfb64065f0b99b4f89d35a777227df79bbc729b31d75,0xdaa526086787d9debe1d7f3ffdb1fe50cf8687f4,0x3e5aa082,220733,54290089,54290219,54290089,54290218,1788527422,1788527435,228,241,51884268,879499330,1
191002,25904187,1788527675,2026-09-04T13:14:35Z,0x74cf97f05f7d16ab16099131c4f86284fcb39578c9c345cacfc559d5fa62c543,0xdaa526086787d9debe1d7f3ffdb1fe50cf8687f4,0x3e5aa082,220733,54290219,54290358,54290219,54290357,1788527435,1788527449,226,240,52469553,866818412,1
191003,25904188,1788527687,2026-09-04T13:14:47Z,0x87b560629e9d253b195b400ddf05a2be3118cb764221507c9c5e3db27ff5520a,0xdaa526086787d9debe1d7f3ffdb1fe50cf8687f4,0x917cf8ac,220762,54290358,54290556,54290358,54290555,1788527449,1788527466,221,238,55704409,846642971,1
191004,25904188,1788527687,2026-09-04T13:14:47Z,0x21b92984067bdc6c49b99c35499ec421e910a9819e0fccdf4ca3b40aa9942d9b,0xdaa526086787d9debe1d7f3ffdb1fe50cf8687f4,0x3e5aa082,220762,54290556,54290747,54290556,54290746,1788527466,1788527486,201,221,55704409,846642971,1
191005,25904189,1788527699,2026-09-04T13:14:59Z,0xbd815be734dced7912ddd585eb854463b9ca77e71b85dfb8eeb8cff3689e541d,0xdaa526086787d9debe1d7f3ffdb1fe50cf8687f4,0x3e5aa082,220762,54290747,54290958,54290747,54290957,1788527486,1788527507,192,213,51497707,816212611,1
191006,25904190,1788527711,2026-09-04T13:15:11Z,0x46eb90e474f6e62bc119c6d9bd5cee04d9c96dc68acb8d501770b8dbd50b3dc4,0xdaa526086787d9debe1d7f3ffdb1fe50cf8687f4,0x3e5aa082,220762,54290958,54291141,54290958,54291140,1788527507,1788527528,183,204,46033204,820802607,1
191007,25904191,1788527723,2026-09-04T13:15:23Z,0x8bb0246de0610f403f630ed064836c130f74d7f7ea90d7cf792b24bd38719423,0xdaa526086787d9debe1d7f3ffdb1fe50cf8687f4,0x3e5aa082,220762,54291141,54291339,54291141,54291338,1788527528,1788527548,175,195,47608687,829883164,1
191008,25904192,1788527735,2026-09-04T13:15:35Z,0x397eedc1520d4fded5339f3b25ef7c597e6a33aff1e9f9447138f47dfc20a760,0xdaa526086787d9debe1d7f3ffdb1fe50cf8687f4,0x3e5aa082,220762,54291339,54291522,54291339,54291521,1788527548,1788527566,169,187,48507137,825722554,1
191009,25904193,1788527747,2026-09-04T13:15:47Z,0x26ff5dbe8497890362e3c1d7ea35778afed8f42831cf534cfe52e1b332b50785,0xdaa526086787d9debe1d7f3ffdb1fe50cf8687f4,0x3e5aa082,220762,54291522,54291699,54291522,54291698,1788527566,1788527584,163,181,49054326,818765171,1
191010,25904194,1788527759,2026-09-04T13:15:59Z,0x941dd797c1dd4cac74bf2ac40e7ee535f57a76a4c85dcab27368419380c409f2,0xdaa526086787d9debe1d7f3ffdb1fe50cf8687f4,0x3e5aa082,220762,54291699,54291878,54291699,54291877,1788527584,1788527602,157,175,50733207,738882026,1
191011,25904195,1788527771,2026-09-04T13:16:11Z,0x2dd24dacc4cc69f43a068a373fa62e655c45c7fd7ba9fdd824f894b9b498fa0c,0xdaa526086787d9debe1d7f3ffdb1fe50cf8687f4,0x3e5aa082,220762,54291878,54292082,54291878,54292081,1788527602,1788527623,148,169,51305507,682322373,1
191012,25904197,1788527795,2026-09-04T13:16:35Z,0x5da78d0f66997334140a9e7826a917ec95aed8b9fb7472ae550e07341f0a4655,0xdaa526086787d9debe1d7f3ffdb1fe50cf8687f4,0x3e5aa082,220762,54292082,54292258,54292082,54292257,1788527623,1788527641,154,172,46378742,700114595,1
191013,25904197,1788527795,2026-09-04T13:16:35Z,0x57b2a9f4d3da4789ceac77671e32a25b5ecaa4cbc06337770c3c3b557764cfc3,0xdaa526086787d9debe1d7f3ffdb1fe50cf8687f4,0x3e5aa082,220762,54292258,54292447,54292258,54292446,1788527641,1788527660,135,154,46378742,700114595,1
191014,25904199,1788527819,2026-09-04T13:16:59Z,0xbd21998d4e152e3083b97084d76d214d4d99eb6e92ab2231fec1faf19a2a0c66,0xdaa526086787d9debe1d7f3ffdb1fe50cf8687f4,0x3e5aa082,220762,54292447,54292680,54292447,54292679,1788527660,1788527683,136,159,44843961,744599461,1
191015,25904199,1788527819,2026-09-04T13:16:59Z,0xaec5cdcdb28cea0640cdc82c37e237ae2f735dc798a28fca7bc3c20049c4b166,0xdaa526086787d9debe1d7f3ffdb1fe50cf8687f4,0x3e5aa082,220762,54292680,54292921,54292680,54292920,1788527684,1788527708,111,135,44843961,744599461,1
191016,25904200,1788527843,2026-09-04T13:17:23Z,0x8b28611c2311dd38cbfc6e76903b19f7040db055b708394fc2a88dd01edc01ad,0xdaa526086787d9debe1d7f3ffdb1fe50cf8687f4,0x3e5aa082,220762,54292921,54293113,54292921,54293112,1788527708,1788527727,116,135,47966052,772717057,1
191017,25904200,1788527843,2026-09-04T13:17:23Z,0x91d3dc16bb16adfe94b6240dac3a9057686d7e1e611b924f7869866802b7d4af,0xdaa526086787d9debe1d7f3ffdb1fe50cf8687f4,0x3e5aa082,220762,54293113,54293299,54293113,54293298,1788527727,1788527746,97,116,47966052,772717057,1
191018,25904203,1788527879,2026-09-04T13:17:59Z,0x278b7927ef0575391a0dc5c622f003ba8028c58656f877f87d2091c2cd38eccc,0xdaa526086787d9debe1d7f3ffdb1fe50cf8687f4,0x3e5aa082,220762,54293299,54293507,54293299,54293506,1788527746,1788527767,112,133,47608683,811572471,1
191019,25904203,1788527879,2026-09-04T13:17:59Z,0xb680b18814d3ecdefaed69a4352611767e79bfe9b9af9fc425d510e8393188b3,0xdaa526086787d9debe1d7f3ffdb1fe50cf8687f4,0x3e5aa082,220762,54293507,54293713,54293507,54293712,1788527767,1788527788,91,112,47608683,811572471,1
191020,25904203,1788527879,2026-09-04T13:17:59Z,0x617ad4233ffae48b42150bf818be67e4c66e9076dd2fd780bc0883fc25b4e1ec,0xdaa526086787d9debe1d7f3ffdb1fe50cf8687f4,0x3e5aa082,220762,54293713,54293927,54293713,54293926,1788527788,1788527810,69,91,47608683,811572471,1
191021,25904203,1788527879,2026-09-04T13:17:59Z,0x2b084119e54feeaed72a4daeba505b1e6f5c2cc38392bbf900c2aa0b6be33dc6,0xdaa526086787d9debe1d7f3ffdb1fe50cf8687f4,0x3e5aa082,220762,54293927,54294149,54293927,54294148,1788527810,1788527832,47,69,47608683,811572471,1
191022,25904205,1788527903,2026-09-04T13:18:23Z,0x27d137599e3e0d3760b1229ac47d41827d420b47c7fe6f30a1021cf34ce5a0b7,0xdaa526086787d9debe1d7f3ffdb1fe50cf8687f4,0x917cf8ac,220794,54294149,54294403,54294149,54294402,1788527832,1788527855,48,71,46726871,860326968,1
191023,25904206,1788527915,2026-09-04T13:18:35Z,0x34c61681bd080a6cae861b607fb0099088e7da97c9ebf29109e4e83d790cc578,0xdaa526086787d9debe1d7f3ffdb1fe50cf8687f4,0x3e5aa082,220794,54294403,54294539,54294403,54294538,1788527855,1788527869,46,60,47608679,851573578,1
191024,25904207,1788527927,2026-09-04T13:18:47Z,0x6c6917bec815dd0ae445c93959567faf3966d106eb6da01ea692eda7f8959c34,0xdaa526086787d9debe1d7f3ffdb1fe50cf8687f4,0x3e5aa082,220794,54294539,54294678,54294539,54294677,1788527869,1788527883,44,58,48326091,865556564,1
191025,25904208,1788527939,2026-09-04T13:18:59Z,0x5d4ad090272b4280c9b0edfb3ff28c47992b4fefc61a65dafac15d76c584652d,0xdaa526086787d9debe1d7f3ffdb1fe50cf8687f4,0x3e5aa082,220794,54294678,54294795,54294678,54294794,1788527883,1788527895,44,56,50167278,864452908,1
191026,25904209,1788527951,2026-09-04T13:19:11Z,0xb2ef1ad040d19c440f3abd0fddf7988356bc4327c18f5e437dff16176c31a450,0xdaa526086787d9debe1d7f3ffdb1fe50cf8687f4,0x3e5aa082,220794,54294795,54294981,54294795,54294980,1788527895,1788527914,37,56,50733194,819777355,1
191027,25904210,1788527963,2026-09-04T13:19:23Z,0x4283dcab48b6357265d1ca7df19e6e9fac12b91e256db53e7330864ada47aed8,0xdaa526086787d9debe1d7f3ffdb1fe50cf8687f4,0x3e5aa082,220794,54294981,54295199,54294981,54295198,1788527914,1788527936,27,49,51497689,834516845,1
191028,25904211,1788527975,2026-09-04T13:19:35Z,0x24f9d0db2531416c414e9578499e35d58e0a71edaa5f04f86d96fe3a92715df4,0xdaa526086787d9debe1d7f3ffdb1fe50cf8687f4,0x3e5aa082,220794,54295199,54295405,54295199,54295404,1788527936,1788527957,18,39,53459712,834370185,1
191029,25904213,1788527999,2026-09-04T13:19:59Z,0x64366223ce7d3502666dab6fcdc77aaa46bb476554470c59d03e63c61095be33,0xdaa526086787d9debe1d7f3ffdb1fe50cf8687f4,0x3e5aa082,220794,54295405,54295586,54295405,54295585,1788527957,1788527975,24,42,49607666,798504164,1
191030,25904214,1788528011,2026-09-04T13:20:11Z,0x0f50020764ae73bd68379a5b30b3286d0e10d062a897d277e12c59d40da02655,0xdaa526086787d9debe1d7f3ffdb1fe50cf8687f4,0x3e5aa082,220794,54295586,54295731,54295586,54295730,1788527975,1788527990,21,36,51305485,799183733,1
191031,25904216,1788528035,2026-09-04T13:20:35Z,0x8d11ed74fea879d4e98848234363612f641c65792f456f1821dccb110f99fc58,0xdaa526086787d9debe1d7f3ffdb1fe50cf8687f4,0x3e5aa082,220794,54295731,54295841,54295731,54295840,1788527990,1788528001,34,45,48688828,799729904,1
191032,25904218,1788528059,2026-09-04T13:20:59Z,0x60bfa60126f8cf67fcd388cd8453f73e57265fd5952e1fc79dbcccb269610006,0xdaa526086787d9debe1d7f3ffdb1fe50cf8687f4,0x3e5aa082,220794,54295841,54295962,54295841,54295961,1788528001,1788528013,46,58,47253957,763186352,1
191033,25904218,1788528059,2026-09-04T13:20:59Z,0x934af1fec42982085a6a34734f0796ca1e39cb515b9bb4543ec5b69437c38cab,0xdaa526086787d9debe1d7f3ffdb1fe50cf8687f4,0x3e5aa082,220794,54295962,54296078,54295962,54296077,1788528013,1788528025,34,46,47253957,763186352,1
191034,25904219,1788528071,2026-09-04T13:21:11Z,0x5efac46eea9f6a1a25515e0bc426e924732702fba851d3bdefc084597d717fdc,0xdaa526086787d9debe1d7f3ffdb1fe50cf8687f4,0x3e5aa082,220794,54296078,54296228,54296078,54296227,1788528025,1788528040,31,46,49238062,758683336,1
191035,25904221,1788528095,2026-09-04T13:21:35Z,0x918056f070fdd2f0551d09f7728af61cf64c6928c89cc219de037420dea5f884,0xdaa526086787d9debe1d7f3ffdb1fe50cf8687f4,0x3e5aa082,220794,54296228,54296356,54296228,54296355,1788528041,1788528053,42,54,45011927,775243942,1
191036,25904222,1788528107,2026-09-04T13:21:47Z,0x992f2cc8ecbdab8638d47b690d79a20fb1749590f292758dc80c0a7f5495cbb8,0xdaa526086787d9debe1d7f3ffdb1fe50cf8687f4,0x3e5aa082,220794,54296356,54296471,54296356,54296470,1788528054,1788528065,42,53,45690208,769706530,1
191037,25904224,1788528131,2026-09-04T13:22:11Z,0xf78f8967d83d0ceb02d54f7d589db9f13461cc28f04bd67322fb25f63d1ca37a,0xdaa526086787d9debe1d7f3ffdb1fe50cf8687f4,0x3e5aa082,220794,54296471,54296563,54296471,54296562,1788528065,1788528074,57,66,47430970,800039951,1
191038,25904227,1788528167,2026-09-04T13:22:47Z,0x64191defabddfb2c992415575769e57e70d5cc602dcd01ace7b3e47a031a302e,0xdaa526086787d9debe1d7f3ffdb1fe50cf8687f4,0x3e5aa082,220794,54296563,54296688,54296563,54296687,1788528075,1788528087,80,92,49238054,829311016,1
191039,25904227,1788528167,2026-09-04T13:22:47Z,0x6baa75a66a66fab241d17d3a94d97eae8525c8c942ce1084ba25a69164343b70,0xdaa526086787d9debe1d7f3ffdb1fe50cf8687f4,0x3e5aa082,220794,54296688,54296783,54296688,54296782,1788528087,1788528097,70,80,49238054,829311016,1
191040,25904229,1788528191,2026-09-04T13:23:11Z,0x8bb9c698b91c08a3cb9d4c70de76659affc0b03f859c9834149840fe8a25e63f,0xdaa526086787d9debe1d7f3ffdb1fe50cf8687f4,0x3e5aa082,220794,54296783,54296895,54296783,54296894,1788528097,1788528108,83,94,46552449,697904118,1
191041,25904229,1788528191,2026-09-04T13:23:11Z,0x6dfd4aa84ab11a44a7f0291c4584a37b4835963c645e7b7140823b7495297260,0xdaa526086787d9debe1d7f3ffdb1fe50cf8687f4,0x3e5aa082,220794,54296895,54296997,54296895,54296996,1788528108,1788528119,72,83,46552449,697904118,1
191042,25904230,1788528203,2026-09-04T13:23:23Z,0xdfde64d2ee491fea327357a0c3876f1d6873f418ff4eba9ca6c3264fae4c2cc3,0xdaa526086787d9debe1d7f3ffdb1fe50cf8687f4,0x3e5aa082,220794,54296997,54297107,54296997,54297106,1788528119,1788528130,73,84,44013326,784946408,1
191043,25904231,1788528215,2026-09-04T13:23:35Z,0xbbd87354662f794b34b48d5c877ff8436a98621a51babbecd3089f08145410b6,0xdaa526086787d9debe1d7f3ffdb1fe50cf8687f4,0x3e5aa082,220794,54297107,54297195,54297107,54297194,1788528130,1788528140,75,85,45519680,816721656,1
191044,25904233,1788528239,2026-09-04T13:23:59Z,0x73f264146c1a178a66802898dd01901adbaa4ed88d5d7fc83474e530354a5d92,0xdaa526086787d9debe1d7f3ffdb1fe50cf8687f4,0x3e5aa082,220794,54297195,54297318,54297195,54297317,1788528140,1788528153,86,99,46205613,807359976,1
191045,25904234,1788528251,2026-09-04T13:24:11Z,0x97b6b23a31f9e6c1755aebdd7bebb9a3c0fd4e1160a20880da61d6e07cedc8f4,0xdaa526086787d9debe1d7f3ffdb1fe50cf8687f4,0x3e5aa082,220794,54297318,54297440,54297318,54297439,1788528153,1788528165,86,98,47077584,811119219,1
191046,25904235,1788528263,2026-09-04T13:24:23Z,0x48bf56adbe9f2d4ee6bba97794c5de1fcce049bac2e4a8220adc1a588a2a78d7,0xdaa526086787d9debe1d7f3ffdb1fe50cf8687f4,0x3e5aa082,220794,54297440,54297547,54297440,54297546,1788528165,1788528176,87,98,49980014,847839128,1
191047,25904237,1788528287,2026-09-04T13:24:47Z,0xd08df0c3861ee72d2bbfee6d6b5e67cee53f36069fe0d48d95983d9d79d88713,0xdaa526086787d9debe1d7f3ffdb1fe50cf8687f4,0x3e5aa082,220794,54297547,54297655,54297547,54297654,1788528176,1788528187,100,111,52078582,835508774,1
191048,25904238,1788528299,2026-09-04T13:24:59Z,0x2b594f342052d9a7f09de1ddccaf54263761973ba56365f3c18369682860f50f,0xdaa526086787d9debe1d7f3ffdb1fe50cf8687f4,0x3e5aa082,220794,54297655,54297755,54297655,54297754,1788528187,1788528197,102,112,53860968,812706156,1
191049,25904239,1788528311,2026-09-04T13:25:11Z,0x81498be9c05deb33e20442b7b5bdd2eff83f2b53db000a3a5cce0505bcefc3a6,0xdaa526086787d9debe1d7f3ffdb1fe50cf8687f4,0x3e5aa082,220794,54297755,54297853,54297755,54297852,1788528197,1788528207,104,114,50923215,833497342,1
191050,25904241,1788528335,2026-09-04T13:25:35Z,0xe63327d0ae1d42c7b26bf6944b0c112eb0f70cc51733c155456f51bd0aeb465a,0xdaa526086787d9debe1d7f3ffdb1fe50cf8687f4,0x3e5aa082,220794,54297853,54297966,54297853,54297965,1788528207,1788528219,116,128,47966007,756375803,1
191051,25904241,1788528335,2026-09-04T13:25:35Z,0x27336002a3a93f81bf7fb0292536669fd7023f5c068b78319bf8e4c39f88adc3,0xdaa526086787d9debe1d7f3ffdb1fe50cf8687f4,0x917cf8ac,220830,54297966,54298118,54297966,54298117,1788528219,1788528230,105,116,47966007,756375803,1
191052,25904243,1788528359,2026-09-04T13:25:59Z,0xff7ea81f59e2a8255238f4fc253f5e66895c498dd6f6c37865057893fb90b52a,0xdaa526086787d9debe1d7f3ffdb1fe50cf8687f4,0x3e5aa082,220830,54298118,54298227,54298118,54298226,1788528230,1788528242,117,129,49793475,819802524,1
191053,25904244,1788528371,2026-09-04T13:26:11Z,0xf0de45ca1e2c7b0a3f98450d753a025794c9c8c22806bfe752bcb90896753e45,0xdaa526086787d9debe1d7f3ffdb1fe50cf8687f4,0x3e5aa082,220830,54298227,54298342,54298227,54298341,1788528242,1788528254,117,129,51690568,813411126,1
191054,25904245,1788528383,2026-09-04T13:26:23Z,0xb3f4c5c2b38044c5003deffaf060f453bfc8b5f8bdc89527d115292f3c926e6c,0xdaa526086787d9debe1d7f3ffdb1fe50cf8687f4,0x3e5aa082,220830,54298342,54298442,54298342,54298441,1788528254,1788528264,119,129,48326050,798143115,1
191055,25904247,1788528407,2026-09-04T13:26:47Z,0x6a6ebc10c2b1d14a2836fd2c3252049df80a88f805a0b83a672d74a44500ff10,0xdaa526086787d9debe1d7f3ffdb1fe50cf8687f4,0x3e5aa082,220830,54298442,54298550,54298442,54298549,1788528264,1788528275,132,143,49980006,783767604,1
191056,25904248,1788528419,2026-09-04T13:26:59Z,0x847e35400d3849a0a3ea2f49e91b57dedd9865e7570038e647c15e9c80159fa7,0xdaa526086787d9debe1d7f3ffdb1fe50cf8687f4,0x3e5aa082,220830,54298550,54298664,54298550,54298663,1788528275,1788528286,133,144,44676549,717593044,1
191057,25904250,1788528443,2026-09-04T13:27:23Z,0xf502e8ecba2c4b45827381cedf6a1005ab846139f7ae0ebdf385c42dce990036,0xdaa526086787d9debe1d7f3ffdb1fe50cf8687f4,0x3e5aa082,220830,54298664,54298787,54298664,54298786,1788528286,1788528299,144,157,46901870,774729761,1
191058,25904251,1788528455,2026-09-04T13:27:35Z,0x59e3438bf2cfe86f2b95e188c1b324c00ff6ce34bb5ad1c723e4363ff541ecc0,0xdaa526086787d9debe1d7f3ffdb1fe50cf8687f4,0x3e5aa082,220830,54298787,54298900,54298787,54298899,1788528299,1788528310,145,156,49607632,770772095,1
191059,25904252,1788528467,2026-09-04T13:27:47Z,0xdd500da66e1377de9d211c755181f629388d6acfa2eaa26ddb9e3db2c1bd8c80,0xdaa526086787d9debe1d7f3ffdb1fe50cf8687f4,0x3e5aa082,220830,54298900,54299014,54298900,54299013,1788528310,1788528322,145,157,44343688,741625156,1
191060,25904253,1788528479,2026-09-04T13:27:59Z,0x234b9802d4a3a5c0028564d4e560e063ee9e1f21b1af3ce77545423b050ba108,0xdaa526086787d9debe1d7f3ffdb1fe50cf8687f4,0x3e5aa082,220830,54299014,54299127,54299014,54299126,1788528322,1788528333,146,157,44843911,704409233,1
191061,25904255,1788528503,2026-09-04T13:28:23Z,0x2500f9286038a1ba4767b9d3061a86c9686e839b9787ca2a536586d015ec5877,0xdaa526086787d9debe1d7f3ffdb1fe50cf8687f4,0x3e5aa082,220830,54299127,54299251,54299127,54299250,1788528333,1788528346,157,170,43849045,722508044,1
191062,25904256,1788528515,2026-09-04T13:28:35Z,0xc40002e2296d0b4026c4687603913933dc7948e21796a9300dfd14313dc46fe9,0xdaa526086787d9debe1d7f3ffdb1fe50cf8687f4,0x3e5aa082,220830,54299251,54299370,54299251,54299369,1788528346,1788528358,157,169,44843911,657721646,1
191063,25904258,1788528539,2026-09-04T13:28:59Z,0xb10523d1b742b292ce40ce0fc94b67850d31b11c0056c0ad37dbc8c0f97d0e3e,0xdaa526086787d9debe1d7f3ffdb1fe50cf8687f4,0x3e5aa082,220830,54299370,54299486,54299370,54299485,1788528358,1788528370,169,181,38326584,652401654,1
191064,25904259,1788528551,2026-09-04T13:29:11Z,0x50a639288b3a7019fd0af450daf2100a4fe960cbdcf0aa6eac8fc16c2e107949,0xdaa526086787d9debe1d7f3ffdb1fe50cf8687f4,0x3e5aa082,220830,54299486,54299601,54299486,54299600,1788528370,1788528382,169,181,38758930,673875055,1
191065,25904261,1788528575,2026-09-04T13:29:35Z,0x6979c3628d9ee009e234e50ab36bbea747c70348fe14879e6238d8d21bb41dc5,0xdaa526086787d9debe1d7f3ffdb1fe50cf8687f4,0x3e5aa082,220830,54299601,54299721,54299601,54299720,1788528382,1788528394,181,193,41768566,634276579,1
191066,25904262,1788528587,2026-09-04T13:29:47Z,0x80ed4c91f474cdb6dfd3277ba8c72e6d232cd68e86a291ca924d58006e50f542,0xdaa526086787d9debe1d7f3ffdb1fe50cf8687f4,0x3e5aa082,220830,54299721,54299837,54299721,54299836,1788528394,1788528405,182,193,40841927,685808041,1
191067,25904263,1788528599,2026-09-04T13:29:59Z,0x3497b02b42c100588d91b25e649333d40c101e75e36d5313bfa7d71ee89a3bf9,0xdaa526086787d9debe1d7f3ffdb1fe50cf8687f4,0x3e5aa082,220830,54299837,54299959,54299837,54299958,1788528405,1788528418,181,194,42556803,685144562,1
191068,25904265,1788528623,2026-09-04T13:30:23Z,0xae810e1fc9eb212f16c510446caba238d0ca01b3bf0e5072598d812719a7e7bd,0xdaa526086787d9debe1d7f3ffdb1fe50cf8687f4,0x3e5aa082,220830,54299959,54300071,54299959,54300070,1788528418,1788528429,194,205,39786798,724400967,1
191069,25904267,1788528647,2026-09-04T13:30:47Z,0x7b3610206ca282ddb50d81f2cafae83c8374fb3e690225d7edfbeb76f1c04dbe,0xdaa526086787d9debe1d7f3ffdb1fe50cf8687f4,0x3e5aa082,220830,54300071,54300183,54300071,54300182,1788528429,1788528441,206,218,41612674,745969572,1
191070,25904267,1788528647,2026-09-04T13:30:47Z,0xfd079eee34b8a52b308ee03c1dea6010d29d298050afc376c882d3eb14956480,0xdaa526086787d9debe1d7f3ffdb1fe50cf8687f4,0x3e5aa082,220830,54300183,54300284,54300183,54300283,1788528441,1788528451,196,206,41612674,745969572,1
191071,25904270,1788528683,2026-09-04T13:31:23Z,0xe63622222b3c9053163e3dbbe5dd456ffa32d8f86115f8c8d8c13f365e791fae,0xdaa526086787d9debe1d7f3ffdb1fe50cf8687f4,0x3e5aa082,220830,54300284,54300371,54300284,54300370,1788528451,1788528460,223,232,37197088,742363322,1
191072,25904270,1788528683,2026-09-04T13:31:23Z,0x3e86ee5976827d8c3e5cf32bc7ab9e6fbe5600d1f8eb7c0139dbdc2ab5bdb54c,0xdaa526086787d9debe1d7f3ffdb1fe50cf8687f4,0x3e5aa082,220830,54300371,54300475,54300371,54300474,1788528460,1788528470,213,223,37197088,742363322,1
191073,25904272,1788528707,2026-09-04T13:31:47Z,0x1297434b32cee643c24f86336bc3f245dd794270b997e958914d36f2863734a9,0xdaa526086787d9debe1d7f3ffdb1fe50cf8687f4,0x3e5aa082,220830,54300475,54300570,54300475,54300569,1788528470,1788528480,227,237,40235613,758832192,1
191074,25904272,1788528707,2026-09-04T13:31:47Z,0x49782fed9aa0c15f3cb1c47e85ab5489ca27f8413e58393aa5f69b399aa47bec,0xdaa526086787d9debe1d7f3ffdb1fe50cf8687f4,0x3e5aa082,220830,54300570,54300688,54300570,54300687,1788528480,1788528492,215,227,40235613,758832192,1
191075,25904273,1788528719,2026-09-04T13:31:59Z,0xc6a5266cb29d486f92b9eb307fdc40eeabf5e9e7a33553275b92b4dbfa68ca42,0xdaa526086787d9debe1d7f3ffdb1fe50cf8687f4,0x3e5aa082,220830,54300688,54300799,54300688,54300798,1788528492,1788528503,216,227,42239732,784343801,1
191076,25904275,1788528743,2026-09-04T13:32:23Z,0x8e17257d7ccf1945c9fa2136681a843e4e1c3d7cffa09074f2154ae464077ef3,0xdaa526086787d9debe1d7f3ffdb1fe50cf8687f4,0x3e5aa082,220830,54300799,54300919,54300799,54300918,1788528503,1788528515,228,240,44013296,719923404,1
191077,25904277,1788528767,2026-09-04T13:32:47Z,0x95bdad8fc3d7a7e84d5d6397630e4b369cefdb03d496d2f7b6c7d9873f5545ae,0xdaa526086787d9debe1d7f3ffdb1fe50cf8687f4,0x3e5aa082,220830,54300919,54301025,54300919,54301024,1788528516,1788528526,241,251,42397963,712210538,1
191078,25904277,1788528767,2026-09-04T13:32:47Z,0xe3c635997cc48e4ecc5af73900ed7818e396981da695258d34b4dd8e584b58cd,0xdaa526086787d9debe1d7f3ffdb1fe50cf8687f4,0x3e5aa082,220830,54301025,54301145,54301025,54301144,1788528526,1788528538,229,241,42397963,712210538,1
191079,25904281,1788528815,2026-09-04T13:33:35Z,0x708cd5eca3801304934086b1d1638bb71fa8bfe14b0322f4189fd64597073eee,0xdaa526086787d9debe1d7f3ffdb1fe50cf8687f4,0x3e5aa082,220830,54301145,54301256,54301145,54301255,1788528539,1788528550,265,276,41925024,664129468,1
191080,25904281,1788528815,2026-09-04T13:33:35Z,0x920f58a5c5981ca91e07ce6a93d973d8d59978db145a9a9a24289fe8506f96a9,0xdaa526086787d9debe1d7f3ffdb1fe50cf8687f4,0x3e5aa082,220830,54301256,54301362,54301256,54301361,1788528550,1788528560,255,265,41925024,664129468,1
191081,25904281,1788528815,2026-09-04T13:33:35Z,0x23bbe906792346da6fa3113896a1b54374bab3584bc1e514264ed65ab1e08b90,0xdaa526086787d9debe1d7f3ffdb1fe50cf8687f4,0x3e5aa082,220830,54301362,54301472,54301362,54301471,1788528561,1788528572,243,254,41925024,664129468,1
191082,25904282,1788528827,2026-09-04T13:33:47Z,0xf3c5d5bc40021f5fb5975a5d862f5b6c4acb505aad7e268c8e99197b937f4a33,0xdaa526086787d9debe1d7f3ffdb1fe50cf8687f4,0x3e5aa082,220830,54301472,54301586,54301472,54301585,1788528572,1788528583,244,255,40537626,745404110,1
191083,25904285,1788528863,2026-09-04T13:34:23Z,0xd60dc448adec6b498e19407a16fd600e902c75131733de2cd80e2c1b2ae18467,0xdaa526086787d9debe1d7f3ffdb1fe50cf8687f4,0x3e5aa082,220830,54301586,54301696,54301586,54301695,1788528583,1788528594,269,280,44178170,718108054,1
191084,25904285,1788528863,2026-09-04T13:34:23Z,0xe21f01998bb5d142f9d5468778c4df7942cc1055f3466b1e5199e3c138b114e5,0xdaa526086787d9debe1d7f3ffdb1fe50cf8687f4,0x3e5aa082,220830,54301696,54301797,54301696,54301796,1788528595,1788528605,258,268,44178170,718108054,1
191085,25904285,1788528863,2026-09-04T13:34:23Z,0xd75cc365d0c169732e092ee8cd9c63cbbf45ba627a32b081d46496e2f08a7c53,0xdaa526086787d9debe1d7f3ffdb1fe50cf8687f4,0x3e5aa082,220830,54301797,54301915,54301797,54301914,1788528605,1788528617,246,258,44178170,718108054,1
191086,25904287,1788528887,2026-09-04T13:34:47Z,0x5c54971c01db4912e1894390f2d0c431b8b9a4a15e56e48be0cb15c281959c81,0xdaa526086787d9debe1d7f3ffdb1fe50cf8687f4,0x917cf8ac,220869,54301915,54302073,54301915,54302072,1788528617,1788528629,258,270,46726803,772312979,1
191087,25904287,1788528887,2026-09-04T13:34:47Z,0xeda156f7780668117dfd04a2e90b1435770d9b0c7b98639bc10b67064fa0d95f,0xdaa526086787d9debe1d7f3ffdb1fe50cf8687f4,0x3e5aa082,220869,54302073,54302166,54302073,54302165,1788528629,1788528638,249,258,46726803,772312979,1
191088,25904299,1788529031,2026-09-04T13:37:11Z,0xef023fc96cc598720ba15c7b3d53c50fde9cfe91f32b50d559d73cdbd53033b5,0xdaa526086787d9debe1d7f3ffdb1fe50cf8687f4,0x3e5aa082,220869,54302166,54302264,54302166,54302263,1788528638,1788528648,383,393,43359894,1007222551,1
191089,25904299,1788529031,2026-09-04T13:37:11Z,0x1b8cbbe77b5b8a2ddbd7a5f0068b9189c96f82ddc5ef5e893b52e96e25200188,0xdaa526086787d9debe1d7f3ffdb1fe50cf8687f4,0x3e5aa082,220869,54302264,54302346,54302264,54302345,1788528648,1788528657,374,383,43359894,1007222551,1
191090,25904299,1788529031,2026-09-04T13:37:11Z,0x7f374fff3132762b53b8ba37d2f17a18fee0be5270255d807ba850e4f985e944,0xdaa526086787d9debe1d7f3ffdb1fe50cf8687f4,0x3e5aa082,220869,54302346,54302435,54302346,54302434,1788528657,1788528666,365,374,43359894,1007222551,1
191091,25904299,1788529031,2026-09-04T13:37:11Z,0x9aaa81e8ccf457f89f8871e13bb6a9a82bb9eee2b65347bd08df7cff09f9e88b,0xdaa526086787d9debe1d7f3ffdb1fe50cf8687f4,0x3e5aa082,220869,54302435,54302525,54302435,54302524,1788528666,1788528675,356,365,43359894,1007222551,1
191092,25904305,1788529103,2026-09-04T13:38:23Z,0xb394a08f057c1241c51ef147459d397eab3e445c393920a436be5e50af5babc1,0xdaa526086787d9debe1d7f3ffdb1fe50cf8687f4,0x3e5aa082,220869,54302525,54302614,54302525,54302613,1788528675,1788528684,419,428,51497614,911542516,1
191093,25904305,1788529103,2026-09-04T13:38:23Z,0xb723cf954a027a3bfa346b4e8d6c555bb87b0d25a28db1ab495d5348f404953e,0xdaa526086787d9debe1d7f3ffdb1fe50cf8687f4,0x3e5aa082,220869,54302614,54302701,54302614,54302700,1788528684,1788528693,410,419,51497614,911542516,1
191094,25904305,1788529103,2026-09-04T13:38:23Z,0xb8e2e9dc22315007398eaefa43f45f413f6f2b7eed871e1b3bffc6b437b71e21,0xdaa526086787d9debe1d7f3ffdb1fe50cf8687f4,0x3e5aa082,220869,54302701,54302789,54302701,54302788,1788528693,1788528702,401,410,51497614,911542516,1
191095,25904306,1788529115,2026-09-04T13:38:35Z,0xf3a8f29bc81aa0dae96cd4f6e29251687d9f2077036dc4540bad0ae60acf9b84,0xdaa526086787d9debe1d7f3ffdb1fe50cf8687f4,0x3e5aa082,220869,54302789,54302885,54302789,54302884,1788528702,1788528712,403,413,55704309,889555343,1
191096,25904306,1788529115,2026-09-04T13:38:35Z,0x38ccaa138799c4f7720c08e4c3215e16d2ef94b554e87a959955c9a36f472852,0xdaa526086787d9debe1d7f3ffdb1fe50cf8687f4,0x3e5aa082,220869,54302885,54302982,54302885,54302981,1788528712,1788528722,393,403,55704309,889555343,1
191097,25904306,1788529115,2026-09-04T13:38:35Z,0x1a7d6ca716cbd9499ac2ceb2324595fb49bcd1ebe1cfe32dcfaa3b6fd0c811e7,0xdaa526086787d9debe1d7f3ffdb1fe50cf8687f4,0x3e5aa082,220869,54302982,54303081,54302982,54303080,1788528722,1788528732,383,393,55704309,889555343,1
191098,25904308,1788529139,2026-09-04T13:38:59Z,0xfb82d222e1b230290318d6753c5e91e4a9565152786cbafb58366a5770e09147,0xdaa526086787d9debe1d7f3ffdb1fe50cf8687f4,0x3e5aa082,220869,54303081,54303161,54303081,54303160,1788528732,1788528740,399,407,60029755,1003619653,1
191099,25904308,1788529139,2026-09-04T13:38:59Z,0x1b85137b0340042b0575fa879673948491a6b4b646adc758d4cf226b56758d3b,0xdaa526086787d9debe1d7f3ffdb1fe50cf8687f4,0x3e5aa082,220869,54303161,54303242,54303161,54303241,1788528741,1788528750,389,398,60029755,1003619653,1
191100,25904308,1788529139,2026-09-04T13:38:59Z,0x86499336ac0506d22d628c80d34aeff25278f862b8523c139b8025ed2f6299fe,0xdaa526086787d9debe1d7f3ffdb1fe50cf8687f4,0x3e5aa082,220869,54303242,54303340,54303242,54303339,1788528750,1788528760,379,389,60029755,1012619653,1
191101,25904309,1788529151,2026-09-04T13:39:11Z,0x1df56dc2e4412903314c84efd8a460c09026c8e25fddd8122043edec4f473bf5,0xdaa526086787d9debe1d7f3ffdb1fe50cf8687f4,0x3e5aa082,220869,54303340,54303426,54303340,54303425,1788528760,1788528769,382,391,62316843,1020375864,1
191102,25904314,1788529211,2026-09-04T13:40:11Z,0x013b16709c09aed364c78ac874a8cf7d010bac9ced6b4026ac2f4df0cf08655a,0xdaa526086787d9debe1d7f3ffdb1fe50cf8687f4,0x3e5aa082,220869,54303426,54303518,54303426,54303517,1788528769,1788528778,433,442,53260108,990184719,1
191103,25904314,1788529211,2026-09-04T13:40:11Z,0x687fe4d09e2356545e950f16274b8cfb36ed3e773fc9cc65b9e5909a8a0bba00,0xdaa526086787d9debe1d7f3ffdb1fe50cf8687f4,0x3e5aa082,220869,54303518,54303618,54303518,54303617,1788528778,1788528788,423,433,53260108,990184719,1
191104,25904314,1788529211,2026-09-04T13:40:11Z,0xe3b700b381cd6fd9e5b24c60c5189c9cd25d95e1ccd1b3d4f7da58d5bdbef10b,0xdaa526086787d9debe1d7f3ffdb1fe50cf8687f4,0x3e5aa082,220869,54303618,54303716,54303618,54303715,1788528788,1788528798,413,423,53260108,990184719,1
191105,25904315,1788529223,2026-09-04T13:40:23Z,0xc50d1930515ecb8cac59620354dd2b9b94b2dce8bc5a2d0867ec4e933aa6f954,0xdaa526086787d9debe1d7f3ffdb1fe50cf8687f4,0x3e5aa082,220869,54303716,54303784,54303716,54303783,1788528798,1788528805,418,425,57395761,1038098239,1
191106,25904315,1788529223,2026-09-04T13:40:23Z,0x51fdaf097acd07c1fe43f06327fae59b1d6ad99705687e00ee84e010063a2cf6,0xdaa526086787d9debe1d7f3ffdb1fe50cf8687f4,0x3e5aa082,220869,54303784,54303869,54303784,54303868,1788528805,1788528814,409,418,57395761,1038098239,1
191107,25904315,1788529223,2026-09-04T13:40:23Z,0xa505979983e7273f69b1ed2f2064b03023aeb8ee3d3ccf4551cbf7bc4f7e33d9,0xdaa526086787d9debe1d7f3ffdb1fe50cf8687f4,0x3e5aa082,220869,54303869,54303956,54303869,54303955,1788528814,1788528823,400,409,57395761,1038098239,1
191108,25904316,1788529235,2026-09-04T13:40:35Z,0x995409584ee08daa67dbc6b23ef48955f597685f917104ce6ba1e48d19a9a447,0xdaa526086787d9debe1d7f3ffdb1fe50cf8687f4,0x3e5aa082,220869,54303956,54304052,54303956,54304051,1788528823,1788528833,402,412,59360128,1030987793,1
191109,25904316,1788529235,2026-09-04T13:40:35Z,0xf98612f5bc5c4d777aeb13845a2322cfb3b4e44cba2f8468f888600f27084ed9,0xdaa526086787d9debe1d7f3ffdb1fe50cf8687f4,0x3e5aa082,220869,54304052,54304151,54304052,54304150,1788528833,1788528843,392,402,59360128,1030987793,1
191110,25904316,1788529235,2026-09-04T13:40:35Z,0x46fe64ccbeb58f928c9cc853effe113084ae41090cc3ae7824682ad3ca61f8f4,0xdaa526086787d9debe1d7f3ffdb1fe50cf8687f4,0x3e5aa082,220869,54304151,54304245,54304151,54304244,1788528843,1788528852,383,392,59360128,1030987793,1
191111,25904316,1788529235,2026-09-04T13:40:35Z,0x6c5673ee3c2406d7fca97fe2b4206c61933ee94c8d3f4ef82b779d23be9b1767,0xdaa526086787d9debe1d7f3ffdb1fe50cf8687f4,0x3e5aa082,220869,54304245,54304361,54304245,54304360,1788528852,1788528864,371,383,59360128,1030987793,1
191112,25904317,1788529247,2026-09-04T13:40:47Z,0x11c7a3a31c437d090529f343b23a3384d657a4479038906ec24a928921739786,0xdaa526086787d9debe1d7f3ffdb1fe50cf8687f4,0x3e5aa082,220869,54304361,54304472,54304361,54304471,1788528864,1788528875,372,383,64209089,1051121487,1
191113,25904317,1788529247,2026-09-04T13:40:47Z,0x9f57617d7c50ebd213a487b3fad20cf51314da5a3d253937f2ee14716961b3d6,0xdaa526086787d9debe1d7f3ffdb1fe50cf8687f4,0x3e5aa082,220869,54304472,54304559,54304472,54304558,1788528875,1788528884,363,372,64209089,1051121487,1
191114,25904318,1788529259,2026-09-04T13:40:59Z,0xca735cc2300151bdb6c80893b35bce0244201ee2b9d15bfcb99c4efb4709e874,0xdaa526086787d9debe1d7f3ffdb1fe50cf8687f4,0x3e5aa082,220869,54304559,54304655,54304559,54304654,1788528884,1788528894,365,375,66406641,1060267712,1
191115,25904319,1788529271,2026-09-04T13:41:11Z,0xf6f84e915aa5ce81d52b7d50d1f8c4004b811e8591f44266b283d2c3e237d5f9,0xdaa526086787d9debe1d7f3ffdb1fe50cf8687f4,0x3e5aa082,220869,54304655,54304762,54304655,54304761,1788528894,1788528905,366,377,58697980,962976586,1
191116,25904319,1788529271,2026-09-04T13:41:11Z,0x394bf7dee71ef7848bba6b7993fe374fa037c6ef7abfa80118b75ab0db96a566,0xdaa526086787d9debe1d7f3ffdb1fe50cf8687f4,0x3e5aa082,220869,54304762,54304861,54304762,54304860,1788528905,1788528915,356,366,58697980,962976586,1
191117,25904320,1788529283,2026-09-04T13:41:23Z,0xb98eca4573884412be949e82529bebf1f30f5c2393d8ade2fcdb858a56856ed7,0xdaa526086787d9debe1d7f3ffdb1fe50cf8687f4,0x3e5aa082,220869,54304861,54304949,54304861,54304948,1788528915,1788528924,359,368,61852549,1039038611,1
191118,25904321,1788529295,2026-09-04T13:41:35Z,0x57283672878d2eb3c83f0379ae27e56a4fd8eacc6b27f141b82511251fcd8a4a,0xdaa526086787d9debe1d7f3ffdb1fe50cf8687f4,0x3e5aa082,220869,54304949,54305040,54304949,54305039,1788528924,1788528933,362,371,63730702,1008069625,1
191119,25904321,1788529295,2026-09-04T13:41:35Z,0x4e775de6bb1afe1d24879012951675aff2375df965b2352081a800be65214941,0xdaa526086787d9debe1d7f3ffdb1fe50cf8687f4,0x3e5aa082,220869,54305040,54305139,54305040,54305138,1788528933,1788528943,352,362,63730702,1008069625,1
191120,25904322,1788529307,2026-09-04T13:41:47Z,0xf86351649cb5af17b0b82d225c569e600a26b40b29d47ef68d238f7dac9628ef,0xdaa526086787d9debe1d7f3ffdb1fe50cf8687f4,0x3e5aa082,220869,54305139,54305233,54305139,54305232,1788528944,1788528953,354,363,58260654,1003917389,1
191121,25904322,1788529307,2026-09-04T13:41:47Z,0xa4db81900c960111fd969ee73670af2c044755eff3922db66033c4a8ba899bea,0xdaa526086787d9debe1d7f3ffdb1fe50cf8687f4,0x3e5aa082,220869,54305233,54305333,54305233,54305332,1788528953,1788528963,344,354,58260654,1003917389,1
191122,25904324,1788529331,2026-09-04T13:42:11Z,0x82dd10ba1e9f66cca3b0b6c77c5fc994890c5f1f6888f817823fdccdf9400eed,0xdaa526086787d9debe1d7f3ffdb1fe50cf8687f4,0x3e5aa082,220869,54305333,54305424,54305333,54305423,1788528963,1788528972,359,368,62084254,967036988,1
191123,25904324,1788529331,2026-09-04T13:42:11Z,0x413a09f0888ffa51211e12f22c6865b642279caefe0f2388fc196473599bcae6,0xdaa526086787d9debe1d7f3ffdb1fe50cf8687f4,0x3e5aa082,220869,54305424,54305511,54305424,54305510,1788528972,1788528981,350,359,62084254,967036988,1
191124,25904325,1788529343,2026-09-04T13:42:23Z,0x56fde94aaf65ba3860ef3f153abc4bb3e9228d5ef4523480253b0329a92f3fb5,0xdaa526086787d9debe1d7f3ffdb1fe50cf8687f4,0x3e5aa082,220869,54305511,54305592,54305511,54305591,1788528981,1788528990,353,362,58697975,970992659,1
191125,25904325,1788529343,2026-09-04T13:42:23Z,0x799f95121d1612734d76a73794211194549bb924ce591977bc68275b753697bd,0xdaa526086787d9debe1d7f3ffdb1fe50cf8687f4,0x3e5aa082,220869,54305592,54305694,54305592,54305693,1788528990,1788529000,343,353,58697975,970992659,1
191126,25904326,1788529355,2026-09-04T13:42:35Z,0xcf04ae1e18dc5d9fdce6d0ffd87bbf0f7ab2ec6f595ad7fb1c76f7c543d62707,0xdaa526086787d9debe1d7f3ffdb1fe50cf8687f4,0x917cf8ac,220896,54305694,54305823,54305694,54305822,1788529000,1788529010,345,355,61852543,975111668,1
191127,25904326,1788529355,2026-09-04T13:42:35Z,0x7fb88e10f2c84524febc407b82c852b56e105b53f4719dc07732fea20f2c9c29,0xdaa526086787d9debe1d7f3ffdb1fe50cf8687f4,0x3e5aa082,220896,54305823,54305925,54305823,54305924,1788529010,1788529021,334,345,61852543,975111668,1
191128,25904327,1788529367,2026-09-04T13:42:47Z,0xf2dc5e74612391ff5b1f00435b2bcaccf5d8f4c12466b984e571e3960d806cab,0xdaa526086787d9debe1d7f3ffdb1fe50cf8687f4,0x3e5aa082,220896,54305925,54306028,54305925,54306027,1788529021,1788529031,336,346,57826586,970868787,1
191129,25904328,1788529379,2026-09-04T13:42:59Z,0xd8243aa52993f4cb3c80cd5d93de2ebce4187b0c7ad02d1f3cc25ed30b480aa4,0xdaa526086787d9debe1d7f3ffdb1fe50cf8687f4,0x3e5aa082,220896,54306028,54306121,54306028,54306120,1788529031,1788529041,338,348,58478903,983731712,1
191130,25904328,1788529379,2026-09-04T13:42:59Z,0xabd7863e5459e598f8b52c314ab7a9c31da9af56a6fae4b2d139ea967a26ae55,0xdaa526086787d9debe1d7f3ffdb1fe50cf8687f4,0x3e5aa082,220896,54306121,54306226,54306121,54306225,1788529041,1788529052,327,338,58478903,983731712,1
191131,25904329,1788529391,2026-09-04T13:43:11Z,0x7e8c257d7e278528f223f8b8433722938a1fc707236448ee4e3420b3d59a244c,0xdaa526086787d9debe1d7f3ffdb1fe50cf8687f4,0x3e5aa082,220896,54306226,54306328,54306226,54306327,1788529052,1788529062,329,339,61391714,990490109,1
191132,25904330,1788529403,2026-09-04T13:43:23Z,0x652033129411d401d6203e9688fa597b2c3593f38135172743d59038e745ec87,0xdaa526086787d9debe1d7f3ffdb1fe50cf8687f4,0x3e5aa082,220896,54306328,54306437,54306328,54306436,1788529062,1788529073,330,341,62316821,980801869,1
191133,25904330,1788529403,2026-09-04T13:43:23Z,0xed0998b1cada3e4399ca7d3c94afd31f18a9b7211510fdcad5cce3d13376f727,0xdaa526086787d9debe1d7f3ffdb1fe50cf8687f4,0x3e5aa082,220896,54306437,54306527,54306437,54306526,1788529073,1788529082,321,330,62316821,980801869,1
191134,25904331,1788529415,2026-09-04T13:43:35Z,0xde8a458fa16265550eb33d55eb202a9841086db6835b11b238a54fa3b14cd19d,0xdaa526086787d9debe1d7f3ffdb1fe50cf8687f4,0x3e5aa082,220896,54306527,54306622,54306527,54306621,1788529082,1788529092,323,333,56968127,984698454,1
191135,25904333,1788529439,2026-09-04T13:43:59Z,0x527dca580bef8f9ff973428208fe619ba03249603daa74b789b50f2565042d1d,0xdaa526086787d9debe1d7f3ffdb1fe50cf8687f4,0x3e5aa082,220896,54306622,54306736,54306622,54306735,1788529092,1788529103,336,347,60706900,937778595,1
191136,25904333,1788529439,2026-09-04T13:43:59Z,0x1844e84317e60b942ba1ab9939d995fd3eb8a35f2decded8460d26dfd49c3f61,0xdaa526086787d9debe1d7f3ffdb1fe50cf8687f4,0x3e5aa082,220896,54306736,54306852,54306736,54306851,1788529103,1788529115,324,336,60706900,937778595,1
191137,25904333,1788529439,2026-09-04T13:43:59Z,0xd8581ba165a24952d2209b3e41035d983188bbc28a7708d764ec3bd92bf12772,0xdaa526086787d9debe1d7f3ffdb1fe50cf8687f4,0x3e5aa082,220896,54306852,54306961,54306852,54306960,1788529115,1788529126,313,324,60706900,937778595,1
191138,25904334,1788529451,2026-09-04T13:44:11Z,0x20f60913de9449177135cbd36fee7a820c7724b34b09a8d925ab26389e42b680,0xdaa526086787d9debe1d7f3ffdb1fe50cf8687f4,0x3e5aa082,220896,54306961,54307068,54306961,54307067,1788529126,1788529137,314,325,63492836,959895242,1
191139,25904334,1788529451,2026-09-04T13:44:11Z,0x0eb6ab977b56b07f34e5bdbacae3272b54496ecdffa222181451e22e77376c40,0xdaa526086787d9debe1d7f3ffdb1fe50cf8687f4,0x3e5aa082,220896,54307068,54307184,54307068,54307183,1788529137,1788529149,302,314,63492836,959895242,1
191140,25904335,1788529463,2026-09-04T13:44:23Z,0x148a3ec88af92b01b37504337d0a57be5c1ded29d761873924e130ba006101fd,0xdaa526086787d9debe1d7f3ffdb1fe50cf8687f4,0x3e5aa082,220896,54307184,54307300,54307184,54307299,1788529149,1788529161,302,314,59360112,973342417,1
191141,25904337,1788529487,2026-09-04T13:44:47Z,0xfdb8f77b8282a67c27d4930b8c1ccce9e12b12885d4adb81193449cbf069e6d7,0xdaa526086787d9debe1d7f3ffdb1fe50cf8687f4,0x3e5aa082,220896,54307300,54307424,54307300,54307423,1788529161,1788529173,314,326,56122418,909666275,1
191142,25904337,1788529487,2026-09-04T13:44:47Z,0x73fd45edaa4ca86cf113fd790683feea4e76b734e102164646bdce6ee2a5b529,0xdaa526086787d9debe1d7f3ffdb1fe50cf8687f4,0x3e5aa082,220896,54307424,54307547,54307424,54307546,1788529173,1788529186,301,314,56122418,909666275,1
191143,25904337,1788529487,2026-09-04T13:44:47Z,0x8588a9f31cdd0f4e68240341aaf7671d0a0c41117198d84d23e0e1599e3f95e9,0xdaa526086787d9debe1d7f3ffdb1fe50cf8687f4,0x3e5aa082,220896,54307547,54307678,54307547,54307677,1788529186,1788529199,288,301,56122418,909666275,1
191144,25904338,1788529499,2026-09-04T13:44:59Z,0xd5bf25ae63d62490a7adce07e84fb9d722c2d441fb637f8f3acb75e1a85ed313,0xdaa526086787d9debe1d7f3ffdb1fe50cf8687f4,0x3e5aa082,220896,54307678,54307784,54307678,54307783,1788529199,1788529210,289,300,60029729,934250786,1
191145,25904342,1788529559,2026-09-04T13:45:59Z,0xac114826560fda98067a7e069518644b7079fd2b32b6bbf66bd16217e846a878,0xdaa526086787d9debe1d7f3ffdb1fe50cf8687f4,0x3e5aa082,220896,54307784,54307885,54307784,54307884,1788529210,1788529220,339,349,53061317,932193383,1
191146,25904342,1788529559,2026-09-04T13:45:59Z,0x9b3ae945e42544db2b00847ed742a28ffbb56a525d4b188dfb841793b872a922,0xdaa526086787d9debe1d7f3ffdb1fe50cf8687f4,0x3e5aa082,220896,54307885,54307995,54307885,54307994,1788529220,1788529231,328,339,53061317,932193383,1
191147,25904342,1788529559,2026-09-04T13:45:59Z,0xffd7f789676fcfe619ea39410f432255c347c8cacd22e8a2285b914a8220fb8a,0xdaa526086787d9debe1d7f3ffdb1fe50cf8687f4,0x3e5aa082,220896,54307995,54308098,54307995,54308097,1788529231,1788529242,317,328,53061317,932193383,1
191148,25904342,1788529559,2026-09-04T13:45:59Z,0xdd837e37606e4de0232e8effa0b1f0acce36a1dea8f5b428bee80ea589dbcc26,0xdaa526086787d9debe1d7f3ffdb1fe50cf8687f4,0x3e5aa082,220896,54308098,54308203,54308098,54308202,1788529242,1788529253,306,317,53061317,932193383,1
191149,25904342,1788529559,2026-09-04T13:45:59Z,0x385139e1bc1d431a45101ea35d2277747132268fe5804f98050926165928462c,0xdaa526086787d9debe1d7f3ffdb1fe50cf8687f4,0x3e5aa082,220896,54308203,54308307,54308203,54308306,1788529253,1788529263,296,306,53061317,932193383,1
191150,25904342,1788529559,2026-09-04T13:45:59Z,0x2f88a98181c7fd727e13dedf4e737fac4f29eff6f1750f5047854766e9faecff,0xdaa526086787d9debe1d7f3ffdb1fe50cf8687f4,0x3e5aa082,220896,54308307,54308413,54308307,54308412,1788529263,1788529274,285,296,53061317,932193383,1
191151,25904353,1788529691,2026-09-04T13:48:11Z,0x03a7031e03ddfa9b57e89154d7578cbf71161ab54256081e1f1e7a12c9971414,0xdaa526086787d9debe1d7f3ffdb1fe50cf8687f4,0x3e5aa082,220896,54308413,54308522,54308413,54308521,1788529274,1788529285,406,417,54468467,940525364,1
191152,25904354,1788529703,2026-09-04T13:48:23Z,0x94b1a33e86067a693991b8dfe48f4c1498e1f3999c4eed85a7a437b580516891,0xdaa526086787d9debe1d7f3ffdb1fe50cf8687f4,0x3e5aa082,220896,54308522,54308638,54308522,54308637,1788529285,1788529297,406,418,58917843,1054027829,1
191153,25904354,1788529703,2026-09-04T13:48:23Z,0x29694836970fe6c4068b27876ffccc6ba12314d7bc3f64d73e0bcc6cba9e2545,0xdaa526086787d9debe1d7f3ffdb1fe50cf8687f4,0x3e5aa082,220896,54308638,54308749,54308638,54308748,1788529297,1788529309,394,406,58917843,1054027829,1
191154,25904354,1788529703,2026-09-04T13:48:23Z,0x91bfc435028d727a72895357aab5318235caa8c385ab7c2e2bd47c4665c1b959,0xdaa526086787d9debe1d7f3ffdb1fe50cf8687f4,0x3e5aa082,220896,54308749,54308870,54308749,54308869,1788529309,1788529321,382,394,58917843,1054027829,1
191155,25904354,1788529703,2026-09-04T13:48:23Z,0xc7059ead50d5a77665f697cf07eaa580a43231f5a49b74e51c658a602b716adc,0xdaa526086787d9debe1d7f3ffdb1fe50cf8687f4,0x3e5aa082,220896,54308870,54308968,54308870,54308967,1788529321,1788529331,372,382,58917843,1054027829,1
191156,25904355,1788529715,2026-09-04T13:48:35Z,0x00802365babaf4da8c03ba0715ec34681fb0e9b5403f61edbc2cff675437da98,0xdaa526086787d9debe1d7f3ffdb1fe50cf8687f4,0x3e5aa082,220896,54308968,54309074,54308968,54309073,1788529331,1788529342,373,384,63255853,958387073,1
191157,25904355,1788529715,2026-09-04T13:48:35Z,0xb05ae2a4f4190368efbf3a5024f18526d8bf0e4dea2c5b3f8279ad5a92d5c0b3,0xdaa526086787d9debe1d7f3ffdb1fe50cf8687f4,0x3e5aa082,220896,54309074,54309183,54309074,54309182,1788529342,1788529353,362,373,63255853,958387073,1
191158,25904356,1788529727,2026-09-04T13:48:47Z,0x3973eeb9fdd178ff0e75bcf11171411f527e9217332127bd30b140bf0e4d673f,0xdaa526086787d9debe1d7f3ffdb1fe50cf8687f4,0x3e5aa082,220896,54309183,54309294,54309183,54309293,1788529353,1788529364,363,374,65420780,1039694091,1
191159,25904357,1788529739,2026-09-04T13:48:59Z,0x16bf14bf60edecaa1a5044cfc1b4ee448d43a9919b8fe7fd96a7e49675df94b7,0xdaa526086787d9debe1d7f3ffdb1fe50cf8687f4,0x3e5aa082,220896,54309294,54309393,54309294,54309392,1788529364,1788529375,364,375,57826561,1042584495,1
191160,25904357,1788529739,2026-09-04T13:48:59Z,0x66275f63bd17fdf6473302b78a3ec6142fd82679485b1f7d0be6d28095142e60,0xdaa526086787d9debe1d7f3ffdb1fe50cf8687f4,0x917cf8ac,220918,54309393,54309532,54309393,54309531,1788529375,1788529387,352,364,57826561,1042584495,1
191161,25904358,1788529751,2026-09-04T13:49:11Z,0xbba25602cbd40bc31e313650ed5fc93c723ecad3a4a2adc14762745bac1a1257,0xdaa526086787d9debe1d7f3ffdb1fe50cf8687f4,0x3e5aa082,220918,54309532,54309632,54309532,54309631,1788529387,1788529397,354,364,60480314,1032469425,1
191162,25904358,1788529751,2026-09-04T13:49:11Z,0x8de8093d4e6457adc561871120ad2f5fc3a1309bfd9ddaf85586afb134eed243,0xdaa526086787d9debe1d7f3ffdb1fe50cf8687f4,0x3e5aa082,220918,54309632,54309740,54309632,54309739,1788529397,1788529408,343,354,60480314,1032469425,1
191163,25904359,1788529763,2026-09-04T13:49:23Z,0xe9dc7f050a07741fc28199deb19d39eadf417f8d183ed4449f734e17d0ddbd23,0xdaa526086787d9debe1d7f3ffdb1fe50cf8687f4,0x3e5aa082,220918,54309740,54309838,54309740,54309837,1788529408,1788529418,345,355,63255853,1036507589,1
191164,25904360,1788529775,2026-09-04T13:49:35Z,0x046562b1c8f3b5ddb19c9a99a7a42ccf27eef48f5997bfabf075bb511277970f,0xdaa526086787d9debe1d7f3ffdb1fe50cf8687f4,0x3e5aa082,220918,54309838,54309955,54309838,54309954,1788529418,1788529430,345,357,64209051,1030006134,1
191165,25904361,1788529787,2026-09-04T13:49:47Z,0x97e32d9ce23286c63049c361085d1acfa428744b4f2e89fb93e8c6119757bf80,0xdaa526086787d9debe1d7f3ffdb1fe50cf8687f4,0x3e5aa082,220918,54309955,54310083,54309955,54310082,1788529430,1788529444,343,357,66158759,926192012,1
191166,25904361,1788529787,2026-09-04T13:49:47Z,0x8a304ffe9f721f70dbb56758f9819e5e8d13467fa861dae43e390acabf2fe5b0,0xdaa526086787d9debe1d7f3ffdb1fe50cf8687f4,0x3e5aa082,220918,54310083,54310202,54310083,54310201,1788529444,1788529456,331,343,66158759,926192012,1
191167,25904362,1788529799,2026-09-04T13:49:59Z,0xcbfc9a3a5371ed8331bb2e02306ba907c65a84544618f175cd50877398734d85,0xdaa526086787d9debe1d7f3ffdb1fe50cf8687f4,0x3e5aa082,220918,54310202,54310325,54310202,54310324,1788529456,1788529468,331,343,66905069,983561911,1
191168,25904362,1788529799,2026-09-04T13:49:59Z,0xa48af1d42a961aa2e9aeecab36605b2fd9b60301d40a3634fcbf9dc310481aad,0xdaa526086787d9debe1d7f3ffdb1fe50cf8687f4,0x3e5aa082,220918,54310325,54310432,54310325,54310431,1788529468,1788529479,320,331,66905069,983561911,1
191169,25904363,1788529811,2026-09-04T13:50:11Z,0x37fce9b760f7f91f98681c0e4f2e5e6247ce342dd057917383745e6f1830de46,0xdaa526086787d9debe1d7f3ffdb1fe50cf8687f4,0x3e5aa082,220918,54310432,54310529,54310432,54310528,1788529479,1788529489,322,332,61162562,980790170,1
191170,25904364,1788529823,2026-09-04T13:50:23Z,0xa6582929b63dc61850a7cd6f8be7639db401b72cafb211016abcdb7f7fe07924,0xdaa526086787d9debe1d7f3ffdb1fe50cf8687f4,0x3e5aa082,220918,54310529,54310648,54310529,54310647,1788529489,1788529501,322,334,61852512,1001526347,1
191171,25904364,1788529823,2026-09-04T13:50:23Z,0xe508bb3f2ff51a29365ff72c1fc36698f6de1d13d9b9ffdeb7cc9f52f8cc2ac2,0xdaa526086787d9debe1d7f3ffdb1fe50cf8687f4,0x3e5aa082,220918,54310648,54310756,54310648,54310755,1788529501,1788529512,311,322,61852512,1001526347,1
191172,25904365,1788529835,2026-09-04T13:50:35Z,0x0344d9476e04d5e08a17247f453f2286a91903caed3a6dfba1e9794d99b7fae8,0xdaa526086787d9debe1d7f3ffdb1fe50cf8687f4,0x3e5aa082,220918,54310756,54310868,54310756,54310867,1788529512,1788529524,311,323,65176612,1003042532,1
191173,25904367,1788529859,2026-09-04T13:50:59Z,0xd8f03e1018670484febcda64ed4690b3149618134bd05817e5d2c9a1f9184324,0xdaa526086787d9debe1d7f3ffdb1fe50cf8687f4,0x3e5aa082,220918,54310868,54310967,54310868,54310966,1788529524,1788529534,325,335,57610736,897334646,1
191174,25904367,1788529859,2026-09-04T13:50:59Z,0x9c271e25aee6b98ae25296c287e9ca3806f03ea90a783e7ae2c3d2634bf79377,0xdaa526086787d9debe1d7f3ffdb1fe50cf8687f4,0x3e5aa082,220918,54310967,54311068,54310967,54311067,1788529534,1788529544,315,325,57610736,897334646,1
191175,25904367,1788529859,2026-09-04T13:50:59Z,0x27e5efaa277faf20000fd1db8a6e7cf59d2720ead52a5de3ea28828868c11027,0xdaa526086787d9debe1d7f3ffdb1fe50cf8687f4,0x3e5aa082,220918,54311068,54311188,54311068,54311187,1788529544,1788529556,303,315,57610736,897334646,1
191176,25904368,1788529871,2026-09-04T13:51:11Z,0x7832d83a0bad8a134d69441729f7d2ecc7eb66c4f81a9609f535a8e873ae9632,0xdaa526086787d9debe1d7f3ffdb1fe50cf8687f4,0x3e5aa082,220918,54311188,54311283,54311188,54311282,1788529556,1788529566,305,315,62316795,952863335,1
191177,25904368,1788529871,2026-09-04T13:51:11Z,0x25ccb36a623bbd110b7c529dc157fdcceb6bf7ad09dbdd30db1090e7f2aaf8be,0xdaa526086787d9debe1d7f3ffdb1fe50cf8687f4,0x3e5aa082,220918,54311283,54311391,54311283,54311390,1788529566,1788529577,294,305,62316795,952863335,1
191178,25904370,1788529895,2026-09-04T13:51:35Z,0xff5f1bbd37aa43c57762f81b4af43a92adfc65517b4f46b0140ccff90d288407,0xdaa526086787d9debe1d7f3ffdb1fe50cf8687f4,0x3e5aa082,220918,54311391,54311508,54311391,54311507,1788529577,1788529588,307,318,52078493,930664913,1
191179,25904370,1788529895,2026-09-04T13:51:35Z,0x23a2e9a7d30e1763421c8aac0b15de9cbf14281ef4d28d2a713fabbaaaa245cf,0xdaa526086787d9debe1d7f3ffdb1fe50cf8687f4,0x3e5aa082,220918,54311508,54311625,54311508,54311624,1788529589,1788529600,295,306,52078493,930664913,1
191180,25904370,1788529895,2026-09-04T13:51:35Z,0x18d75bd638ad619ef03a90fbc3597cb66ac56f6fc8617cb2dd11b6743bfc0b38,0xdaa526086787d9debe1d7f3ffdb1fe50cf8687f4,0x3e5aa082,220918,54311625,54311747,54311625,54311746,1788529600,1788529613,282,295,52078493,930664913,1
191181,25904371,1788529907,2026-09-04T13:51:47Z,0x7f1ef7b685c945257e5e725619ec93292e1907477110cfa1bca136d3e30f65f0,0xdaa526086787d9debe1d7f3ffdb1fe50cf8687f4,0x3e5aa082,220918,54311747,54311857,54311747,54311856,1788529613,1788529624,283,294,55082894,849227433,1
191182,25904371,1788529907,2026-09-04T13:51:47Z,0x6e21e33d729adb197511394835db27e5560a5f053a34d0ad11ed4c2be6b0513b,0xdaa526086787d9debe1d7f3ffdb1fe50cf8687f4,0x3e5aa082,220918,54311857,54311951,54311857,54311950,1788529624,1788529634,273,283,55082894,849227433,1
191183,25904372,1788529919,2026-09-04T13:51:59Z,0xb6c12194ba634709d324ecc27efd70771ea635be34dceba0a18626ab8d1fa210,0xdaa526086787d9debe1d7f3ffdb1fe50cf8687f4,0x3e5aa082,220918,54311951,54312060,54311951,54312059,1788529634,1788529645,274,285,53860876,865569764,1
191184,25904373,1788529931,2026-09-04T13:52:11Z,0xd0592ba37b4f64f5b57f98ccf05094be6feed4ecb83627a6863f978480bf57dd,0xdaa526086787d9debe1d7f3ffdb1fe50cf8687f4,0x3e5aa082,220918,54312060,54312184,54312060,54312183,1788529645,1788529657,274,286,55912934,848481705,1
191185,25904373,1788529931,2026-09-04T13:52:11Z,0x771334e92a4cdc33ca2bb3a754637a70a5ef88ded6b76cd7bda1881ada9315bb,0xdaa526086787d9debe1d7f3ffdb1fe50cf8687f4,0x3e5aa082,220918,54312184,54312291,54312184,54312290,1788529657,1788529668,263,274,55912934,848481705,1
191186,25904374,1788529943,2026-09-04T13:52:23Z,0x52b4a5d6cfe5614926f9655d2d437e5020f38d20c44c670ddc1c71a3c185d803,0xdaa526086787d9debe1d7f3ffdb1fe50cf8687f4,0x3e5aa082,220918,54312291,54312399,54312291,54312398,1788529668,1788529679,264,275,55912934,832646789,1
191187,25904374,1788529943,2026-09-04T13:52:23Z,0x593bb471ed24b6c3889cc42137702ca6ee21709b259dd3858b786fdbf723e05f,0xdaa526086787d9debe1d7f3ffdb1fe50cf8687f4,0x3e5aa082,220918,54312399,54312517,54312399,54312516,1788529679,1788529691,252,264,55912934,832646789,1
191188,25904375,1788529955,2026-09-04T13:52:35Z,0x71a75e8b9aabd83cd1965c2e53a7fb14fd06479a31e88fdb989e3f25ed791ecc,0xdaa526086787d9debe1d7f3ffdb1fe50cf8687f4,0x3e5aa082,220918,54312517,54312634,54312517,54312633,1788529691,1788529703,252,264,57826551,798657766,1
191189,25904376,1788529967,2026-09-04T13:52:47Z,0xcf2a8a2aed8cca994dff89c859073d57604d3048fe639af9a96b318cdfeee08d,0xdaa526086787d9debe1d7f3ffdb1fe50cf8687f4,0x3e5aa082,220918,54312634,54312742,54312634,54312741,1788529703,1788529714,253,264,51690484,782421974,1
191190,25904376,1788529967,2026-09-04T13:52:47Z,0xf135196ee38204fde8abb02da227f41e7316cbbc46c0c36462e1cda45a37ed22,0xdaa526086787d9debe1d7f3ffdb1fe50cf8687f4,0x3e5aa082,220918,54312742,54312869,54312742,54312868,1788529714,1788529727,240,253,51690484,782421974,1
191191,25904377,1788529979,2026-09-04T13:52:59Z,0xc3a5c92613d1bbd96aaebd3261a5fe5347c3699ee7db54cf45d24ea936909152,0xdaa526086787d9debe1d7f3ffdb1fe50cf8687f4,0x3e5aa082,220918,54312869,54313021,54312869,54313020,1788529727,1788529743,236,252,47253856,779388065,1
191192,25904381,1788530027,2026-09-04T13:53:47Z,0x5f3b671e3b1b2ad5fd030120a8e4788d24950cd9ad2ee2044d550837485489d5,0xdaa526086787d9debe1d7f3ffdb1fe50cf8687f4,0x3e5aa082,220918,54313021,54313152,54313021,54313151,1788529743,1788529756,271,284,37898999,737813254,1
191193,25904381,1788530027,2026-09-04T13:53:47Z,0x2ef6dc98b356df4e0e29b7eb9b001e96201f4d8ebc75c916955c389d31c305ca,0xdaa526086787d9debe1d7f3ffdb1fe50cf8687f4,0x3e5aa082,220918,54313152,54313264,54313152,54313263,1788529756,1788529767,260,271,37898999,737813254,1
191194,25904381,1788530027,2026-09-04T13:53:47Z,0xe28448b5b815687e19afaa369974bb0446c340811708412c1c7a2665ceecc78d,0xdaa526086787d9debe1d7f3ffdb1fe50cf8687f4,0x917cf8ac,220965,54313264,54313444,54313264,54313443,1788529768,1788529781,246,259,37898999,737813254,1
191195,25904383,1788530051,2026-09-04T13:54:11Z,0xbc2d2a90324453f2d9613bc64c6813e4184a871466d653ee653b826e0617e105,0xdaa526086787d9debe1d7f3ffdb1fe50cf8687f4,0x3e5aa082,220965,54313444,54313577,54313444,54313576,1788529781,1788529794,257,270,41924970,724181329,1
191196,25904384,1788530063,2026-09-04T13:54:23Z,0xecae6750e16e926cea74114be9ebbe05d72fc12fc13f04d5691e6d0a81334ebb,0xdaa526086787d9debe1d7f3ffdb1fe50cf8687f4,0x3e5aa082,220965,54313577,54313671,54313577,54313670,1788529795,1788529804,259,268,42556734,753515846,1
191197,25904385,1788530075,2026-09-04T13:54:35Z,0xc8730b64497b6aca06e5cae039818e3e900a250cf046e913c1f352b2ec50a1f2,0xdaa526086787d9debe1d7f3ffdb1fe50cf8687f4,0x3e5aa082,220965,54313671,54313785,54313671,54313784,1788529804,1788529816,259,271,46033074,682770230,1
191198,25904386,1788530087,2026-09-04T13:54:47Z,0xf20ddd731ed27c4531c1a7bc88f1582371f7199ed82b683ffff5e472954bfa69,0xdaa526086787d9debe1d7f3ffdb1fe50cf8687f4,0x3e5aa082,220965,54313785,54313935,54313785,54313934,1788529816,1788529831,256,271,43522279,738705094,1
191199,25904387,1788530099,2026-09-04T13:54:59Z,0xf5ef139700bed9a5d9f6f37e4bcc11632bc7da1089683731e80789d3d0cbdf41,0xdaa526086787d9debe1d7f3ffdb1fe50cf8687f4,0x3e5aa082,220965,54313935,54314064,54313935,54314063,1788529831,1788529844,255,268,45011827,728940719,1
191200,25904388,1788530111,2026-09-04T13:55:11Z,0x1fbd0bf394aa99a55f0391d37e6ea79cbab359efabc9e7abd9ade238647be57d,0xdaa526086787d9debe1d7f3ffdb1fe50cf8687f4,0x3e5aa082,220965,54314064,54314192,54314064,54314191,1788529844,1788529857,254,267,45690107,696431309,1
191201,25904390,1788530135,2026-09-04T13:55:35Z,0xce85d8eb9a456dca5ffcc45f753ccf0a95a524aaa2813202864daa259815469b,0xdaa526086787d9debe1d7f3ffdb1fe50cf8687f4,0x3e5aa082,220965,54314192,54314328,54314192,54314327,1788529857,1788529871,264,278,41302577,693402919,1
191202,25904391,1788530147,2026-09-04T13:55:47Z,0xd09994c085959cd109d22dee7cfbd061bdc679e9e508d51dab7dbf47f713a181,0xdaa526086787d9debe1d7f3ffdb1fe50cf8687f4,0x3e5aa082,220965,54314328,54314460,54314328,54314459,1788529871,1788529884,263,276,43522276,671241970,1
191203,25904392,1788530159,2026-09-04T13:55:59Z,0xfe9ba60e2706cf5a5884b8d40c4679a894cad004e1600a8a19b045c36ce1e69e,0xdaa526086787d9debe1d7f3ffdb1fe50cf8687f4,0x3e5aa082,220965,54314460,54314594,54314460,54314593,1788529884,1788529898,261,275,39786730,648791928,1
191204,25904394,1788530183,2026-09-04T13:56:23Z,0x26233a9cfde805f01e21df98001590fd24e999bce50033835ba55e4f7501f097,0xdaa526086787d9debe1d7f3ffdb1fe50cf8687f4,0x3e5aa082,220965,54314594,54314730,54314594,54314729,1788529898,1788529912,271,285,38040969,573045665,1
191205,25904395,1788530195,2026-09-04T13:56:35Z,0x4dfe0a817b013deb848ded5527642030d3a3d90e74e0ce2fb629d861c65057cb,0xdaa526086787d9debe1d7f3ffdb1fe50cf8687f4,0x3e5aa082,220965,54314730,54314869,54314730,54314868,1788529912,1788529926,269,283,33625071,596571218,1
191206,25904396,1788530207,2026-09-04T13:56:47Z,0x1f38b622846e5709307f44a2bcdae2e237491758d722f0d34731d86c588a5f8f,0xdaa526086787d9debe1d7f3ffdb1fe50cf8687f4,0x3e5aa082,220965,54314869,54314998,54314869,54314997,1788529926,1788529939,268,281,34775887,586910128,1
191207,25904397,1788530219,2026-09-04T13:56:59Z,0xf6439e0ced9e698f4da8ae443043f5c615cf4a414b8af3f4f563878547021958,0xdaa526086787d9debe1d7f3ffdb1fe50cf8687f4,0x3e5aa082,220965,54314998,54315130,54314998,54315129,1788529939,1788529952,267,280,35299923,571786619,1
191208,25904398,1788530231,2026-09-04T13:57:11Z,0x471cd2ef5e8e8f1e6349989b02d1f23452cb34edeb16c8ec3ffe54e8c0931b05,0xdaa526086787d9debe1d7f3ffdb1fe50cf8687f4,0x3e5aa082,220965,54315130,54315260,54315130,54315259,1788529952,1788529965,266,279,35698126,551877730,1
191209,25904399,1788530243,2026-09-04T13:57:23Z,0x341bdd1b78cc48d8f923eb29ead25525dad089f8a8df2731baa8f1e0edbf1c51,0xdaa526086787d9debe1d7f3ffdb1fe50cf8687f4,0x3e5aa082,220965,54315260,54315394,54315260,54315393,1788529966,1788529979,264,277,34131765,502238398,1
191210,25904403,1788530291,2026-09-04T13:58:11Z,0xe5c0df3ff4bc75b799003babcdf13322136390c2d26477a5742ea34125883ecd,0xdaa526086787d9debe1d7f3ffdb1fe50cf8687f4,0x3e5aa082,220965,54315394,54315502,54315394,54315501,1788529979,1788529992,299,312,28630960,475907285,1
191211,25904403,1788530291,2026-09-04T13:58:11Z,0x394da6c65a27427883d5229629a9b1ad206d22b6422e8e871cc202120420ecb9,0xdaa526086787d9debe1d7f3ffdb1fe50cf8687f4,0x3e5aa082,220965,54315502,54315629,54315502,54315628,1788529992,1788530004,287,299,28630960,475907285,1
191212,25904403,1788530291,2026-09-04T13:58:11Z,0xb9ab42e9206d194d2e6ce8d2d37aeb2dcb4e6da8614e083d5f5200afca9b55a7,0xdaa526086787d9debe1d7f3ffdb1fe50cf8687f4,0x3e5aa082,220965,54315629,54315760,54315629,54315759,1788530005,1788530018,273,286,28630960,475907285,1
191213,25904407,1788530339,2026-09-04T13:58:59Z,0xa0340de60266874baa1ba970cc28c48c0bf4814698f9f94c4f34e63361472194,0xdaa526086787d9debe1d7f3ffdb1fe50cf8687f4,0x3e5aa082,220965,54315760,54315891,54315760,54315890,1788530018,1788530031,308,321,26370010,442019193,1
191214,25904407,1788530339,2026-09-04T13:58:59Z,0x9e13ba350008c786c80fde767de5d4ba8e81c871d05dd005801b07204f30eb66,0xdaa526086787d9debe1d7f3ffdb1fe50cf8687f4,0x3e5aa082,220965,54315891,54316012,54315891,54316011,1788530031,1788530043,296,308,26370010,442019193,1
191215,25904407,1788530339,2026-09-04T13:58:59Z,0xe67c8a97542b6b0a0186b394cfc08087265d652e6aaa656e3bd7d432bc677234,0xdaa526086787d9debe1d7f3ffdb1fe50cf8687f4,0x3e5aa082,220965,54316012,54316148,54316012,54316147,1788530043,1788530057,282,296,26370010,442019193,1
191216,25904409,1788530363,2026-09-04T13:59:23Z,0xce92cf6c69642bb6b4057e624ac9ec98bd6ebf3892ac59cdd15aab3b28a30008,0xdaa526086787d9debe1d7f3ffdb1fe50cf8687f4,0x3e5aa082,220965,54316148,54316282,54316148,54316281,1788530057,1788530071,292,306,29062395,454692508,1
191217,25904409,1788530363,2026-09-04T13:59:23Z,0x0e29598741c599959e7ff0b3c82ee4ce1a6f52f31d6862f11c8cad65d6b811e6,0xdaa526086787d9debe1d7f3ffdb1fe50cf8687f4,0x3e5aa082,220965,54316282,54316420,54316282,54316419,1788530071,1788530085,278,292,29062395,454692508,1
191218,25904410,1788530375,2026-09-04T13:59:35Z,0xec606ad90babaf2b69929326898ae9232ac4244e1ebc03ff05124c518fb27341,0xdaa526086787d9debe1d7f3ffdb1fe50cf8687f4,0x3e5aa082,220965,54316420,54316568,54316420,54316567,1788530085,1788530100,275,290,27787196,486099462,1
191219,25904411,1788530387,2026-09-04T13:59:47Z,0xff43ca642c82ebb52daf9085baf67f2b84728c4c95bb214bc5d996bee0561ca9,0xdaa526086787d9debe1d7f3ffdb1fe50cf8687f4,0x3e5aa082,220965,54316568,54316689,54316568,54316688,1788530100,1788530112,275,287,28100652,491699547,1
191220,25904412,1788530399,2026-09-04T13:59:59Z,0xb3dc34e13d48a9db3812672669be31349a6f3de4fab277312f8eae3aafa2f993,0xdaa526086787d9debe1d7f3ffdb1fe50cf8687f4,0x3e5aa082,220965,54316689,54316822,54316689,54316821,1788530112,1788530126,273,287,29062395,483233091,1
191221,25904413,1788530411,2026-09-04T14:00:11Z,0x6185f270d78c4ab659756891563e91de2a0f046fdfe6da29924bdac59c84d4c7,0xdaa526086787d9debe1d7f3ffdb1fe50cf8687f4,0x3e5aa082,220965,54316822,54316948,54316822,54316947,1788530126,1788530138,273,285,30396115,473244471,1
191222,25904415,1788530435,2026-09-04T14:00:35Z,0x146f0a6931b6aa3cb3ab5c6f92244c962e77347f7cb56a44d576c7ba2a1a6f39,0xdaa526086787d9debe1d7f3ffdb1fe50cf8687f4,0x917cf8ac,221001,54316948,54317107,54316948,54317106,1788530139,1788530151,284,296,27580169,507584457,1
191223,25904416,1788530447,2026-09-04T14:00:47Z,0x0a06dc3584b97c3adb382f063fc1a92df52c914ab3a1f3f4e2f9f8c9037d75eb,0xdaa526086787d9debe1d7f3ffdb1fe50cf8687f4,0x3e5aa082,221001,54317107,54317229,54317107,54317228,1788530151,1788530164,283,296,28524099,518247394,1
191224,25904417,1788530459,2026-09-04T14:00:59Z,0x5e8f8d9f6d9078f726ca715d0eba042f55d5060e907a19619d1b2bedb00de611,0xdaa526086787d9debe1d7f3ffdb1fe50cf8687f4,0x3e5aa082,221001,54317229,54317354,54317229,54317353,1788530164,1788530177,282,295,28953926,480179870,1
191225,25904422,1788530519,2026-09-04T14:01:59Z,0x8f62ecfa1067ad4ac3e4ace95c1693c74453043042bc583a449d604e55851f89,0xdaa526086787d9debe1d7f3ffdb1fe50cf8687f4,0x3e5aa082,221001,54317354,54317497,54317354,54317496,1788530177,1788530191,328,342,28100645,487584701,1
191226,25904422,1788530519,2026-09-04T14:01:59Z,0x22d2b30ae2e0e4f89e8df665152ae4d220697590b8fa5e6dd0e67904f42146f0,0xdaa526086787d9debe1d7f3ffdb1fe50cf8687f4,0x3e5aa082,221001,54317497,54317640,54317497,54317639,1788530191,1788530206,313,328,28100645,487584701,1
191227,25904422,1788530519,2026-09-04T14:01:59Z,0x9947ec02129a6c2429d0f6e10c72c9d3e699947c688ff00547602a21c8895039,0xdaa526086787d9debe1d7f3ffdb1fe50cf8687f4,0x3e5aa082,221001,54317640,54317768,54317640,54317767,1788530206,1788530219,300,313,28100645,487584701,1
191228,25904422,1788530519,2026-09-04T14:01:59Z,0x16b256920eb84435dfb3e2ee436b740d8d5a6d7108a46ff332f0f86e60712768,0xdaa526086787d9debe1d7f3ffdb1fe50cf8687f4,0x3e5aa082,221001,54317768,54317887,54317768,54317886,1788530219,1788530231,288,300,28100645,487584701,1
191229,25904424,1788530543,2026-09-04T14:02:23Z,0xb8838ee3f0d3fd707767173dafd2f6cd51d91e826fd12a79c818e2346b616879,0xdaa526086787d9debe1d7f3ffdb1fe50cf8687f4,0x3e5aa082,221001,54317887,54318012,54317887,54318011,1788530231,1788530244,299,312,30509974,449299801,1
191230,25904424,1788530543,2026-09-04T14:02:23Z,0x48ebd8d542cb39b2e50ccb9635786fa95869c6ad77d8bb07c4ab8d5419f3e8b9,0xdaa526086787d9debe1d7f3ffdb1fe50cf8687f4,0x3e5aa082,221001,54318012,54318152,54318012,54318151,1788530244,1788530258,285,299,30509974,449299801,1
191231,25904426,1788530567,2026-09-04T14:02:47Z,0xc67d8967a51e1a3615b3eb11d460f80f188c7392624b324c6c59877d768a027c,0xdaa526086787d9debe1d7f3ffdb1fe50cf8687f4,0x3e5aa082,221001,54318152,54318283,54318152,54318282,1788530258,1788530271,296,309,27580162,481709057,1
191232,25904427,1788530579,2026-09-04T14:02:59Z,0xb37c9e79e34fe4055e5abd7f6ae67fcbc390d7ca3c105ac472f7397ad593127e,0xdaa526086787d9debe1d7f3ffdb1fe50cf8687f4,0x3e5aa082,221001,54318283,54318416,54318283,54318415,1788530272,1788530285,294,307,27995766,480920226,1
191233,25904428,1788530591,2026-09-04T14:03:11Z,0x3ac7579452a2069c7065dc112feb4b4bde691af5d5784716b65303c1744b0bac,0xdaa526086787d9debe1d7f3ffdb1fe50cf8687f4,0x3e5aa082,221001,54318416,54318545,54318416,54318544,1788530285,1788530298,293,306,28524089,479920289,1
191234,25904429,1788530603,2026-09-04T14:03:23Z,0x3b2c0d8a64d7aae10f634b6f5e9ff32fe7fbbd6960293d894e74e34c9c705645,0xdaa526086787d9debe1d7f3ffdb1fe50cf8687f4,0x3e5aa082,221001,54318545,54318671,54318545,54318670,1788530298,1788530311,292,305,29500324,494641163,1
191235,25904431,1788530627,2026-09-04T14:03:47Z,0xf0122433641d7a08edfe3ec66f83c552c3a91fdc305a819d841d662fbdb44218,0xdaa526086787d9debe1d7f3ffdb1fe50cf8687f4,0x3e5aa082,221001,54318671,54318806,54318671,54318805,1788530311,1788530325,302,316,29944863,476971517,1
191236,25904433,1788530651,2026-09-04T14:04:11Z,0xe155064ce8dffe32faca86ee0dfaffb2a518911be2d7f93fff9cc162eba79342,0xdaa526086787d9debe1d7f3ffdb1fe50cf8687f4,0x3e5aa082,221001,54318806,54318930,54318806,54318929,1788530325,1788530337,314,326,28311572,475561818,1
191237,25904433,1788530651,2026-09-04T14:04:11Z,0x48bc5c653c81c4057f71290de67a93d5953f214dfbe1ad1a4d0afbcf4d251695,0xdaa526086787d9debe1d7f3ffdb1fe50cf8687f4,0x3e5aa082,221001,54318930,54319072,54318930,54319071,1788530338,1788530352,299,313,28311572,475561818,1
191238,25904434,1788530663,2026-09-04T14:04:23Z,0x1494c9e7d8caf36a0ace50e2eea2c0922fe279bc171123ff8dc60933e88d96a0,0xdaa526086787d9debe1d7f3ffdb1fe50cf8687f4,0x3e5aa082,221001,54319072,54319210,54319072,54319209,1788530352,1788530366,297,311,28953917,511884295,1
191239,25904437,1788530699,2026-09-04T14:04:59Z,0xa3b29e92483aca37477465535ba6f14e34a9dbff6bf1fc330555227499b47f11,0xdaa526086787d9debe1d7f3ffdb1fe50cf8687f4,0x3e5aa082,221001,54319210,54319331,54319210,54319330,1788530366,1788530378,321,333,30169635,484930888,1
191240,25904437,1788530699,2026-09-04T14:04:59Z,0x62e674cbef6b2b79e7d3459ad733514a0738bf5a6f2a7807e9d3e4d91dae228c,0xdaa526086787d9debe1d7f3ffdb1fe50cf8687f4,0x3e5aa082,221001,54319331,54319521,54319331,54319520,1788530378,1788530397,302,321,30169635,484930888,1
191241,25904438,1788530711,2026-09-04T14:05:11Z,0x549bfc4d853376644e1d5346756511676f943d66440825ef455f013d7140ceb9,0xdaa526086787d9debe1d7f3ffdb1fe50cf8687f4,0x3e5aa082,221001,54319521,54319583,54319521,54319582,1788530398,1788530404,307,313,30854136,476131442,1
191242,25904438,1788530711,2026-09-04T14:05:11Z,0x7567ca216f8a68fd3ec99d0b5ed93ac8d70c156cb2f5c0781c5ffb8f1ded1686,0xdaa526086787d9debe1d7f3ffdb1fe50cf8687f4,0x3e5aa082,221001,54319583,54319744,54319583,54319743,1788530404,1788530420,291,307,30854136,476131442,1
191243,25904439,1788530723,2026-09-04T14:05:23Z,0x3c01181d068bcdc031a92773edf261418546fa1506e6873fc4e0784c47edcb1a,0xdaa526086787d9debe1d7f3ffdb1fe50cf8687f4,0x3e5aa082,221001,54319744,54319881,54319744,54319880,1788530420,1788530434,289,303,29171251,459937880,1
191244,25904441,1788530747,2026-09-04T14:05:47Z,0xa67ced439d7a7122eac49452b5a2388b6f5578c611cbaf0c64a1c39bf539c706,0xdaa526086787d9debe1d7f3ffdb1fe50cf8687f4,0x3e5aa082,221001,54319881,54320009,54319881,54320008,1788530435,1788530447,300,312,27580155,450789554,1
191245,25904441,1788530747,2026-09-04T14:05:47Z,0xc6172747ef90d42f6768bca6595f4eb281de455d0cdba69de42a8fa04a10671c,0xdaa526086787d9debe1d7f3ffdb1fe50cf8687f4,0x3e5aa082,221001,54320009,54320125,54320009,54320124,1788530447,1788530459,288,300,27580155,450789554,1
191246,25904442,1788530759,2026-09-04T14:05:59Z,0xd5183a7f62589a8c49ef9f9848fb81170cc8c8c7ba9a46d5f54a80dc8b66f8ee,0xdaa526086787d9debe1d7f3ffdb1fe50cf8687f4,0x3e5aa082,221001,54320125,54320233,54320125,54320232,1788530459,1788530470,289,300,28205905,449034982,1
191247,25904445,1788530795,2026-09-04T14:06:35Z,0x2a13acaeca6e0c9217b380c722781f6bd9b53358fe963b52edde1ff4f4425e7b,0xdaa526086787d9debe1d7f3ffdb1fe50cf8687f4,0x3e5aa082,221001,54320233,54320337,54320233,54320336,1788530470,1788530481,314,325,26271576,433407400,1
191248,25904445,1788530795,2026-09-04T14:06:35Z,0xb78712c38934676bed24e0d15605566bfd2553c9d1c2769eecd96ceabec04145,0xdaa526086787d9debe1d7f3ffdb1fe50cf8687f4,0x3e5aa082,221001,54320337,54320497,54320337,54320496,1788530481,1788530497,298,314,26271576,433407400,1
191249,25904445,1788530795,2026-09-04T14:06:35Z,0x43566f2e524ba3118bc938e597809bedf8a2b52a94320b54c044d04699f4322b,0xdaa526086787d9debe1d7f3ffdb1fe50cf8687f4,0x3e5aa082,221001,54320497,54320595,54320497,54320594,1788530497,1788530507,288,298,26271576,433407400,1
191250,25904447,1788530819,2026-09-04T14:06:59Z,0x9ea5c5bc1144bf50a66bda6bbb081c6c0c306b132d266517970214844a2e769f,0xdaa526086787d9debe1d7f3ffdb1fe50cf8687f4,0x3e5aa082,221001,54320595,54320695,54320595,54320694,1788530507,1788530518,301,312,27891273,448733854,1
191251,25904447,1788530819,2026-09-04T14:06:59Z,0xd67da6896a66a1cd2c543e8479b059632b200f3eb7d9eda94e3e3e5f2040fa57,0xdaa526086787d9debe1d7f3ffdb1fe50cf8687f4,0x3e5aa082,221001,54320695,54320792,54320695,54320791,1788530518,1788530528,291,301,27891273,448733854,1
191252,25904448,1788530831,2026-09-04T14:07:11Z,0x0d505e5f5004cf3de7227ee2012d317d0078d43f4cb05b4db798da85609aed43,0xdaa526086787d9debe1d7f3ffdb1fe50cf8687f4,0x3e5aa082,221001,54320792,54320886,54320792,54320885,1788530528,1788530537,294,303,28524082,455548650,1
191253,25904452,1788530879,2026-09-04T14:07:59Z,0x68fa6156a9242c0ad9c7089d7bf875566d0dfbfa239e45d07aa098b7f939e120,0xdaa526086787d9debe1d7f3ffdb1fe50cf8687f4,0x917cf8ac,221046,54320886,54321040,54320886,54321039,1788530538,1788530549,330,341,27580153,440446662,1
191254,25904452,1788530879,2026-09-04T14:07:59Z,0x01c986f6d42a54e30ed0d579135c80105136f6d8815f24f8f7f9c252b272fced,0xdaa526086787d9debe1d7f3ffdb1fe50cf8687f4,0x3e5aa082,221046,54321040,54321138,54321040,54321137,1788530549,1788530559,320,330,27580153,440446662,1
191255,25904452,1788530879,2026-09-04T14:07:59Z,0x2230b1ce9eba401ccfeb8502de40b403b5212931119819a09098aa0b1f0c0c0e,0xdaa526086787d9debe1d7f3ffdb1fe50cf8687f4,0x3e5aa082,221046,54321138,54321250,54321138,54321249,1788530559,1788530570,309,320,27580153,440446662,1
191256,25904454,1788530903,2026-09-04T14:08:23Z,0x46723bfd258f1e792fca65b8cf310d357bf0781e691df95c4a5312ef5cef7451,0xdaa526086787d9debe1d7f3ffdb1fe50cf8687f4,0x3e5aa082,221046,54321250,54321354,54321250,54321353,1788530570,1788530581,322,333,26075841,429391537,1
191257,25904454,1788530903,2026-09-04T14:08:23Z,0x7cdec80b926cc153352a346c8f614ec2c7bdbefee8f435a19310ca6bb3bb051d,0xdaa526086787d9debe1d7f3ffdb1fe50cf8687f4,0x3e5aa082,221046,54321354,54321465,54321354,54321464,1788530581,1788530593,310,322,26075841,429391537,1
191258,25904454,1788530903,2026-09-04T14:08:23Z,0x7b1d8ab5d1c5d589a0ae4e38191d26c1655f173340ddff9bd5b0819d7905ef1d,0xdaa526086787d9debe1d7f3ffdb1fe50cf8687f4,0x3e5aa082,221046,54321465,54321570,54321465,54321569,1788530593,1788530603,300,310,26075841,429391537,1
191259,25904455,1788530915,2026-09-04T14:08:35Z,0xed2b8fc0d3acc0de24b9bd25f03bd70f46f6a2bfa1056d841692cd8506801c04,0xdaa526086787d9debe1d7f3ffdb1fe50cf8687f4,0x3e5aa082,221046,54321570,54321652,54321570,54321651,1788530603,1788530613,302,312,27580153,452094305,1
191260,25904456,1788530927,2026-09-04T14:08:47Z,0x0b57bd33b31e68254e2b11215a221d904b8e8e768bc39d0ebe197efda7b6c9c7,0xdaa526086787d9debe1d7f3ffdb1fe50cf8687f4,0x3e5aa082,221046,54321652,54321747,54321652,54321746,1788530613,1788530623,304,314,28738192,430828160,1
191261,25904457,1788530939,2026-09-04T14:08:59Z,0xf5ab9ea6a52f57baa832c93ed760413b306ce73462b4f4d632a5f4f560422d6d,0xdaa526086787d9debe1d7f3ffdb1fe50cf8687f4,0x3e5aa082,221046,54321747,54321849,54321747,54321848,1788530623,1788530634,305,316,27477218,434042769,1
191262,25904458,1788530951,2026-09-04T14:09:11Z,0x2bd479549c3568a577b179b5ca5810b2d05eec04921078e51e7cb06b58220598,0xdaa526086787d9debe1d7f3ffdb1fe50cf8687f4,0x3e5aa082,221046,54321849,54321964,54321849,54321963,1788530634,1788530645,306,317,25402185,428003694,1
191263,25904460,1788530975,2026-09-04T14:09:35Z,0x4baba8beb5d65304a32bf851e2d0d82e4272073e66bd113229ce5e7ace2e57ab,0xdaa526086787d9debe1d7f3ffdb1fe50cf8687f4,0x3e5aa082,221046,54321964,54322080,54321964,54322079,1788530645,1788530657,318,330,26468774,410225888,1
191264,25904460,1788530975,2026-09-04T14:09:35Z,0x11b0c6a17587a983dde5888f58d44420f1c1f42f3729329a710773b16d9d51f3,0xdaa526086787d9debe1d7f3ffdb1fe50cf8687f4,0x3e5aa082,221046,54322080,54322192,54322080,54322191,1788530657,1788530669,306,318,26468774,410225888,1
191265,25904460,1788530975,2026-09-04T14:09:35Z,0x805265050c3dfee639488654191c42c1866e9ee1229b608faaa9b6bfd4d8fbfd,0xdaa526086787d9debe1d7f3ffdb1fe50cf8687f4,0x3e5aa082,221046,54322192,54322283,54322192,54322282,1788530669,1788530678,297,306,26468774,410225888,1
191266,25904461,1788530987,2026-09-04T14:09:47Z,0x7318b24df4fe3c915dc296b37ef68332a383c36bdf8d29eb833239a715d347fd,0xdaa526086787d9debe1d7f3ffdb1fe50cf8687f4,0x3e5aa082,221046,54322283,54322427,54322283,54322426,1788530678,1788530693,294,309,26767357,431591822,1
191267,25904462,1788530999,2026-09-04T14:09:59Z,0xcabe4eb7756a3048676c88b5b1217416f15b33da81b4d5210b9a97cab829d1b4,0xdaa526086787d9debe1d7f3ffdb1fe50cf8687f4,0x3e5aa082,221046,54322427,54322529,54322427,54322528,1788530693,1788530703,296,306,27069308,433042123,1
191268,25904463,1788531011,2026-09-04T14:10:11Z,0x70fc9d92aa7c3ea1a3efa9af3745d0a8823caff953401a3cd8b3f04278624123,0xdaa526086787d9debe1d7f3ffdb1fe50cf8687f4,0x3e5aa082,221046,54322529,54322658,54322529,54322657,1788530703,1788530716,295,308,25881562,432608405,1
191269,25904464,1788531023,2026-09-04T14:10:23Z,0xfa43ad7f913e71c3f74868e92b979319e2bbafe9f6d5f7e2556c08de7281f410,0xdaa526086787d9debe1d7f3ffdb1fe50cf8687f4,0x3e5aa082,221046,54322658,54322748,54322658,54322747,1788530716,1788530725,298,307,26271569,438686994,1
191270,25904465,1788531035,2026-09-04T14:10:35Z,0x2bc3830f407f02ec50686ee7d0ad9ff917c861ffd1a08d20369cc9c42062256d,0xdaa526086787d9debe1d7f3ffdb1fe50cf8687f4,0x3e5aa082,221046,54322748,54322820,54322748,54322819,1788530725,1788530733,302,310,27272496,431247835,1
191271,25904465,1788531035,2026-09-04T14:10:35Z,0xda67b653c1db83da7ab993bd1afcf27c20b5c11325a9278d088cb5d9d48e67a4,0xdaa526086787d9debe1d7f3ffdb1fe50cf8687f4,0x3e5aa082,221046,54322820,54322911,54322820,54322910,1788530733,1788530742,293,302,27272496,431247835,1
191272,25904466,1788531047,2026-09-04T14:10:47Z,0x1593ab769c95022a52fd9a48afbbee0345a5cb5a679f9456b3a73b9cf16bbc98,0xdaa526086787d9debe1d7f3ffdb1fe50cf8687f4,0x3e5aa082,221046,54322911,54323014,54322911,54323013,1788530742,1788530752,295,305,25784965,427699302,1
191273,25904467,1788531059,2026-09-04T14:10:59Z,0xf15f2e941898a10653209c24195c3f09319e18a8d4360dffafb359df01512d03,0xdaa526086787d9debe1d7f3ffdb1fe50cf8687f4,0x3e5aa082,221046,54323014,54323113,54323014,54323112,1788530753,1788530763,296,306,26667454,392237296,1
191274,25904467,1788531059,2026-09-04T14:10:59Z,0xa51455a90564f1275b1fd004f638aaf239f65990682eeb389d6c0a033d5e3719,0xdaa526086787d9debe1d7f3ffdb1fe50cf8687f4,0x3e5aa082,221046,54323113,54323231,54323113,54323230,1788530763,1788530775,284,296,26667454,392237296,1
191275,25904468,1788531071,2026-09-04T14:11:11Z,0x1b2db59b867857c70f03950028f3f85edfb768f01b43522c6b69effdefbaeda6,0xdaa526086787d9debe1d7f3ffdb1fe50cf8687f4,0x3e5aa082,221046,54323231,54323350,54323231,54323349,1788530775,1788530787,284,296,26075834,420747346,1
191276,25904469,1788531083,2026-09-04T14:11:23Z,0x1de52c75765a6e1c87c591a5c5bd066f6bef94f54bc8db198e1eea5d79defdce,0xdaa526086787d9debe1d7f3ffdb1fe50cf8687f4,0x3e5aa082,221046,54323350,54323466,54323350,54323465,1788530787,1788530798,285,296,27069304,415943779,1
191277,25904470,1788531095,2026-09-04T14:11:35Z,0x879a21b6106829ff785c36446e203f526ca4353d4b208d344c8c616bfc0b66f2,0xdaa526086787d9debe1d7f3ffdb1fe50cf8687f4,0x3e5aa082,221046,54323466,54323556,54323466,54323555,1788530799,1788530808,287,296,26468769,409630604,1
191278,25904470,1788531095,2026-09-04T14:11:35Z,0x19b97808fbc61d63ece152b6c2e91410c2cbfad54195111a7cd0bf8fb0ff0dd0,0xdaa526086787d9debe1d7f3ffdb1fe50cf8687f4,0x3e5aa082,221046,54323556,54323671,54323556,54323670,1788530808,1788530819,276,287,26468769,409630604,1
191279,25904471,1788531107,2026-09-04T14:11:47Z,0x0d2bc128594f1bfb3752e0c0958e4eb694c018078e5e7e9a0393bdd0ad072799,0xdaa526086787d9debe1d7f3ffdb1fe50cf8687f4,0x3e5aa082,221046,54323671,54323793,54323671,54323792,1788530820,1788530832,275,287,24196937,397837932,1
191280,25904472,1788531119,2026-09-04T14:11:59Z,0x5f922d79c80cfd203da0d470026ea0f434a29235aeee09b95827cbbd81c1d118,0xdaa526086787d9debe1d7f3ffdb1fe50cf8687f4,0x3e5aa082,221046,54323793,54323905,54323793,54323904,1788530832,1788530843,276,287,24469893,404628346,1
191281,25904472,1788531119,2026-09-04T14:11:59Z,0x1acaaf3ffc1c307c297f2f6dacc2d897bf4addeb1764596e2db6360bfe3e885a,0xdaa526086787d9debe1d7f3ffdb1fe50cf8687f4,0x3e5aa082,221046,54323905,54324025,54323905,54324024,1788530843,1788530855,264,276,24469893,404628346,1
191282,25904473,1788531131,2026-09-04T14:12:11Z,0x9d089ea52309b41fcc076c47627702ac9434e0830f81fcf8027079c90abf98f5,0xdaa526086787d9debe1d7f3ffdb1fe50cf8687f4,0x3e5aa082,221046,54324025,54324169,54324025,54324168,1788530856,1788530870,261,275,25212921,401919393,1
191283,25904477,1788531179,2026-09-04T14:12:59Z,0x5dfbf08b3aac3ac3078ed779aee269669be83d27ce6de8ac5372aa5c14512ae9,0xdaa526086787d9debe1d7f3ffdb1fe50cf8687f4,0x3e5aa082,221046,54324169,54324301,54324169,54324300,1788530870,1788530883,296,309,22120096,387143745,1
191284,25904477,1788531179,2026-09-04T14:12:59Z,0xc757c57f1656bc857d156ec9d28daa9da9df3ced63eab162f27b75518d98c550,0xdaa526086787d9debe1d7f3ffdb1fe50cf8687f4,0x3e5aa082,221046,54324301,54324413,54324301,54324412,1788530884,1788530895,284,295,22120096,387143745,1
191285,25904477,1788531179,2026-09-04T14:12:59Z,0x66547fe645be39dcc92f1bb28f3461fb4a5d02cb3d0be9aca428a0503bb9166f,0xdaa526086787d9debe1d7f3ffdb1fe50cf8687f4,0x3e5aa082,221046,54324413,54324538,54324413,54324537,1788530895,1788530908,271,284,22120096,387143745,1
191286,25904479,1788531203,2026-09-04T14:13:23Z,0xbc96293fc85e69b766c093b14057585c8d429a7e0b37eb0b0e21ba0ba971f8c5,0xdaa526086787d9debe1d7f3ffdb1fe50cf8687f4,0x3e5aa082,221046,54324538,54324675,54324538,54324674,1788530908,1788530922,281,295,23135223,367529630,1
191287,25904482,1788531239,2026-09-04T14:13:59Z,0xe143009ac6a394f12dd4633d582dd8b331ac94695dcfa91704218c9c921c45e9,0xdaa526086787d9debe1d7f3ffdb1fe50cf8687f4,0x917cf8ac,221076,54324675,54324836,54324675,54324835,1788530922,1788530935,304,317,22286136,393224959,1
191288,25904482,1788531239,2026-09-04T14:13:59Z,0x97ef0b65dac21fba46beb966505957f0370ad549be7bb70a3c3714049c33c355,0xdaa526086787d9debe1d7f3ffdb1fe50cf8687f4,0x3e5aa082,221076,54324836,54324955,54324836,54324954,1788530935,1788530948,291,304,22286136,393224959,1
191289,25904483,1788531251,2026-09-04T14:14:11Z,0xb5e008d898bfd69f172c97ca5f07b451f3df4d1275196c979ffcd5c6cd513528,0xdaa526086787d9debe1d7f3ffdb1fe50cf8687f4,0x3e5aa082,221076,54324955,54325091,54324955,54325090,1788530948,1788530961,290,303,23048877,402927109,1
191290,25904484,1788531263,2026-09-04T14:14:23Z,0xf2a9ab910b3468888d09e7bfb52a3dbb25cb3523703b697a9fe17a885e8bb31d,0xdaa526086787d9debe1d7f3ffdb1fe50cf8687f4,0x3e5aa082,221076,54325091,54325232,54325091,54325231,1788530962,1788530976,287,301,23927022,405882989,1
191291,25904489,1788531335,2026-09-04T14:15:35Z,0x75d5ffab0339932aec976fb88a5c5122e188b74b5f2bde3e62f0b5c942b48ba1,0xdaa526086787d9debe1d7f3ffdb1fe50cf8687f4,0x3e5aa082,221076,54325232,54325357,54325232,54325356,1788530976,1788530989,346,359,23483842,424443675,1
191292,25904489,1788531335,2026-09-04T14:15:35Z,0xc755339ce5017ea016923a99eb59619100825f767551aea3f1b0fb4f134a05ae,0xdaa526086787d9debe1d7f3ffdb1fe50cf8687f4,0x3e5aa082,221076,54325357,54325499,54325357,54325498,1788530989,1788531003,332,346,23483842,424443675,1
191293,25904489,1788531335,2026-09-04T14:15:35Z,0xc6250072c1914365b17d876bb72124f3c9f25e066d4c3e81e17d1b13b60c9024,0xdaa526086787d9debe1d7f3ffdb1fe50cf8687f4,0x3e5aa082,221076,54325499,54325624,54325499,54325623,1788531003,1788531016,319,332,23483842,424443675,1
191294,25904489,1788531335,2026-09-04T14:15:35Z,0x5d42beaa93e1db990ce2e95611ff8da8412d5997c35b3178a1c968847edc3dd4,0xdaa526086787d9debe1d7f3ffdb1fe50cf8687f4,0x3e5aa082,221076,54325624,54325744,54325624,54325743,1788531016,1788531028,307,319,23483842,424443675,1
191295,25904489,1788531335,2026-09-04T14:15:35Z,0xb6367f6eea1bd987c469a06aba3cd3947121b088151eec4b8a9e3dcb79e8364e,0xdaa526086787d9debe1d7f3ffdb1fe50cf8687f4,0x3e5aa082,221076,54325744,54325854,54325744,54325853,1788531028,1788531039,296,307,23483842,424443675,1
191296,25904490,1788531347,2026-09-04T14:15:47Z,0x5c1c8eac2bf1dbe9cb681e451d3a3302c8a0c5ba197a937a3720e475d9583c90,0xdaa526086787d9debe1d7f3ffdb1fe50cf8687f4,0x3e5aa082,221076,54325854,54325968,54325854,54325967,1788531039,1788531051,296,308,25118815,397800292,1
191297,25904491,1788531359,2026-09-04T14:15:59Z,0xb28261126a0d7a3d8644d808202452bde9d537df6bfbdd2368a4b8b795e62610,0xdaa526086787d9debe1d7f3ffdb1fe50cf8687f4,0x3e5aa082,221076,54325968,54326087,54325968,54326086,1788531051,1788531063,296,308,24561553,415344142,1
191298,25904492,1788531371,2026-09-04T14:16:11Z,0xf8bf00aa7c42ff30f55cfb6d5eafe0345e1e587972d77633cdfe93317a04f74d,0xdaa526086787d9debe1d7f3ffdb1fe50cf8687f4,0x3e5aa082,221076,54326087,54326201,54326087,54326200,1788531063,1788531075,296,308,25978505,435472654,1
191299,25904493,1788531383,2026-09-04T14:16:23Z,0x4d4b480f4ff263a4c9f95e01a27ea3b0edfbd860ae5b13318d5c218b69607214,0xdaa526086787d9debe1d7f3ffdb1fe50cf8687f4,0x3e5aa082,221076,54326201,54326303,54326201,54326302,1788531075,1788531085,298,308,26271558,421346801,1
191300,25904493,1788531383,2026-09-04T14:16:23Z,0x839e04cb638a6ca23996f4ebbb27aee2a72139ae7b817fc2cb24ad8841c3e757,0xdaa526086787d9debe1d7f3ffdb1fe50cf8687f4,0x3e5aa082,221076,54326303,54326408,54326303,54326407,1788531085,1788531096,287,298,26271558,421346801,1
191301,25904494,1788531395,2026-09-04T14:16:35Z,0xe82d306d25bf6144c277c8bd02a74f7fada52d2328754c30528ca798ed8acac3,0xdaa526086787d9debe1d7f3ffdb1fe50cf8687f4,0x3e5aa082,221076,54326408,54326521,54326408,54326520,1788531096,1788531107,288,299,26867618,415250845,1
191302,25904496,1788531419,2026-09-04T14:16:59Z,0xc55b27acb0339df8208c75be513a12da16ba45fbbecd2f323372ec8c11d00828,0xdaa526086787d9debe1d7f3ffdb1fe50cf8687f4,0x3e5aa082,221076,54326521,54326641,54326521,54326640,1788531108,1788531120,299,311,24287575,385311471,1
191303,25904496,1788531419,2026-09-04T14:16:59Z,0xba99ec1cfa9a5175c78f699318fa57405cbf54581b33ed6f6233e26aba9d7ee7,0xdaa526086787d9debe1d7f3ffdb1fe50cf8687f4,0x3e5aa082,221076,54326641,54326754,54326641,54326753,1788531120,1788531131,288,299,24287575,385311471,1
191304,25904496,1788531419,2026-09-04T14:16:59Z,0xeb1f119c362f76a8f9bd2f5e0a34488de981d3cf40b4c319ca14967baccbbbe7,0xdaa526086787d9debe1d7f3ffdb1fe50cf8687f4,0x3e5aa082,221076,54326754,54326873,54326754,54326872,1788531131,1788531143,276,288,24287575,385311471,1
191305,25904500,1788531467,2026-09-04T14:17:47Z,0x0acbb0dcfb7bc67d66ab19a226467878da5d7c8f5f7453183974060c1bafd84c,0xdaa526086787d9debe1d7f3ffdb1fe50cf8687f4,0x3e5aa082,221076,54326873,54326989,54326873,54326988,1788531143,1788531155,312,324,20373297,391594272,1
191306,25904500,1788531467,2026-09-04T14:17:47Z,0x5d5fe03a69925a187bf5799bd1999d5b099df1fd64a7ff8ea8638e456b69f96c,0xdaa526086787d9debe1d7f3ffdb1fe50cf8687f4,0x3e5aa082,221076,54326989,54327093,54326989,54327092,1788531155,1788531165,302,312,20373297,391594272,1
191307,25904500,1788531467,2026-09-04T14:17:47Z,0xf3cb4e3027adf090273c73ff92ba8850b87a40c337b930a3f64654ad46c6f874,0xdaa526086787d9debe1d7f3ffdb1fe50cf8687f4,0x3e5aa082,221076,54327093,54327199,54327093,54327198,1788531165,1788531176,291,302,20373297,391594272,1
191308,25904501,1788531479,2026-09-04T14:17:59Z,0xbfe15ba3fc6adbc9f0f13f95ed002f0ad5db594ed5316b6d837a3fc92f593878,0xdaa526086787d9debe1d7f3ffdb1fe50cf8687f4,0x3e5aa082,221076,54327199,54327324,54327199,54327323,1788531176,1788531189,290,303,21873344,406581585,1
191309,25904501,1788531479,2026-09-04T14:17:59Z,0x6f30a0ba6e56f44cd9b58a82c4053be44e1ab829f206a4e17829a80c19a00242,0xdaa526086787d9debe1d7f3ffdb1fe50cf8687f4,0x3e5aa082,221076,54327324,54327446,54327324,54327445,1788531189,1788531201,278,290,21873344,406581585,1
191310,25904501,1788531479,2026-09-04T14:17:59Z,0x09c128a34eb9749e9fb903067d9ed6cd265d04a35ef251983b365ec42266d397,0xdaa526086787d9debe1d7f3ffdb1fe50cf8687f4,0x3e5aa082,221076,54327446,54327558,54327446,54327557,1788531201,1788531213,266,278,21873344,406581585,1
191311,25904501,1788531479,2026-09-04T14:17:59Z,0xad588b373e28556fd8ff6c7cb32f7e1cdef6e5d4ce2ec95edb50021aeaf026c9,0xdaa526086787d9debe1d7f3ffdb1fe50cf8687f4,0x3e5aa082,221076,54327558,54327669,54327558,54327668,1788531213,1788531224,255,266,21873344,406581585,1
191312,25904503,1788531503,2026-09-04T14:18:23Z,0xb5ce54fb0500094d1bf735ce527b50802b2966206ab4c40dcbb10029f4bdd84d,0xdaa526086787d9debe1d7f3ffdb1fe50cf8687f4,0x3e5aa082,221076,54327669,54327776,54327669,54327775,1788531224,1788531236,267,279,23837716,388458278,1
191313,25904503,1788531503,2026-09-04T14:18:23Z,0x2511a32a88e91b2e7450e4ec52572caa851ce76011e99503b6db08f5109901d8,0xdaa526086787d9debe1d7f3ffdb1fe50cf8687f4,0x3e5aa082,221076,54327776,54327878,54327776,54327877,1788531237,1788531247,256,266,23837716,388458278,1
191314,25904504,1788531515,2026-09-04T14:18:35Z,0x7e5d8a564f6f513d7a5c72167f32f2c007fc7c5a50c2ae2d63d567eb41ffbb00,0xdaa526086787d9debe1d7f3ffdb1fe50cf8687f4,0x3e5aa082,221076,54327878,54327994,54327878,54327993,1788531247,1788531259,256,268,24469880,393369129,1
191315,25904505,1788531527,2026-09-04T14:18:47Z,0x82b203b40b195f5227380f2abd1156046a061bdc3b8a50a7b8ea9255e9acf499,0xdaa526086787d9debe1d7f3ffdb1fe50cf8687f4,0x3e5aa082,221076,54327994,54328101,54327994,54328100,1788531259,1788531270,257,268,25497325,381859403,1
191316,25904506,1788531539,2026-09-04T14:18:59Z,0x65a08751e7f34af8a3508228b3187a2bfcf40a2c9b82be0401fb554dce562f55,0xdaa526086787d9debe1d7f3ffdb1fe50cf8687f4,0x3e5aa082,221076,54328101,54328204,54328101,54328203,1788531270,1788531280,259,269,23308872,371119927,1
191317,25904507,1788531551,2026-09-04T14:19:11Z,0xd273f99a02d6c2bb30d341f35b463a7d5916b67ba1631ef9cb490128d11f0a59,0xdaa526086787d9debe1d7f3ffdb1fe50cf8687f4,0x3e5aa082,221076,54328204,54328325,54328204,54328324,1788531280,1788531292,259,271,20603116,361270443,1
191318,25904508,1788531563,2026-09-04T14:19:23Z,0x8cd87d141912979db586ed07dadd9a66bb0ae7915af6b85ca2c48c9dd5571494,0xdaa526086787d9debe1d7f3ffdb1fe50cf8687f4,0x3e5aa082,221076,54328325,54328447,54328325,54328446,1788531292,1788531305,258,271,21070568,360426548,1
191319,25904508,1788531563,2026-09-04T14:19:23Z,0x8beceed5db612847f7267377bd3faec734a66bf3f0eec31ac66ab8ba9409a073,0xdaa526086787d9debe1d7f3ffdb1fe50cf8687f4,0x917cf8ac,221106,54328447,54328603,54328447,54328602,1788531305,1788531317,246,258,21070568,360426548,1
191320,25904510,1788531587,2026-09-04T14:19:47Z,0x56ceed067a5c14369f419c44882742e15f7b7870f9846deb0bfccb0bd450f174,0xdaa526086787d9debe1d7f3ffdb1fe50cf8687f4,0x3e5aa082,221106,54328603,54328735,54328603,54328734,1788531318,1788531331,256,269,19334224,333969194,1
191321,25904514,1788531635,2026-09-04T14:20:35Z,0x9084265afa95e12348f705ffc1acc96b85984146bac450e0d7456423685cccb1,0xdaa526086787d9debe1d7f3ffdb1fe50cf8687f4,0x3e5aa082,221106,54328735,54328846,54328735,54328845,1788531331,1788531342,293,304,17543069,357582111,1
191322,25904514,1788531635,2026-09-04T14:20:35Z,0x00462e962e529d0e14acf1049d689feac2d6f8f5af21c2a8ce76b6fa6b7b1a3f,0xdaa526086787d9debe1d7f3ffdb1fe50cf8687f4,0x3e5aa082,221106,54328846,54328974,54328846,54328973,1788531342,1788531355,280,293,17543069,357582111,1
191323,25904514,1788531635,2026-09-04T14:20:35Z,0x157fc5a8ce97ecd874752bc28da5dd370b44c075d3fe829505ff93c25c351325,0xdaa526086787d9debe1d7f3ffdb1fe50cf8687f4,0x3e5aa082,221106,54328974,54329086,54328974,54329085,1788531355,1788531367,268,280,17543069,357582111,1
191324,25904515,1788531647,2026-09-04T14:20:47Z,0xcb989893d21850d5a20fa688dd89a97207cbf1fb44b5e72946b49fc80e7034c5,0xdaa526086787d9debe1d7f3ffdb1fe50cf8687f4,0x3e5aa082,221106,54329086,54329182,54329086,54329181,1788531367,1788531377,270,280,18834732,397475213,1
191325,25904516,1788531659,2026-09-04T14:20:59Z,0x219e50e5e9b75425fcd912ddc042d21eb0758741b517442191fbfe664da0b837,0xdaa526086787d9debe1d7f3ffdb1fe50cf8687f4,0x3e5aa082,221106,54329182,54329286,54329182,54329285,1788531377,1788531387,272,282,20146029,397378389,1
191326,25904516,1788531659,2026-09-04T14:20:59Z,0xb5f4888017dce735daa59dffb25b8fbfe37a459b4a24adafc037103ad7923aa9,0xdaa526086787d9debe1d7f3ffdb1fe50cf8687f4,0x3e5aa082,221106,54329286,54329397,54329286,54329396,1788531388,1788531399,260,271,20146029,397378389,1
191327,25904517,1788531671,2026-09-04T14:21:11Z,0xfd95c2455f8c9921639bde107ec7314a4947fda77c01c8a2603f58eb3f909cb5,0xdaa526086787d9debe1d7f3ffdb1fe50cf8687f4,0x3e5aa082,221106,54329397,54329501,54329397,54329500,1788531399,1788531409,262,272,20757764,390924128,1
191328,25904520,1788531707,2026-09-04T14:21:47Z,0xb7f1757f791a80cfc66b5b31dab06caf0d1a6a7c1d4db1d041efb17940e4efac,0xdaa526086787d9debe1d7f3ffdb1fe50cf8687f4,0x3e5aa082,221106,54329501,54329618,54329501,54329617,1788531409,1788531421,286,298,21629341,362785367,1
191329,25904520,1788531707,2026-09-04T14:21:47Z,0xcf6c2614828dbaccd6174f51efe96f66502921d3328c841d5d612ae286e664f4,0xdaa526086787d9debe1d7f3ffdb1fe50cf8687f4,0x3e5aa082,221106,54329618,54329724,54329618,54329723,1788531421,1788531432,275,286,21629341,362785367,1
191330,25904520,1788531707,2026-09-04T14:21:47Z,0x7cbb08844730f401ab4b56b3fc1ed3042f61eb8f31dd56e4ab26735073798349,0xdaa526086787d9debe1d7f3ffdb1fe50cf8687f4,0x3e5aa082,221106,54329724,54329847,54329724,54329846,1788531432,1788531444,263,275,21629341,362785367,1
191331,25904524,1788531755,2026-09-04T14:22:35Z,0xb2fe65fc27d9e92c62d38fd01880b23d0b3b60b9edd6f400d889631c8f825111,0xdaa526086787d9debe1d7f3ffdb1fe50cf8687f4,0x3e5aa082,221106,54329847,54329961,54329847,54329960,1788531444,1788531456,299,311,18694401,358811473,1
191332,25904524,1788531755,2026-09-04T14:22:35Z,0x05e73926b1cb86f8919a63c145c289179d9d21f66f4820a014372b1cfde75db7,0xdaa526086787d9debe1d7f3ffdb1fe50cf8687f4,0x3e5aa082,221106,54329961,54330075,54329961,54330074,1788531456,1788531468,287,299,18694401,358811473,1
191333,25904524,1788531755,2026-09-04T14:22:35Z,0x9305910e42636e33155aaceda88923fdfb91e3c02f0be7b58726f668d80792c3,0xdaa526086787d9debe1d7f3ffdb1fe50cf8687f4,0x3e5aa082,221106,54330075,54330126,54330075,54330125,1788531468,1788531473,282,287,18694401,358811473,1
191334,25904524,1788531755,2026-09-04T14:22:35Z,0x8fdc765fa0d12aa32eae7498bf64389d84b5d1bf331d195afbe3b4275011855d,0xdaa526086787d9debe1d7f3ffdb1fe50cf8687f4,0x3e5aa082,221106,54330126,54330178,54330126,54330177,1788531473,1788531479,276,282,18694401,358811473,1
191335,25904524,1788531755,2026-09-04T14:22:35Z,0x4a1a2280d14ff922dd26ed070fb36b1735b0217d53d43ac2e39a5d070f50050d,0xdaa526086787d9debe1d7f3ffdb1fe50cf8687f4,0x3e5aa082,221106,54330178,54330234,54330178,54330233,1788531479,1788531485,270,276,18694401,358811473,1
191336,25904524,1788531755,2026-09-04T14:22:35Z,0x16249cdbf00dd7d6946adb591acdd18b661fa551b623ee0745dd8141fc1a1b41,0xdaa526086787d9debe1d7f3ffdb1fe50cf8687f4,0x3e5aa082,221106,54330234,54330291,54330234,54330290,1788531485,1788531491,264,270,18694401,358811473,1
191337,25904526,1788531779,2026-09-04T14:22:59Z,0x3cf3a5bb2ca3363b9e01b3cf358b91495762720c9a6662d9daad297338e124b9,0xdaa526086787d9debe1d7f3ffdb1fe50cf8687f4,0x3e5aa082,221106,54330291,54330350,54330291,54330349,1788531491,1788531497,282,288,20603105,369795785,1
191338,25904526,1788531779,2026-09-04T14:22:59Z,0xbd2ce458110241a5fc3b1f793c5289a9233bc3675e2cadf9f234856b8750c4f1,0xdaa526086787d9debe1d7f3ffdb1fe50cf8687f4,0x3e5aa082,221106,54330350,54330414,54330350,54330413,1788531498,1788531504,275,281,20603105,369795785,1
191339,25904527,1788531791,2026-09-04T14:23:11Z,0x371cadb05935e64c47ecc9f6ed7e43d13129bf452310f08fc73512ce6c006ec7,0xdaa526086787d9debe1d7f3ffdb1fe50cf8687f4,0x3e5aa082,221106,54330414,54330482,54330414,54330481,1788531504,1788531511,280,287,22202939,369378482,1
191340,25904528,1788531803,2026-09-04T14:23:23Z,0x062bcca71b695e6c9e3319e15239447f173d92b5f7957282d258ef7f3a1c7305,0xdaa526086787d9debe1d7f3ffdb1fe50cf8687f4,0x3e5aa082,221106,54330482,54330565,54330482,54330564,1788531511,1788531520,283,292,22453401,381863906,1
191341,25904529,1788531815,2026-09-04T14:23:35Z,0xdda1bb757539edb586e491945fdb9671ec682a3cc511ce106a695f2d0e407d31,0xdaa526086787d9debe1d7f3ffdb1fe50cf8687f4,0x3e5aa082,221106,54330565,54330645,54330565,54330644,1788531520,1788531528,287,295,22791750,375411694,1
191342,25904530,1788531827,2026-09-04T14:23:47Z,0xe2acba4c6013e5b40790acf7121e69184185fadbc674ec34e03819ee9d2ea979,0xdaa526086787d9debe1d7f3ffdb1fe50cf8687f4,0x3e5aa082,221106,54330645,54330740,54330645,54330739,1788531528,1788531538,289,299,23048854,366178408,1
191343,25904530,1788531827,2026-09-04T14:23:47Z,0xd62a3c5c482383900a379e63fdc03cf14913593b6e7521129bab25c44dd22d65,0xdaa526086787d9debe1d7f3ffdb1fe50cf8687f4,0x3e5aa082,221106,54330740,54330842,54330740,54330841,1788531538,1788531548,279,289,23048854,366178408,1
191344,25904532,1788531851,2026-09-04T14:24:11Z,0x1ae77db0f102cc04c364a78796af49730feafff08c26bec31a2515b88058017c,0xdaa526086787d9debe1d7f3ffdb1fe50cf8687f4,0x3e5aa082,221106,54330842,54330936,54330842,54330935,1788531548,1788531558,293,303,20835519,349489408,1
191345,25904532,1788531851,2026-09-04T14:24:11Z,0xe207d3cfa49d8b5af0727d4f188c76cf67341852c1af718d555e0016b93d288f,0xdaa526086787d9debe1d7f3ffdb1fe50cf8687f4,0x3e5aa082,221106,54330936,54331062,54330936,54331061,1788531558,1788531570,281,293,20835519,349489408,1
191346,25904533,1788531863,2026-09-04T14:24:23Z,0x8fbf24e82ceb8ca4916904fbb3a51c449fee4b3f12f22971994ea29d96fd11e8,0xdaa526086787d9debe1d7f3ffdb1fe50cf8687f4,0x3e5aa082,221106,54331062,54331206,54331062,54331205,1788531570,1788531585,278,293,21388066,322570155,1
191347,25904533,1788531863,2026-09-04T14:24:23Z,0x56e07ac6ef1a41e151418c71cc54be087954d877e99bfb7492ed2e5eb0ee11c4,0xdaa526086787d9debe1d7f3ffdb1fe50cf8687f4,0x3e5aa082,221106,54331206,54331338,54331206,54331337,1788531585,1788531598,265,278,21388066,322570155,1
191348,25904534,1788531875,2026-09-04T14:24:35Z,0x7e236194bfb3475813f900e201ec82476cb4b804557c7cec4c664bb34a135302,0xdaa526086787d9debe1d7f3ffdb1fe50cf8687f4,0x3e5aa082,221106,54331338,54331491,54331338,54331490,1788531598,1788531614,261,277,21149487,339265048,1
191349,25904535,1788531887,2026-09-04T14:24:47Z,0x5efe3faadc3ec0b265cfa049a55775ae29aded6d1474b623d5f5ffecc9cb0d38,0xdaa526086787d9debe1d7f3ffdb1fe50cf8687f4,0x3e5aa082,221106,54331491,54331626,54331491,54331625,1788531614,1788531628,259,273,20913570,336450024,1
191350,25904535,1788531887,2026-09-04T14:24:47Z,0x4d51346cce1c4da377b870922086d5128ab5b2e1b27ab53703476412f77b886b,0xdaa526086787d9debe1d7f3ffdb1fe50cf8687f4,0x3e5aa082,221106,54331626,54331765,54331626,54331764,1788531628,1788531642,245,259,20913570,336450024,1
191351,25904536,1788531899,2026-09-04T14:24:59Z,0x3e6a7c33702cc14c8c7a695a2613a063faff39fa30600be54a6602b1ce6e4fcc,0xdaa526086787d9debe1d7f3ffdb1fe50cf8687f4,0x3e5aa082,221106,54331765,54331938,54331765,54331937,1788531642,1788531659,240,257,21388066,328756099,1
191352,25904537,1788531911,2026-09-04T14:25:11Z,0x6b1561a29a446a989b69d2553500a5d36be38a098f76b4842561228477d986aa,0xdaa526086787d9debe1d7f3ffdb1fe50cf8687f4,0x3e5aa082,221106,54331938,54332067,54331938,54332066,1788531659,1788531672,239,252,20913570,324885262,1
191353,25904537,1788531911,2026-09-04T14:25:11Z,0x9f876cc9c666d59610632495e9538c622e0c05d7be832998b738c933cff1506a,0xdaa526086787d9debe1d7f3ffdb1fe50cf8687f4,0x917cf8ac,221142,54332067,54332244,54332067,54332243,1788531672,1788531687,224,239,20913570,324885262,1
191354,25904539,1788531935,2026-09-04T14:25:35Z,0xfec7164ec52a053ef63259c5884893a9954058cf84557220a4a0d7b52d56c53b,0xdaa526086787d9debe1d7f3ffdb1fe50cf8687f4,0x3e5aa082,221142,54332244,54332379,54332244,54332378,1788531687,1788531700,235,248,19406641,333516173,1
191355,25904541,1788531959,2026-09-04T14:25:59Z,0xad25ee02456043a84be7f3acf3baf4fa752e42b727fc35f10beffe38923b06db,0xdaa526086787d9debe1d7f3ffdb1fe50cf8687f4,0x3e5aa082,221142,54332379,54332537,54332379,54332536,1788531700,1788531716,243,259,17807415,310487187,1
191356,25904541,1788531959,2026-09-04T14:25:59Z,0x25a1e2d27a36a9302bdbbad29c3f2ba4740b06af65a20b24d32ce061534f21ef,0xdaa526086787d9debe1d7f3ffdb1fe50cf8687f4,0x3e5aa082,221142,54332537,54332677,54332537,54332676,1788531716,1788531731,228,243,17807415,310487187,1
191357,25904543,1788531983,2026-09-04T14:26:23Z,0x5d2628a2f98e7fc4021e0472f8011bef8122e006e4eb0b81e9c7710f18827da6,0xdaa526086787d9debe1d7f3ffdb1fe50cf8687f4,0x3e5aa082,221142,54332677,54332812,54332677,54332811,1788531731,1788531745,238,252,18834722,303402487,1
191358,25904544,1788531995,2026-09-04T14:26:35Z,0xfb5658c71d838dea768444ce7d9222b263357e35fa78a215e22678e38a2e89b2,0xdaa526086787d9debe1d7f3ffdb1fe50cf8687f4,0x3e5aa082,221142,54332812,54332925,54332812,54332924,1788531745,1788531756,239,250,19118541,320698801,1
191359,25904546,1788532019,2026-09-04T14:26:59Z,0x29f765f096949a9af6453455019ea05b00ebbda2a2146480915df6d9ebc3ecd8,0xdaa526086787d9debe1d7f3ffdb1fe50cf8687f4,0x3e5aa082,221142,54332925,54333080,54332925,54333079,1788531756,1788531772,247,263,20070828,291689442,1
191360,25904546,1788532019,2026-09-04T14:26:59Z,0x63beea4782bb85d3c982c29489f43dbb37fc0d8097a7dc475af9c7a858498437,0xdaa526086787d9debe1d7f3ffdb1fe50cf8687f4,0x3e5aa082,221142,54333080,54333223,54333080,54333222,1788531772,1788531786,233,247,20070828,291689442,1
191361,25904547,1788532031,2026-09-04T14:27:11Z,0xc89e63ef387a9d4bec453dcc83de8c5332109f91cbf9fd78c2350a71dcc3d981,0xdaa526086787d9debe1d7f3ffdb1fe50cf8687f4,0x3e5aa082,221142,54333223,54333356,54333223,54333355,1788531787,1788531800,231,244,18555113,314288696,1
191362,25904549,1788532055,2026-09-04T14:27:35Z,0x4ab475e41ed3cf452a758bb495be5d8c8b9af117c01df7f24786f581aad66e60,0xdaa526086787d9debe1d7f3ffdb1fe50cf8687f4,0x3e5aa082,221142,54333356,54333477,54333356,54333476,1788531800,1788531812,243,255,19479336,322876936,1
191363,25904550,1788532067,2026-09-04T14:27:47Z,0x0e8423708bc3f353dcc17d0341c197ac7f77b7fdb0607e02a4a1615671a87bab,0xdaa526086787d9debe1d7f3ffdb1fe50cf8687f4,0x3e5aa082,221142,54333477,54333623,54333477,54333622,1788531812,1788531827,240,255,19699074,292018809,1
191364,25904551,1788532079,2026-09-04T14:27:59Z,0x9a7037642f1f8b2de8c69ed668702cb72a4844d5b9078146ae55c7757fab146f,0xdaa526086787d9debe1d7f3ffdb1fe50cf8687f4,0x3e5aa082,221142,54333623,54333760,54333623,54333759,1788531827,1788531841,238,252,17807412,269891260,1
191365,25904553,1788532103,2026-09-04T14:28:23Z,0x1132a9166b1c22eb12302be7dcec776f35abb69d02e8c4287a136e7511cb793c,0xdaa526086787d9debe1d7f3ffdb1fe50cf8687f4,0x3e5aa082,221142,54333760,54333809,54333760,54333808,1788531841,1788531847,256,262,18008290,284531814,1
191366,25904554,1788532115,2026-09-04T14:28:35Z,0x8b56f280a08a7bbe39baa4980d7745fca705ff3f88e3d969c35798839b2427cc,0xdaa526086787d9debe1d7f3ffdb1fe50cf8687f4,0x3e5aa082,221142,54333809,54333862,54333809,54333861,1788531847,1788531853,262,268,16097402,293351620,1
191367,25904557,1788532151,2026-09-04T14:29:11Z,0x7b8e6b2c2a6520e0ab0bd6ee0898976b084d473652b2a2a8a9822a9bc21c8b59,0xdaa526086787d9debe1d7f3ffdb1fe50cf8687f4,0x3e5aa082,221142,54333862,54333938,54333862,54333937,1788531853,1788531860,291,298,17026057,293615747,1
191368,25904557,1788532151,2026-09-04T14:29:11Z,0xac2ad6f7293281b44680416db8068f1e16b0ea74ca71a0c726b5a9406fc09a7f,0xdaa526086787d9debe1d7f3ffdb1fe50cf8687f4,0x3e5aa082,221142,54333938,54334005,54333938,54334004,1788531860,1788531867,284,291,17026057,293615747,1
191369,25904559,1788532175,2026-09-04T14:29:35Z,0xbd623707f89e9b2ac4e2f4e369f8cc2b14b95f3d90c44ad40a47cdc25544d550,0xdaa526086787d9debe1d7f3ffdb1fe50cf8687f4,0x3e5aa082,221142,54334005,54334157,54334005,54334156,1788531867,1788531883,292,308,18008288,307155286,1
191370,25904559,1788532175,2026-09-04T14:29:35Z,0x4a925a3ad9890a3322e044e1543456c701018c3db3f2524608477c13b8553024,0xdaa526086787d9debe1d7f3ffdb1fe50cf8687f4,0x3e5aa082,221142,54334157,54334275,54334157,54334274,1788531883,1788531895,280,292,18008288,307155286,1
191371,25904560,1788532187,2026-09-04T14:29:47Z,0x36d1a40bc36837d36a702587bc08873efde3bb7a04d95f2122b7ccb01f08cef3,0xdaa526086787d9debe1d7f3ffdb1fe50cf8687f4,0x3e5aa082,221142,54334275,54334395,54334275,54334394,1788531895,1788531907,280,292,18905274,325388546,1
191372,25904561,1788532199,2026-09-04T14:29:59Z,0x0f4e65176958b87b48ace2caa3d25bb4f567e6ea56710f7d0f2c7a5bfd69c5f3,0xdaa526086787d9debe1d7f3ffdb1fe50cf8687f4,0x3e5aa082,221142,54334395,54334500,54334395,54334499,1788531907,1788531918,281,292,19699071,344248592,1
191373,25904562,1788532211,2026-09-04T14:30:11Z,0xa582a55b5d8c440c5eb3cd895f1edb21ab29794468a0e00859de8f3a78fa68ee,0xdaa526086787d9debe1d7f3ffdb1fe50cf8687f4,0x3e5aa082,221142,54334500,54334594,54334500,54334593,1788531918,1788531927,284,293,19921288,375453943,1
