sample,tx_hash,l1_block,timestamp,time_utc,nonce,max_fee_per_gas_wei,max_priority_fee_per_gas_wei,max_fee_per_blob_gas_wei,blobs,gas_used,effective_gas_price_wei,blob_gas_price_wei,base_fee_wei
hourly,0xbc215c156fb40d1ee0e540f883f05e7d1a70352488f56eb39487dc68ace63ee9,25878707,1788220835,2026-09-01T00:00:35Z,171028,416799240,1000000,21785920,3,144456,49124069,2304275,48124069
hourly,0xd2de4656f58f308efb52a24fb6c6a2660d5dac4bf5a9af822fcabdeec51a9111,25879003,1788224411,2026-09-01T01:00:11Z,171270,549517910,1000000,30501680,3,144456,55982971,3166377,54982971
hourly,0x43c40bc783b507152baf77d04081557faeb44a71d565d53adb06c560e6900168,25879305,1788228047,2026-09-01T02:00:47Z,171478,501822860,1000000,27163170,3,144456,56626012,2549026,55626012
hourly,0x3e834a36e0f65219c182998566c3220be0b14f93254b23a64cd202db00f50133,25879610,1788231707,2026-09-01T03:01:47Z,171650,610763660,1000000,30161070,3,144456,78427342,3250307,77427342
hourly,0xa1068d1d4d892086b820f1ce7e787a6b6bf6bfcf31184bb1ee09cbe0a92dcfa7,25879901,1788235211,2026-09-01T04:00:11Z,171837,1105028510,1000000,34765780,3,144456,108170827,3568775,107170827
hourly,0x9483cfb28cd70bbdc1cf61c3b013055302f7d31f23511a6f9fad04b8016b0697,25880199,1788238811,2026-09-01T05:00:11Z,172011,400926170,1000000,25777360,3,144456,47925365,2383069,46925365
hourly,0xc597214703eb0b26bf8f05abb0bfa4fdda05e18f0f311f7436c364227173554a,25880496,1788242411,2026-09-01T06:00:11Z,172200,573972440,1000000,37047000,3,144456,57776134,3202000,56776134
hourly,0x7411ed45f700e9548407ae6a8035a2aeeff8da694ad92f55389e6e2df44136ea,25880797,1788246023,2026-09-01T07:00:23Z,172389,486664230,1000000,26559770,3,152885,52456143,2696000,51456143
hourly,0x141fa91dc4394407be541367abce5bf51ffc82296e88b694276612152cf494b2,25881097,1788249635,2026-09-01T08:00:35Z,172552,452168610,1000000,24645840,3,144456,44609032,2655959,43609032
hourly,0xd6347aedd78dc3509112bee1ecd655dac1e27d501df9a7d69bc283184eac90c4,25881394,1788253211,2026-09-01T09:00:11Z,172694,852388180,1000000,52452590,3,144456,86156713,5465497,85156713
hourly,0xc219780de226ac933cdc3428bacd0e265894d349c3cb798168229d9d9c6513c6,25881696,1788256835,2026-09-01T10:00:35Z,172878,950312000,1000000,52061490,3,144456,98944169,5424745,97944169
hourly,0x580d793fbe7ff092d6f9e5ffe1a4e3ec6ae9111b45d8bca6887cadd2f472cd2b,25881991,1788260411,2026-09-01T11:00:11Z,173059,1139802680,1000000,68400320,3,144456,119473507,7343651,118473507
hourly,0xee59fdc1442e8c01e8499d246d69aa3a2c4e562118b399ffad575ee954d6a55e,25882292,1788264023,2026-09-01T12:00:23Z,173247,939238800,1000000,52060910,3,144456,102187259,5445007,101187259
hourly,0x900a24b108e8b27f3558fe5e8fb86af040a8517e4ce9ee2bd79c854f531b92bd,25882589,1788267611,2026-09-01T13:00:11Z,173445,2615408120,1000000,155126270,3,144456,262819227,15864584,261819227
hourly,0x1904bf911bfcfb48bb40ba5b4850485071109d4d902f7d36de4a8223107f1aba,25882891,1788271235,2026-09-01T14:00:35Z,173648,2273848080,1000000,135082450,3,144456,242418250,14394779,241418250
hourly,0x66e8135a597da30007ff0fe71961c762ff91e43922ba25aa2c678ab21e042702,25883190,1788274823,2026-09-01T15:00:23Z,173879,1529140890,1000000,95405750,3,144456,149544480,7738142,148544480
hourly,0xcd8c9d7bfd2aca71b0b755255550945ff4e1270d09a262814f42378153570e10,25883487,1788278411,2026-09-01T16:00:11Z,174110,1496630560,1000000,92940540,3,144456,145253480,8215175,144253480
hourly,0x1adbfa888e388111b75710398d9b3839b289e3f994ff702b6a28d59bd697e4c9,25883787,1788282011,2026-09-01T17:00:11Z,174372,1775462300,1000000,104753160,3,144456,176117442,10874417,175117442
hourly,0x00ea4d4902a8223a85fb09a8784f14038a1e799ea246df2ef139acda2c2a20c8,25884090,1788285659,2026-09-01T18:00:59Z,174616,1365834500,1000000,77670100,3,144456,131421466,6942839,130421466
hourly,0x65a0c78775379abc58d5d5b7ff17f114dc24a884661cce543b61122e38786fb1,25884386,1788289211,2026-09-01T19:00:11Z,174837,2985585340,1000000,189828340,3,144456,312793850,17353525,311793850
hourly,0x18f843ca030640a2e007f1d6a5ac2cda839478f2c8eeb9dd3521f9647c778a0a,25884690,1788292871,2026-09-01T20:01:11Z,175069,731525720,1000000,49403580,3,144456,88221633,4238175,87221633
hourly,0x8350b63432c731f99217dfe5c5f79d6d27b6d780951e94130a967e84ba673085,25884985,1788296411,2026-09-01T21:00:11Z,175326,450459380,1000000,24460470,3,144456,44998859,2510915,43998859
hourly,0x85b3f1cd50b64865fdf7e7a926051c99d17aa695c74c939fcb786bb307dbd0b8,25885284,1788300035,2026-09-01T22:00:35Z,175583,424774300,1000000,25203090,3,144456,41661311,2418750,40661311
hourly,0x7f7a5854fd3d88769a69e3d3b2a8a7aa9e9482c64f94c39961327fa450d15db0,25885581,1788303611,2026-09-01T23:00:11Z,175837,489234920,1000000,25487240,3,144456,44356416,2373936,43356416
hourly,0xf08998c218599b9edc6f7fa49e08b81919482ede7969ff37cac27afe4bfc77ea,25885880,1788307223,2026-09-02T00:00:23Z,176068,398329660,1000000,22444420,3,144456,45756540,2482866,44756540
hourly,0xec8bd623fd6205bddc81392bc7cfc8dc40fd27df0e635e3c44ddde75bda88fa1,25886178,1788310811,2026-09-02T01:00:11Z,176260,437504200,1000000,22277060,3,144456,45219791,2269746,44219791
hourly,0x9e2be974d104fc05c6d7ee9066120f4b962664649ab38c7d4faea751af097d44,25886476,1788314411,2026-09-02T02:00:11Z,176450,459050570,1000000,28194250,3,144456,49729777,2705812,48729777
hourly,0xa9c8aedd789bf255e158a167c9e88669e2ea14242fa98b3ca5288d87eafb8e8b,25886775,1788318011,2026-09-02T03:00:11Z,176646,510862050,1000000,27465710,3,144456,48285007,2840572,47285007
hourly,0x71f2460b880818379e408c92dd5244585fb94177ddc2d2590bcd8aac2e47a9db,25887075,1788321611,2026-09-02T04:00:11Z,176869,517907110,1000000,29932140,3,144456,46668583,2829955,45668583
hourly,0xf912e88feea8234d8c42b19e6d4e5cbaa320727efe75ae10aaf0764f898c2c2f,25887376,1788325223,2026-09-02T05:00:23Z,177064,919393970,1000000,50333380,3,144456,100791623,5464893,99791623
hourly,0xc7345659647bc097c2a9129bad66c54105acad5e4928c1d0f0fc1257a666f7f5,25887675,1788328811,2026-09-02T06:00:11Z,177247,752574480,1000000,45841190,3,144456,75470110,4741011,74470110
hourly,0xdedf7b553f5ce5ba39e2bb951426e03089ac1c2874dbe3be911a1f6116499a19,25887976,1788332423,2026-09-02T07:00:23Z,177407,494791870,1000000,25967010,3,144444,50908579,2756793,49908579
hourly,0x9cc6a2d883d9bf266bd77ea4cebd499a0f16365e2f3de7e7c151170e873ecb7c,25888273,1788336011,2026-09-02T08:00:11Z,177563,488882270,1000000,29819690,3,144456,46921349,2665548,45921349
hourly,0xaac50958e94549b71bdfa98b5b25c2892c9fe9af443be428832c0a62b344456f,25888574,1788339623,2026-09-02T09:00:23Z,177737,1128484640,1000000,69682470,3,144456,133410989,7425567,132410989
hourly,0x7b65c1c9a70c617d4e780b3d31cd5ceab02a384127f06a2b69c1f98a0249578e,25888871,1788343223,2026-09-02T10:00:23Z,177922,1349326420,1000000,87207620,3,144456,139079998,7287989,138079998
hourly,0x83ce689df6987fe0c9f85bbcc1dc088f02800a15014e0b55c739de7a950af159,25889167,1788346811,2026-09-02T11:00:11Z,178158,1298645840,1000000,80621540,3,144456,116067272,7565627,115067272
hourly,0xf3431b5915a87f686d20e7c68e9e234268383187ebb20f7f14792006a82915fc,25889467,1788350411,2026-09-02T12:00:11Z,178403,999230830,1000000,66127670,3,144456,104877022,6252085,103877022
hourly,0x84860123c4fec7777a3c7f9f73c9d317add91a969c8510d3d8d17d60cd7cedbd,25889766,1788354011,2026-09-02T13:00:11Z,178629,2251523540,1000000,148855750,3,144456,222820805,15568697,221820805
hourly,0x63eac119f6692c6d1f174554d01a1d6a1d796281e2773e40e23562c2736e09c4,25890064,1788357611,2026-09-02T14:00:11Z,178889,1637325500,1000000,95751350,3,144456,172522145,10552759,171522145
hourly,0x75f243ba37d0d263f1d41a21537817fa864ff829cd2ddbaaee50b69674c17ad5,25890370,1788361295,2026-09-02T15:01:35Z,179207,2337865680,1000000,127697430,3,144456,249014040,12533220,248014040
hourly,0xaedaea612dfe18c6ba63d9887baa380e25cc5147457046f000811d502d15968f,25890664,1788364835,2026-09-02T16:00:35Z,179531,1650299000,1000000,105132750,3,144456,163522434,8591084,162522434
hourly,0xa211c500586312d6b5049a19978e36cd05bca59ea1a6c655a3f73efdd09d5387,25890962,1788368411,2026-09-02T17:00:11Z,179797,3044721780,1000000,158030090,3,144456,298312319,16840146,297312319
hourly,0xe9df31e9185034e9545322ef22fd0cdb7aaa909b771a5364036f33ecc033c7ec,25891261,1788372011,2026-09-02T18:00:11Z,180092,1740143540,1000000,91548120,3,144456,171914537,9719225,170914537
hourly,0xd49eb502902d2e7d83aee4835cb2c641593f5a28db68a12805cf9c762c8728cc,25891561,1788375611,2026-09-02T19:00:11Z,180410,1493723940,1000000,93975460,3,144456,149777786,9086559,148777786
hourly,0x090c8feabf3161eae9b9a9b7292b99af440d0e3552de8b0e3057546fdb060ce9,25891862,1788379223,2026-09-02T20:00:23Z,180667,1330471550,1000000,81527500,3,144456,129528181,7882957,128528181
hourly,0x619f84051fc459268799a2e8e87b03987589021a84c983c3bf3cb9fe31e62e2e,25892163,1788382835,2026-09-02T21:00:35Z,180941,762118870,1000000,45837690,3,144456,74646955,3802141,73646955
hourly,0xf7bf706745b04c52087b0a6c7b91cba232b8447cb0581c17fbcb87a945d4c346,25892460,1788386435,2026-09-02T22:00:35Z,181195,496944090,1000000,29047320,3,144456,44808656,2715664,43808656
hourly,0x31a67ec8c4cc75eac4b7c3e50aa0145e405781ffdb19845c1b873cb0760cc7d2,25892755,1788390023,2026-09-02T23:00:23Z,181460,445863260,1000000,27772630,3,144456,51372795,2675334,50372795
hourly,0x216af34acfc3df6cab7e7b7254339275b43b72d33afbd7247a7d72aa9fe58e26,25893052,1788393611,2026-09-03T00:00:11Z,181701,425664530,1000000,24184140,3,144456,50692021,2577133,49692021
hourly,0x3f93b73efd97dc6a492995e93ab29744dc9f4e17ca9e3f684b87f86765008cec,25893351,1788397211,2026-09-03T01:00:11Z,181938,403717190,1000000,25867720,3,144456,41701716,2567500,40701716
hourly,0x2a1002902561d93bc8b1b135ca54ca5eaad4b5d0884fb39d2b088fee7a967da5,25893652,1788400823,2026-09-03T02:00:23Z,182153,447844740,1000000,25105260,3,144456,39203641,2177995,38203641
hourly,0xf00ccfc7048c17df5afba7f7e9340e3a047570d300135dd786e500b204fb1ac8,25893951,1788404411,2026-09-03T03:00:11Z,182345,870255170,1000000,49580410,3,144456,85654360,5127729,84654360
hourly,0x9b192d4a43d1cbe5937ed44c910fd6c600a6fc5b511214d6512c2997dee060e4,25894251,1788408011,2026-09-03T04:00:11Z,182535,500198210,1000000,27771830,3,144456,53563425,2926436,52563425
hourly,0xac1b87515bb3d1169bfdb25b6b959282737112c9289d8657b843431b8ad19564,25894549,1788411611,2026-09-03T05:00:11Z,182705,425172360,1000000,23295900,3,144444,41503089,2548313,40503089
hourly,0x6fb019b311d2684f1ae409255592bf1a64cfb53a25de279ebcb6ca22b9c57912,25894848,1788415211,2026-09-03T06:00:11Z,182879,414335360,1000000,25104720,3,144456,46291024,2510472,45291024
hourly,0xf102bc18e1017092f76545efab8743c87636ba5ca342042e12ea30e04a787856,25895147,1788418823,2026-09-03T07:00:23Z,183025,712511450,1000000,36351120,3,152885,76083259,3859224,75083259
hourly,0xe7da4d754d582eaff36f1781cca55c86f26388c4a5bb4a08b53aa50c24182916,25895444,1788422423,2026-09-03T08:00:23Z,183176,970931830,1000000,61356450,3,144456,105942672,5382996,104942672
hourly,0x9feac8691c764c7bcc9c814227233d0726841436e24bc772e821d269a0d40950,25895744,1788426035,2026-09-03T09:00:35Z,183343,691341480,1000000,38447820,3,144456,70050487,3554431,69050487
hourly,0x05b48e8138b7e9f9daef70c117af757e625ca52f2108eb472b898cb4eaba64f3,25896042,1788429623,2026-09-03T10:00:23Z,183498,848648910,1000000,48297760,3,144456,89675805,5013786,88675805
hourly,0x036a45bb6e9f9e46efb90764830d441d199bc7393539017a5888cb83cddefd75,25896341,1788433211,2026-09-03T11:00:11Z,183628,607028240,1000000,36079550,3,144456,61991406,3373115,60991406
hourly,0x94b6a118eef30091676be3056e42f7896bce30dc267eaceb25316586a34d3dcd,25896641,1788436811,2026-09-03T12:00:11Z,183784,945062760,1000000,52634640,3,144456,97134944,5587967,96134944
hourly,0x16907cda42572468513a3217855187ba3acd06224d18b4b45a58f80b4be2063a,25896938,1788440411,2026-09-03T13:00:11Z,184012,2345859140,1000000,149394490,3,144456,210024930,13354200,209024930
hourly,0x84f933b2f3309e226fbf71e8fe1e7ad9e80350f41081a0672124b3e6fc493e24,25897240,1788444035,2026-09-03T14:00:35Z,184254,1519894290,1000000,99386750,3,144456,135307348,8622251,134307348
hourly,0x0119ba3e5bdbcf0c44c36b30fc55ad8c9d3993988ae0440e32f2c0038609c3fd,25897542,1788447671,2026-09-03T15:01:11Z,184559,6492205240,1000000,417734060,3,144456,962309029,45185750,961309029
hourly,0xdf7746f86ee37bced6867a2554ee17f8dd22bdc4c728291ed971851c8fd4218c,25897842,1788451271,2026-09-03T16:01:11Z,184850,4255362040,1000000,263729710,3,144456,510446147,24199675,509446147
hourly,0x44ecfc6ee3e510642710c00cfb11a5dfcc48c622d91229117faf3481b85b5a6a,25898136,1788454811,2026-09-03T17:00:11Z,185189,3159571980,1000000,198491290,3,144456,290283586,18766493,289283586
hourly,0x89d834428cce4cf9dd8a28e79f28bf9f81b6f8b079190a531366726d68c39b63,25898434,1788458411,2026-09-03T18:00:11Z,185572,1340235050,1000000,83993350,3,144456,133735305,8121382,132735305
hourly,0x769f3450452a55dd650c8861ee8c0323385ea2049fba334569f13a7fa38470be,25898732,1788462011,2026-09-03T19:00:11Z,185896,1577469500,1000000,94668790,3,144456,154182972,9502342,153182972
hourly,0x53fec088bb4f877a6a8f882212534987ed344a5f2f8e9a9a795c743c1f136363,25899033,1788465635,2026-09-03T20:00:35Z,186193,1289045550,1000000,78525370,3,144456,124098982,7621121,123098982
hourly,0x47c141b6df145e84bb8a13be9dbfee4090c13ea2925be5b62022eba8360d7313,25899333,1788469235,2026-09-03T21:00:35Z,186515,1028029470,1000000,62744330,3,144456,109986520,5866032,108986520
hourly,0xb0848c941dcbeaf1a68ba5b9ad8c889b1051c0de4e0973b3b9d9873a3eaea63d,25899630,1788472811,2026-09-03T22:00:11Z,186839,975256180,1000000,58660090,3,144456,98539568,5954404,97539568
hourly,0x33c821bfa5e749ccc1ecd1bb35f34d3e0283338301591296d80389d9ed6669bd,25899929,1788476411,2026-09-03T23:00:11Z,187140,602854470,1000000,35808600,3,144456,59795311,3717288,58795311
hourly,0xa5784cbd8c8c045861162c2af6ac21f0f8d0ed79bcba81ccc5eb11fae5547bab,25900227,1788480011,2026-09-04T00:00:11Z,187404,422608340,1000000,27254690,3,144456,42395733,2625442,41395733
hourly,0xdd2ee0bd2103ed47ea3ef47bcfb67497946a2689ab56358e4f32c425b83a0be6,25900527,1788483623,2026-09-04T01:00:23Z,187676,1337294510,1000000,76781470,3,144456,132036807,8030510,131036807
hourly,0x605103c69e279d16c2b8c46ba977d1c54eb77f79a2cebccec63940194357c6c1,25900825,1788487211,2026-09-04T02:00:11Z,187946,934284280,1000000,59320590,3,144456,86184462,5243450,85184462
hourly,0x643bd1f4e43ca5f1d708f9d08b98e70031ac653e91e1d212b8b8f4d27d432275,25901120,1788490811,2026-09-04T03:00:11Z,188192,1426939160,1000000,86864020,3,144456,145207495,9153230,144207495
hourly,0x4d51cdbd7ade9a11af68d93ef1ea131cb72429d00c28d554bf40f842e808cb29,25901419,1788494411,2026-09-04T04:00:11Z,188449,633938790,1000000,37033170,3,144456,61104400,3887778,60104400
hourly,0xeb72dd7b747a1f146c713aec37abfcd94652ccb2b5ff38fa472bf7ea2a80a2e3,25901718,1788498011,2026-09-04T05:00:11Z,188720,787544130,1000000,49204430,3,144456,79383918,4514968,78383918
hourly,0x882d1ab3826a14f5b3a9a4c41be0a8cba898300acf2681954b2e0c56734ec498,25902019,1788501623,2026-09-04T06:00:23Z,188970,596803570,1000000,32247970,3,152885,64315399,3273391,63315399
hourly,0x886bd492049332c0f55f6542ce54e3e20a9b2eb11e614068d2f6f3068ab42810,25902317,1788505211,2026-09-04T07:00:11Z,189251,786196490,1000000,46346540,3,144456,73636798,4686936,72636798
hourly,0xd563d67cf752396401d597169d5bd0e8a45c4cec8cf09c4fbd2817dca14abd64,25902617,1788508811,2026-09-04T08:00:11Z,189565,606701570,1000000,33226840,3,144456,63906165,3462197,62906165
hourly,0x992e0f7b5b28ac549360a3739dc45f108d43cb94e1ee2743f0f164eae319efc3,25902917,1788512411,2026-09-04T09:00:11Z,189858,785854660,1000000,50508240,3,144456,79463578,5013193,78463578
hourly,0x6b9c0fa45758af629049faaa3f12961cb5f8732511db63fdce169315140970af,25903217,1788516023,2026-09-04T10:00:23Z,190130,1118032600,1000000,70187900,3,144456,104153243,5821940,103153243
hourly,0xd4b2b5df5623ad3279a560d580b653115212cc66f391cb6010d1e9a66329c4df,25903516,1788519611,2026-09-04T11:00:11Z,190369,994785920,1000000,56715050,3,144456,99294377,5865612,98294377
hourly,0xf3db184ba0a20f0460b2c4e2ee7a0a47ae33e70a6b249a086bd14245bb744f7f,25903815,1788523211,2026-09-04T12:00:11Z,190657,816768280,1000000,47396810,3,144456,80281218,4938692,79281218
hourly,0x141ca9ed4855983c36fd6ca90d7b346bc48848935b302f28414617457aca93eb,25904122,1788526895,2026-09-04T13:01:35Z,190947,14355021450,1000000,895620460,3,144456,1428072879,79462004,1427072879
hourly,0x6185f270d78c4ab659756891563e91de2a0f046fdfe6da29924bdac59c84d4c7,25904413,1788530411,2026-09-04T14:00:11Z,191220,4916995470,1000000,281006520,3,144456,473244471,30396115,472244471
hourly,0x7c240c6e1e5e815a0ff9fa2b9fb5528fe7d07981bc78404c214a5e62cf2fda3e,25904712,1788534011,2026-09-04T15:00:11Z,191534,3228881800,1000000,199212420,3,144456,319362276,20145965,318362276
hourly,0xee5bd6a53b8a0191efeb84efd35ea1675364d8e385a933f3edd9ec0385b3dd8c,25905011,1788537623,2026-09-04T16:00:23Z,191822,1170980810,1000000,71778130,3,144456,122846002,6344593,121846002
hourly,0x75f67da8440a7ea54fa272991dd07e10ba36800e3187c3622b5c3d0e76b99d13,25905309,1788541223,2026-09-04T17:00:23Z,192103,1148191720,1000000,70712200,3,144444,102662611,6250373,101662611
hourly,0xd072938840f8a03b222bcd5a32e096e1db3cc4c57ed5b73b5edb4a7edc01a7e2,25905607,1788544811,2026-09-04T18:00:11Z,192396,817058190,1000000,49017470,3,144456,80769521,4938541,79769521
hourly,0x728a3df391bf9603d1c96ff774bab9e55a49562838d43c57e6b1f4c42b8207b3,25905905,1788548423,2026-09-04T19:00:23Z,192666,727425990,1000000,42524660,3,144456,65305902,4381592,64305902
hourly,0xce19c3f73935523768f85febd8133ddea75411e9d46ca8c586c3197336723ae8,25906205,1788552023,2026-09-04T20:00:23Z,192968,751428980,1000000,43165250,3,144456,83292975,4447596,82292975
hourly,0x899ded4053b109ee95878c0645172a90f0fb53d3fd3dc70db7ef4df6381895cf,25906504,1788555611,2026-09-04T21:00:11Z,193273,5605546850,500000000,35537740,3,144456,561207998,3730786,61207998
hourly,0xd4303b20266255788c7c5240a48ad523e813462a9bb044b2b90089d1a61e1b74,25906803,1788559211,2026-09-04T22:00:11Z,193578,5555008650,500000000,38011740,3,144456,557479712,3620822,57479712
hourly,0x30b8d254ca7ad7c473b43e835ca707668c449af26289c56f61506d3f67260eb7,25907103,1788562811,2026-09-04T23:00:11Z,193869,5482879020,500000000,32487170,3,144456,554024629,3071522,54024629
hourly,0xe1f6949f73f289cd6cba79881da181e33390116a90943f367637d5293ea3b8a5,25907400,1788566411,2026-09-05T00:00:11Z,194168,5427166100,500000000,24819310,3,144456,546283514,2586142,46283514
hourly,0xdc75b0c56b8b8d58f571d8bc182a98c2e442f18f84ca0d10b01d583493a7cbc3,25907700,1788570011,2026-09-05T01:00:11Z,194478,5448822960,500000000,25477360,3,144456,548208999,2595816,48208999
hourly,0x7baafc5b10a790d19f591945886780250dfd5242991e048dc8b8d93c0839b12f,25907999,1788573611,2026-09-05T02:00:11Z,194724,8613550540,500000000,155056680,3,144456,863432443,15680581,363432443
hourly,0x8eb28ceedde39399f9a380b31237bf4b6e3726b45e9d9dfb6ea5264a2df23cfd,25908299,1788577211,2026-09-05T03:00:11Z,194982,5652006210,500000000,39311600,3,144456,568922849,3474821,68922849
hourly,0x530475a293fc75176553a878e27c343d69112c0cd873c6bdcfaa2169358d6002,25908600,1788580823,2026-09-05T04:00:23Z,195231,5465067140,500000000,28394870,3,144456,551956962,2882275,51956962
hourly,0x4ceddd724ed9440f3cc570d47cacbe69510b30d86b7fd711d94306b7deb740c0,25908898,1788584411,2026-09-05T05:00:11Z,195464,5468237380,500000000,27973180,3,144444,542233963,2893056,42233963
hourly,0x4b140ef92efdce3c0f8508751fe6fe0c47408b0334a5beb5749c39a5ad8067cc,25909197,1788588011,2026-09-05T06:00:11Z,195697,5441320810,500000000,29038790,3,144456,542121272,2576404,42121272
hourly,0x79cc41a2b3e38f154006c040e12b6f7216824a92f5ec9126c5d625b82102a7b9,25909497,1788591611,2026-09-05T07:00:11Z,195928,5508210340,500000000,31410710,3,144456,543984509,3188403,43984509
hourly,0xb7016228513e309b3befd2c00e2add34dae2d237a84954cbe74b6331a48c9421,25909794,1788595235,2026-09-05T08:00:35Z,196121,5530510050,500000000,28607370,3,144456,552043595,2882210,52043595
hourly,0xe6033dd67596ad449ccbfc4974bc3e545d517b2665e3fa96a86fa4c8b027ee85,25910089,1788598811,2026-09-05T09:00:11Z,196317,5484354380,500000000,29147070,3,144456,550568467,3048467,50568467
hourly,0xe246f3cd132d3555dc30b2902d2358868ec6df33797c527a0924b000c7d1b34c,25910390,1788602423,2026-09-05T10:00:23Z,196474,5498756530,500000000,24633000,3,144456,553078867,2491087,53078867
hourly,0x6912a58ebe33b472707c2f0fb6ed9d1243c042932146a31d99930a8dbdbc8ce2,25910689,1788606023,2026-09-05T11:00:23Z,196621,5457474350,500000000,24725140,3,144444,547939266,2557135,47939266
hourly,0x8a07c4f7ce884d4fa49c7468987ecc86349bc1755267a93348fd3ffd69b48e00,25910988,1788609611,2026-09-05T12:00:11Z,196779,5510273090,500000000,28713880,3,144444,549132299,3059834,49132299
hourly,0xbfa02110e91944571609eddfa6b23ae586f2f1a28b2b95731a6e1a99c2b775a4,25911288,1788613223,2026-09-05T13:00:23Z,196975,5780920660,500000000,51261610,3,144456,584671108,4582216,84671108
hourly,0x2e6693a3378a097d5d56961343dc68cabd48727cfd8e8564048cbf6adf687e1f,25911587,1788616823,2026-09-05T14:00:23Z,197197,5791835280,500000000,51261310,3,144456,574018643,4792473,74018643
hourly,0x35348b38201c0a5f56597fc09bd80afccf83252f410ca77222564750345a0ee3,25911886,1788620411,2026-09-05T15:00:11Z,197458,6458181710,500000000,94293460,3,144456,640015766,8620019,140015766
hourly,0x5e0be61585a15116520376a55a7e58f1a5b99c5a38eac379412531eb5d9bd702,25912186,1788624011,2026-09-05T16:00:11Z,197780,5741468240,500000000,43484480,3,144456,574671164,4582144,74671164
hourly,0x79097df8ee8f8f83e536ff75373b6bf824a9792838c6eafc7329e4591c541560,25912485,1788627611,2026-09-05T17:00:11Z,198116,5860687060,500000000,57992460,3,144456,585941928,5442085,85941928
hourly,0x29d0d1d9359ed324e5dc5f499deabb894e2b0991326c2cb7e7b4a4360b9a5c70,25912784,1788631211,2026-09-05T18:00:11Z,198461,5787439550,500000000,50499310,3,152873,585311297,4774492,85311297
hourly,0x680bb90dfd8f3d26c48d2834ee48464f8ec8c6cf9c504f586d2bd5d44ffcbb13,25913082,1788634811,2026-09-05T19:00:11Z,198745,5851341100,500000000,57775500,3,144456,589799684,5503426,89799684
hourly,0xb5746cd8ffab74a9dc9011ff0efb4cedd4bb1b2b71bda524f370af3c7353f9de,25913382,1788638411,2026-09-05T20:00:11Z,199050,5719655550,500000000,43974150,3,144456,566143507,4686014,66143507
hourly,0xe037ba49227cb1ad279bf8fc15f7c933f514e84dfabd5d8ce33c099f205e0953,25913680,1788642011,2026-09-05T21:00:11Z,199366,5472452980,500000000,29584420,3,144456,543745299,2704517,43745299
hourly,0x2555e62f26fa9c5d94922c8cb77669f19e6380ddc9717675926dea4d467cc5c8,25913979,1788645611,2026-09-05T22:00:11Z,199680,5498232390,500000000,30826470,3,144456,548327093,2914510,48327093
hourly,0xa610c365895a776aa2b750d21586405244d243068577be71e70428e5f7bb1551,25914277,1788649223,2026-09-05T23:00:23Z,199993,5522969390,500000000,26743240,3,152885,553393208,2776214,53393208
hourly,0x04f635a06b50e26e41b295f5c7e0f04626aba01d95a3290751afc857a75686a2,25914575,1788652811,2026-09-06T00:00:11Z,200258,5457794400,500000000,29917720,3,144456,547100029,2797039,47100029
hourly,0x7dd6ab80e8f71fee850ebdb0e00642cb896d384d4a708648deb75f7ce698c799,25914872,1788656411,2026-09-06T01:00:11Z,200527,5483069930,500000000,26345980,3,144456,548138028,2734974,48138028
hourly,0xc978bd5623f8e03745d4fb9c4069227953389a7389b25aa2e4a9d2af4530cc7f,25915172,1788660023,2026-09-06T02:00:23Z,200757,5408431280,500000000,28927420,3,144456,537942203,2528422,37942203
hourly,0x7a96866142949e75a1da9198a27658e949a95b026cac3e90ac73404744bf46f7,25915472,1788663623,2026-09-06T03:00:23Z,200988,5609442130,500000000,34484980,3,144456,562977077,3553212,62977077
hourly,0x5a665b0262bca06efb73511b53d29fe854dba55b974438ec4a4c8fb05a0ec69a,25915771,1788667211,2026-09-06T04:00:11Z,201193,5415836360,500000000,25473730,3,144456,548271347,2714555,48271347
hourly,0x4dfc959c4195da64c1cdd4a53dddda405d352d4f445d6513b22a63968e243abc,25916071,1788670823,2026-09-06T05:00:23Z,201404,5522579910,500000000,29362840,3,144456,557468047,3094087,57468047
hourly,0x5485e2ea880eb631a3062f9808d5d56e72dcc6a9a4150b8c4db493affb2998af,25916370,1788674411,2026-09-06T06:00:11Z,201624,5442507250,500000000,29693900,3,144456,549759308,2776114,49759308
hourly,0x1f69ba74408e62cd1a84b0ca7f9da2f27379e5d0a68a81a486604d281e64c044,25916669,1788678011,2026-09-06T07:00:11Z,201800,5527425930,500000000,28818670,3,144456,556908059,3036745,56908059
hourly,0x8b3a85a382e00825b20ba10f687ea0c3dc844ee76c2bf0ab1356b4d1bd9fcbe8,25916970,1788681623,2026-09-06T08:00:23Z,201983,5462415500,500000000,30141040,3,144444,548504049,2435547,48504049
hourly,0x0e3b98662c629541603822171d92c86ea058d0c7a292c042603393ae7434f279,25917266,1788685211,2026-09-06T09:00:11Z,202137,5499631580,500000000,27657080,3,144456,546984753,2892631,46984753
hourly,0xd618c1fcd369ccc83c6e3d7e0eba99b2bcce973bbac6ec8c5aed401c32630349,25917566,1788688811,2026-09-06T10:00:11Z,202293,5460570570,500000000,30366980,3,144456,549050261,2745090,49050261
hourly,0xdb448e88f8c30f37eab09cd5138166eaf8662f9d71e453ed950336f32105dea1,25917867,1788692423,2026-09-06T11:00:23Z,202448,5389102690,500000000,24355090,3,144456,543823622,2346124,43823622
hourly,0x3e8cd84e8e3695fd63f3655264408ea6c2efdab7c65423cbc8cc85a55089a06a,25918164,1788696011,2026-09-06T12:00:11Z,202615,5540427590,500000000,29471770,3,144456,553647752,2980423,53647752
hourly,0x1c59dc1ccb71995199d44142344887a9a93b8a96dbbfb0f3d9261fbd0266fd2c,25918463,1788699611,2026-09-06T13:00:11Z,202810,5791957370,500000000,49559260,3,144456,574694663,4530556,74694663
hourly,0xf866f52640d2a92cc3385ce19585e51bfede4570e284a4e0c81adeb912190591,25918764,1788703223,2026-09-06T14:00:23Z,203055,5508880680,500000000,28602970,3,144444,546354348,2991561,46354348
hourly,0x2d4addb025a205e5461cef5356694d1252b554f53a5ee10781abb06df1679cf4,25919062,1788706811,2026-09-06T15:00:11Z,203318,6048348540,500000000,56699740,3,144456,600368045,6087444,100368045
hourly,0x2727f316314c1b67e1c75a432e0579bd8772730743cb75bde85872f3bc4536d0,25919362,1788710411,2026-09-06T16:00:11Z,203605,5884158070,500000000,55441560,3,144456,596344145,5842112,96344145
hourly,0x444b915d530da8c569b8423fa07303e1a04da73d885973f023c576f6194f1fac,25919662,1788714011,2026-09-06T17:00:11Z,203818,5579040710,500000000,33466310,3,144456,557289426,3448252,57289426
hourly,0x20c06f9aacebc8140f6d63c0663c3a5ece0ee117eafb7ed63cc5bd917bc3d7bc,25919962,1788717623,2026-09-06T18:00:23Z,204056,5785152960,500000000,47030520,3,144456,585274021,4299386,85274021
hourly,0xc164a5af279ab1025de7e997493d5eab36759ed7e95fa4f7bb59fb636bcffa54,25920260,1788721211,2026-09-06T19:00:11Z,204298,5724879450,500000000,43154700,3,144456,573713604,4413382,73713604
hourly,0x84e0edfce2957a2a7c28fc02fc068f69c73c961ae1547a9f792c19948f166863,25920558,1788724811,2026-09-06T20:00:11Z,204616,5471283420,500000000,26840610,3,144456,547635915,3070806,47635915
hourly,0x66aa1ceeeb601ab45857ebb17cf6795d3d0d4f300668ed198effaca76998036c,25920858,1788728423,2026-09-06T21:00:23Z,204872,5453676430,500000000,27655490,3,144456,543317935,2796746,43317935
hourly,0xb543377eecba5543926e4f43aa39531c2a20d314b61ee7993aa95531dae00a0e,25921158,1788732023,2026-09-06T22:00:23Z,205094,5669138670,500000000,42354810,3,144456,569609773,4034522,69609773
hourly,0xc5adb1fa697f5631196ba43a2f9056a16dfccab1d67f6327f9d7e7246c010400,25921455,1788735611,2026-09-06T23:00:11Z,205310,5424107040,500000000,23372330,3,152885,539477193,2363599,39477193
hourly,0x2f3276f80347fa6761e37af468c094b25f9855fdc2110f9f4aecc1eef8492f2c,25921754,1788739211,2026-09-07T00:00:11Z,205540,5413640300,500000000,26739900,3,144456,542678444,2444480,42678444
hourly,0x4c743b7de69614bab980288fb80d75b0b03b8cd4c2756a555ad1258ab31dc66d,25922055,1788742835,2026-09-07T01:00:35Z,205723,5492313020,500000000,22430290,3,144456,544880120,2381316,44880120
hourly,0xaae13efd399a48651f68ec4ade877abe2452ab3607eeefb6f681c4069b23f7dd,25922355,1788746435,2026-09-07T02:00:35Z,205897,5433976460,500000000,24999150,3,144456,542978983,2499915,42978983
hourly,0x85b22c3ff3e78bc8addb14fba8eea00e8ba5b1f28bca52420364f60430c7aa24,25922653,1788750011,2026-09-07T03:00:11Z,206072,5938007730,500000000,57121880,3,144456,590878223,5049102,90878223
hourly,0x7c6bfd085fdbff6a25b7f97475072091289d9cc8b856075054938f6a12a9c33b,25922950,1788753611,2026-09-07T04:00:11Z,206223,13395572270,500000000,339934730,3,144456,1369746207,35025685,869746207
hourly,0x627d0a0a3a800290f868ab00a4d048cc528a0988df32280dfa82b57953ef4986,25923248,1788757211,2026-09-07T05:00:11Z,206357,5742411420,500000000,44296920,3,144456,583020454,4632978,83020454
hourly,0x9fdde2f1daad32c42ff07d7e152e0de7613b1e42e6e1b99f48d4499c222c8548,25923545,1788760811,2026-09-07T06:00:11Z,206493,5430844610,500000000,27861780,3,144456,541283037,2462751,41283037
hourly,0xc3ff9f6de1d68e31c4fad219015437415492cd2fad7e5499b4a39d56f2f2e7a0,25923845,1788764411,2026-09-07T07:00:11Z,206640,5430909130,500000000,22429550,3,144456,545371873,2311063,45371873
hourly,0xb1fa74732cf055132962704bc7afdaf954f4064d143367b12e87ef1f07341c0f,25924144,1788768023,2026-09-07T08:00:23Z,206794,5629187770,500000000,34868810,3,144456,565942226,3579351,65942226
hourly,0xcc112fb4b1cf44188ceac239f5f158c5fe477a4d997bf184fbc15bf922f27418,25924444,1788771623,2026-09-07T09:00:23Z,206929,5553425200,500000000,31052330,3,144456,556300120,3247737,56300120
hourly,0x74035b457076118e3834cf1f5b25bb39064bea9f58fe2a7beb9aa45145af9615,25924743,1788775223,2026-09-07T10:00:23Z,207073,5390478510,500000000,24904760,3,144456,545745069,2490476,45745069
hourly,0xf7307d8fb3e1a9a1008b97639d6e0cb2d8b6a3526283399a0d1779c447f90068,25925042,1788778823,2026-09-07T11:00:23Z,207232,5463233580,500000000,26243050,3,144456,547022028,2624305,47022028
hourly,0x6f125bb6066d18457f878239fa615888f0a1955cfbb700bd25870f1e7c7d43c2,25925338,1788782423,2026-09-07T12:00:23Z,207386,5490382060,500000000,29030650,3,144456,550991857,3013670,50991857
hourly,0x160db61a0b90579a737a5c7e264b592052d039240ec1fdd79227ca009630a531,25925634,1788786011,2026-09-07T13:00:11Z,207558,6689464330,500000000,91835910,3,144456,660601599,9859761,160601599
hourly,0x2fae144afe60ce44e104056af25621ea60fa777254f4e6a6e7573d089f09394f,25925932,1788789611,2026-09-07T14:00:11Z,207774,6529148010,500000000,94270850,3,144456,645616022,8426762,145616022
hourly,0x9c33853821332492b2c50afc1939f043c001935f2d1bad4ae742d78ed1a7d34c,25926232,1788793211,2026-09-07T15:00:11Z,208039,6078377670,500000000,63185690,3,144456,604770600,5907295,104770600
hourly,0xcee94e0189f28b6da07c1a93c56aa573d27c406c00c3270e62d89be127e58690,25926530,1788796811,2026-09-07T16:00:11Z,208349,7149599210,500000000,131984500,3,144456,690793078,12247435,190793078
hourly,0x006e6616f2d75adde3f5a33f1734d49b2b8e7ad57d83478bfbc15b1eb1e02ffe,25926830,1788800423,2026-09-07T17:00:23Z,208582,5852102640,500000000,46849310,3,144456,587524405,4845272,87524405
hourly,0x99ce3a1d7c23a8e3634fd75eae43be504adb9b8669ba3a6560b66d0b00f9bf9d,25927128,1788804011,2026-09-07T18:00:11Z,208798,5661741530,500000000,39890880,3,144456,566027699,3757434,66027699
hourly,0x9e662dca601b0fddf4bc00d685ace504faeef89075804a701883952944316936,25927428,1788807623,2026-09-07T19:00:23Z,209010,5581662250,500000000,34477800,3,144456,555218426,3199350,55218426
hourly,0x0b7080b9354536d76105b6a2d453b6d92770d9953be28bf261c6b950ad7c79e7,25927726,1788811223,2026-09-07T20:00:23Z,209230,5635661420,500000000,33839050,3,144456,558986227,3565764,58986227
hourly,0x7ea58d65ee648a463b0312db8fb3dfc0e49e0f4ccf7fac6c9651edab5afb7473,25928024,1788814811,2026-09-07T21:00:11Z,209479,5499689750,500000000,29356760,3,144456,552291484,2979913,52291484
hourly,0x20a6d26ecf37ea1ccea202b18392c4d97cbfcfc0905a887d8c26d1ecbcb4cb3e,25928323,1788818411,2026-09-07T22:00:11Z,209740,5592873990,500000000,36466290,3,144456,558355151,3579086,58355151
hourly,0x3b3dd88c9410ac9d3efa4d649421794ce5dd092fbf0e859f13425a4c0f8a7961,25928622,1788822011,2026-09-07T23:00:11Z,209979,5491396940,500000000,27343240,3,152885,547531109,2957683,47531109
hourly,0xec7bb7c8aab9cad36c72b891c8aadc68f1be461d031e93274f1459d364f79c4c,25928921,1788825623,2026-09-08T00:00:23Z,210187,5429879250,500000000,26438260,3,144456,547738979,2285079,47738979
hourly,0x31355e9e1e9dbbfc73056865655f559bfa9dda72a4eb342fdb2f6bf80f4aeaaf,25929219,1788829211,2026-09-08T01:00:11Z,210384,5510071260,500000000,31635700,3,144456,549153445,2957655,49153445
hourly,0x0a487dfc2aba66eaf42af7be384ed718c9305f5747c1907a6b3b8d849c01dd91,25929520,1788832823,2026-09-08T02:00:23Z,210588,5458308270,500000000,27240800,3,144456,546183193,2480976,46183193
hourly,0x440543855eeea4be88b8b2d8dc118e9fe98ccf1aeacf7bba6e2f33ef7b894fa5,25929817,1788836411,2026-09-08T03:00:11Z,210803,5461792350,500000000,28812170,3,144456,544767652,2913719,44767652
hourly,0x75c6d07d19d2e4aab4796481d3345f0a6a44a924dffa57fde136d65c0e380383,25930118,1788840023,2026-09-08T04:00:23Z,210966,5434189370,500000000,26836120,3,144456,551401132,2713885,51401132
hourly,0x53a1d16f8b74e22641208adf74c92f580218c005fb90ef179d35918c2663ad19,25930415,1788843611,2026-09-08T05:00:11Z,211097,5494305000,500000000,28490460,3,144456,544486611,2968673,44486611
hourly,0xcdab2a775d1602f7f4a801fd2cc02e99475594d72889afe83ba395b7f57851e0,25930717,1788847235,2026-09-08T06:00:35Z,211217,5470789710,500000000,24078080,3,144456,551253322,2499544,51253322
hourly,0xea138de612377ed4eda1b39d130440b8836a60c5b8af1c396a773f83ffb35f37,25931015,1788850811,2026-09-08T07:00:11Z,211332,5533844690,500000000,33710850,3,144456,552080783,3116506,52080783
hourly,0x404fb676defa3995770b24f020cfe141e3425e61d0e231201f613a49339d7d64,25931315,1788854423,2026-09-08T08:00:23Z,211449,5572243190,500000000,33334630,3,144456,563448974,3473429,63448974
hourly,0x5490a4ddcb1223f9d88e49493b6b2559687d294f96440098bb3d6c1498a410e9,25931614,1788858011,2026-09-08T09:00:11Z,211591,6434424860,500000000,81166910,3,144456,634790043,8520980,134790043
hourly,0x100eaac06dc8851c16f21e478a81974a40e449b39f22a6a5b1c4f5a3f27d71c0,25931911,1788861611,2026-09-08T10:00:11Z,211743,5807898000,500000000,52015590,3,144456,576605844,4649613,76605844
hourly,0x8df7500af2d4d7d60ba90fdb4cdcec2666b3f567f62109f1bc0c390a981cf6fb,25932209,1788865211,2026-09-08T11:00:11Z,211869,6025711650,500000000,65831870,3,144456,598709961,5501606,98709961
hourly,0xb83d5f6dd3274f5a701b3e4c046a551a32046cc16acf3ddd74369fb5814c33e3,25932506,1788868811,2026-09-08T12:00:11Z,212023,5574150630,500000000,30245810,3,144456,562958543,3070158,62958543
hourly,0x23b33b42dcd950b85b839c844a9be04d1b4509b496eefc503a5c45edbd5e8eac,25932804,1788872411,2026-09-08T13:00:11Z,212206,6165139120,500000000,72012050,3,144456,612904179,6365270,112904179
hourly,0xd8a47d292cffb1c5e424e7a39e23c7a35d90e7e4f81c5f03fa3193fc0b073460,25933101,1788876011,2026-09-08T14:00:11Z,212410,8401641220,500000000,205928320,3,144456,862498799,21537870,362498799
hourly,0x5230b88b455ac8d55751c07a30d33b6518cb896edd11ccea382541e87665cad1,25933402,1788879623,2026-09-08T15:00:23Z,212618,6680238740,500000000,102340250,3,152885,680960798,10905676,180960798
hourly,0xa6b4973410a6d3b87d17ef8cac4c0ff8f3da903c73c6428780985366d4d3f296,25933698,1788883211,2026-09-08T16:00:11Z,212835,9331440120,500000000,252000580,3,144456,888615145,23648053,388615145
hourly,0x748af8c5cf2017551a283777b4e8926dee491225013f7e4eba37b82d49987a4e,25933996,1788886811,2026-09-08T17:00:11Z,213082,6983832220,500000000,119741740,3,144456,692109332,12109249,192109332
hourly,0x9cd2895bed88207728f3f2121cdbdfba7e741a653ac7b859342e0a0b3e75c43a,25934295,1788890411,2026-09-08T18:00:11Z,213336,5956085040,500000000,50669790,3,144456,600792890,5279732,100792890
hourly,0x3e6e97be8bcae4ca9ef62e534ee69fd83d10cca9d6e1b652c3fb4cbdb7d75a5d,25934594,1788894011,2026-09-08T19:00:11Z,213593,5910693150,500000000,55842920,3,144456,591951683,5950785,91951683
hourly,0xfa7db4be4971b5b24127cedabb2d2aba2f3f6fe102c0ba16dcdf2eda2df602bc,25934894,1788897623,2026-09-08T20:00:23Z,213878,2990968660,250000000,28809640,3,144456,294797111,2968444,44797111
hourly,0xe013a53231e49833af2f0e578c3f79150230653b6d9ee9a2221ae798eede502b,25935194,1788901223,2026-09-08T21:00:23Z,214120,3001775710,250000000,32592940,3,144456,309001798,3163242,59001798
hourly,0x1115fd61f2cb9ddc317c23a1c6318369e5059ac06504296f2aaf59e9280d9941,25935493,1788904811,2026-09-08T22:00:11Z,214350,2988927460,250000000,29025550,3,144456,294140306,3001895,44140306
hourly,0xafbbe60b18f1c63781f26215d5faff055ed93e7aada1a9a95d91a43afaa20403,25935792,1788908423,2026-09-08T23:00:23Z,214535,2971021960,250000000,31279220,3,152885,298697719,2796013,48697719
hourly,0x09e72b194a3aabd0a1d0b6deb7a93da075c4cd57ddbff1aeb1d6b098c7ac9f28,25936090,1788912011,2026-09-09T00:00:11Z,214718,2979259920,250000000,28381300,3,144456,297571725,2946261,47571725
hourly,0xb2f8fc94f907c2496fdf80dd46639a2aede49e08bfd44da39b099f583eb92890,25936389,1788915611,2026-09-09T01:00:11Z,214893,3098596070,250000000,35123000,3,144456,299531193,3069952,49531193
hourly,0x91dc1eaa51afb39c4d5e319ada06c86260a53854fa7589cb80dc77410091b245,25936690,1788919235,2026-09-09T02:00:35Z,215052,2941390920,250000000,26139770,3,144456,300086399,2713568,50086399
hourly,0xdc86f555595c15586bf4376ca26f597852621fbe5588e118b25187c2140cbca0,25936987,1788922823,2026-09-09T03:00:23Z,215197,2974654320,250000000,26933370,3,144456,303377986,2806426,53377986
hourly,0xb5d213b0471e0b9e35bdd739a86aeff35ec33048c82ecdb9fe5599a5b806cf29,25937285,1788926423,2026-09-09T04:00:23Z,215366,3184796420,250000000,41403380,3,144456,324059016,3591931,74059016
hourly,0x6dbd1936b70e1325cdd595517b21bdfdfa4c9790921444faef81e043d8139f68,25937587,1788930047,2026-09-09T05:00:47Z,215521,3045292830,250000000,34343020,3,144456,293483424,2613934,43483424
hourly,0x3ff78f87f4d3075615242b516a692fcfcdc2dcbcdc3523969c3e587434c7f449,25937884,1788933635,2026-09-09T06:00:35Z,215664,3008420410,250000000,28486650,3,144456,295444518,2848665,45444518
hourly,0x6647641c9bb222b59a6f67895b7c791e3ee38370b2fc4600d6722ca799549a04,25938181,1788937211,2026-09-09T07:00:11Z,215832,5055699820,250000000,141144260,3,152873,508452763,14114426,258452763
hourly,0x87ecdc043df76042a568d8b34606e04613d5500597f2f651da9d5b5340cd01e4,25938480,1788940811,2026-09-09T08:00:11Z,215967,3398898610,250000000,50288320,3,144456,337369981,5259614,87369981
hourly,0x6280d8a95fcc1c5ddef0cfacc4b346ddb74da77c89a1293a9977b937e8055209,25938779,1788944411,2026-09-09T09:00:11Z,216093,3074739800,250000000,37566530,3,144456,309664286,3525291,59664286
hourly,0x35089643ac6d7fb489f46549aae53fc2de2b1540912abe85a7e6f4cbf88c3db2,25939079,1788948023,2026-09-09T10:00:23Z,216202,3284450660,250000000,48988540,3,144432,342361557,5010001,92361557
hourly,0xec0f9a3c08b7ff6c10b18432c85258154f953920b7b7203c5c03609bca1c376a,25939377,1788951611,2026-09-09T11:00:11Z,216321,3258525500,250000000,37286160,3,144456,323451056,3899728,73451056
hourly,0xb0d6609f76adcc998bed493386f4352bd917d7303133b99e8824ffed24355319,25939677,1788955223,2026-09-09T12:00:23Z,216472,3358727260,250000000,52398590,3,144456,351808926,5500855,101808926
hourly,0x71f26bb286b3e4ad98fe3e6087bc5f631d86a8dc432ea7aa90fe7ed420bd7b16,25939974,1788958823,2026-09-09T13:00:23Z,216641,4788694270,250000000,137493030,3,144456,490134049,14113928,240134049
hourly,0xaf4d0c9de03ab512e554642f56a2f54bee9f895b69ad5ef27ed60565722f912d,25940272,1788962411,2026-09-09T14:00:11Z,216819,4040092930,250000000,100808110,3,144456,428079509,10348149,178079509
hourly,0xe195f07e3984091c9647a52ae1aab6f4fd6689940f32e672ce9b22d573ebfa45,25940571,1788966023,2026-09-09T15:00:23Z,217019,3811169880,250000000,82069030,3,144456,369022745,7965044,119022745
hourly,0xe26eed6145f83509d112f7bea08e163fbb67160e1efd9c7690b0dfbd33ed4df0,25940870,1788969623,2026-09-09T16:00:23Z,217253,5068148590,250000000,162078410,3,144456,489026724,15671485,239026724
hourly,0x1cc50598473656cd33ce7c525f27fda4310d129f1568d372aeb7463e54970212,25941167,1788973211,2026-09-09T17:00:11Z,217503,3305653400,250000000,50098160,3,144456,339974351,5009816,89974351
hourly,0x2273e174e9a6deb3f4e27ed4080c0db1129dc9be7f086adadddba7bafbc48b63,25941466,1788976811,2026-09-09T18:00:11Z,217749,3099660660,250000000,36457640,3,144456,309099382,3686890,59099382
hourly,0x5e4fb599a82a5bb4e2a9aa16faa5efc93dc2cbd3a6fb1dd0ca9de030c8c48970,25941767,1788980423,2026-09-09T19:00:23Z,218044,3339637910,250000000,52396670,3,144456,327538862,4843975,77538862
hourly,0xf981bf9eae7543b9aef1776dc4de32c3ea85a52bcfe01a7cafacc9fbc8d25e9b,25942063,1788984011,2026-09-09T20:00:11Z,218283,3478700270,250000000,57746110,3,144456,348251108,5927751,98251108
hourly,0x5bf8dd4fe98b1198959bdbf513153762e70bbe531bd96a864b994fda869b0c92,25942361,1788987611,2026-09-09T21:00:11Z,218463,3297434570,250000000,43299350,3,144456,328284002,4461413,78284002
hourly,0x1480a55281698da5a57d1f4093f9f12970c57b742bbd1617488e23b6712b9901,25942661,1788991211,2026-09-09T22:00:11Z,218637,3056351950,250000000,33577980,3,144456,301555977,3127524,51555977
hourly,0xcff7b111931c0bee775153b835f74dc079abc881bb619cfdf73cec233345322a,25942962,1788994823,2026-09-09T23:00:23Z,218839,3033036730,250000000,30695810,3,152885,303410255,3069581,53410255
hourly,0x91f1b89b64804c1ecfd0dd1cbce806110231e3dd282e08f890e9805329dec0ac,25943261,1788998411,2026-09-10T00:00:11Z,219010,3020453560,250000000,32466490,3,144456,303410590,3357765,53410590
hourly,0x1ac51fb4ec8102f0aaa90d99c0f6d2526c4c01b03e32b9642cb3bf383e4089c3,25943561,1789002011,2026-09-10T01:00:11Z,219196,3007678020,250000000,32710070,3,144456,304345509,3222448,54345509
hourly,0xc7777f2c7312397146ac4a1e0a92b4b61006468436cb14cc7d13efe83a59e7b0,25943863,1789005635,2026-09-10T02:00:35Z,219349,3176632370,250000000,42975720,3,144456,320603285,3855940,70603285
hourly,0x7b86a874a2204bfc9080a66985c11fa8ee6f013ec43eeb40497165b078763d70,25944159,1789009223,2026-09-10T03:00:23Z,219498,3009085090,250000000,31041480,3,144456,301793992,2848348,51793992
hourly,0x0937eaa9d6a45297f5fd770437f2e1b25c18dd8b4dede29637ce65e6205e3e96,25944460,1789012835,2026-09-10T04:00:35Z,219649,2978247540,250000000,27437960,3,144456,305528856,2837702,55528856
hourly,0xd8534f214eb6be49a3a44f0cc42635ecc663c5aacdbcdf42aaf2a5414855a0cd,25944758,1789016423,2026-09-10T05:00:23Z,219799,2948229730,250000000,31041160,3,144456,299472047,3104116,49472047
hourly,0x4070dc57e679d1af89840d0cc44511c39640a9e187113446e58f9f831f0b2f91,25945058,1789020023,2026-09-10T06:00:23Z,219911,2904827560,250000000,25844320,3,144456,301221157,2434349,51221157
hourly,0x1c6184cbf7aa521d23b8bb997bf5accb4dd7d2992cb168c32c72f9ac0f286826,25945357,1789023623,2026-09-10T07:00:23Z,220017,3060298540,250000000,34725620,3,152873,306672105,3234417,56672105
hourly,0xd3817de951b3959c82e4b1f0f8624ae37acd6c90a141801c24172587db1870f2,25945656,1789027223,2026-09-10T08:00:23Z,220120,2966285410,250000000,28911940,3,144456,308414234,3069442,58414234
hourly,0x9f0a89759aa8b908e07f9f6133b02c1be18988a8eccaa4b4b7df0c8095a5f982,25945952,1789030811,2026-09-10T09:00:11Z,220235,4181989090,250000000,103085530,3,144456,411869060,9782801,161869060
hourly,0x1daf34cba57a1aa2e0a679f618ed68a505f6d7872dfc4889e4ee538176fcce80,25946249,1789034411,2026-09-10T10:00:11Z,220353,3123027240,250000000,38270570,3,144456,307982844,3958038,57982844
hourly,0x129f932c4888565bce6e496ec0b11722bd6d3c83864648b24b56cdb4f2c3d091,25946549,1789038011,2026-09-10T11:00:11Z,220485,3312461970,250000000,51230190,3,144456,328051083,4378472,78051083
hourly,0x10193188e679e2981ead8682d7a061db6fe5ee02e8b1bb47d9b1e21ec4ed02f1,25946849,1789041623,2026-09-10T12:00:23Z,220646,3094668160,250000000,34985410,3,144456,312465183,3645438,62465183
hourly,0x609727fde575300c4749e92ae85bed34c36e431ae7222b4316924aa08288c97c,25947147,1789045211,2026-09-10T13:00:11Z,220946,11567052230,250000000,573527720,3,144456,1037744982,49570434,787744982
hourly,0xd3079a01c2ce7537a2f259ae3c44ccc0632115f2365fd1f35c3eb50dfae97692,25947446,1789048811,2026-09-10T14:00:11Z,221219,5811426870,250000000,202063120,3,144456,570866139,20206312,320866139
hourly,0x8316d569e9e23b159cd1a8c1af6be93cdf6a77edd3e58006fbdb1b28bd9603b8,25947746,1789052411,2026-09-10T15:00:11Z,221449,4411306310,250000000,124739100,3,144456,437341860,10424516,187341860
hourly,0xf3836d465e34bf0450ed128ad894989974146016ac0d9ea8cfd0a9b61bb094ac,25948043,1789056011,2026-09-10T16:00:11Z,221762,3679111040,250000000,76717560,3,144456,352772489,6630756,102772489
hourly,0x8b42e000719d09d48b08a89436d3d56580b237c1ecc05f4e7a401cba8737127d,25948343,1789059611,2026-09-10T17:00:11Z,222037,3697756080,250000000,62925490,3,144456,370663978,6556761,120663978
hourly,0xdba01f0756d4853da5fefe7e00894832d3e493514c97c9894fe028ede2310356,25948642,1789063211,2026-09-10T18:00:11Z,222295,3570062400,250000000,66306930,3,144456,343596399,5795607,93596399
hourly,0x66782acb7f62271574a456a169bd70e3478e26252c5c70ca1b0be7dd5814fc2e,25948941,1789066811,2026-09-10T19:00:11Z,222808,3201487390,250000000,44776350,3,144456,316154034,4427689,66154034
hourly,0x93adb2e8ad5170a0d542c03d09522dd8f2d9f6b946d24214b16b37110e67fab6,25949241,1789070423,2026-09-10T20:00:23Z,223258,3121243550,250000000,36316980,3,144456,320217221,3812591,70217221
hourly,0x99449259a465ff7b74663b0775306cf90b9e1b1f11ad6c717c6a02e2c1294cb1,25949538,1789074011,2026-09-10T21:00:11Z,223486,3084715600,250000000,35246560,3,144456,308100749,3210106,58100749
hourly,0xb0839b37012ff8e666b36e9949718de87bd3ee97e45d897835de335cc5ee598e,25949837,1789077623,2026-09-10T22:00:23Z,223705,3057244860,250000000,34335820,3,144456,306499929,3115489,56499929
hourly,0x644df8d914a054e89c0396f9c3cf955d209789cc850f219dd2d47a3ff020f193,25950134,1789081211,2026-09-10T23:00:11Z,223952,3031356960,250000000,31271460,3,144456,301261044,3282907,51261044
hourly,0xec3f5354cbce15d7774ec85e4aa25ba409c56b26465506be3229de7171b22255,25950432,1789084823,2026-09-11T00:00:23Z,224159,3218753920,250000000,40475710,3,144456,323356791,4329368,73356791
hourly,0xc112d4a8d8263783ea111fa1a52496efb8aac263ab271a765f3688938f16307b,25950732,1789088423,2026-09-11T01:00:23Z,224392,3016684790,250000000,31388310,3,144456,306652631,2967628,56652631
hourly,0x3efb5392113452763dfb5b9ab0bf6df666e798b4d5cb9272b678400d9ba1cfe4,25951030,1789092023,2026-09-11T02:00:23Z,224575,3620155670,250000000,59713800,3,144456,346494849,6245416,96494849
hourly,0x24bcc45bf22ee9c8fe399a40b48d3fcd1eed04495433ce372962c6a918551829,25951326,1789095611,2026-09-11T03:00:11Z,224803,3031592410,250000000,30123200,3,144456,298757329,3150560,48757329
hourly,0x6537eab5c1ecbd51e0ea214e5ef52f777417488d31c6dd24e13341acf804e83c,25951626,1789099211,2026-09-11T04:00:11Z,224998,2995930550,250000000,28586730,3,144456,308913003,3057697,58913003
hourly,0x29b4bc64d18c5e2c06dbd1a48282c793178ba4cb1916bbff0a9f8ba5480b350d,25951926,1789102811,2026-09-11T05:00:11Z,225194,3009793940,250000000,28373610,3,144456,300908714,3012290,50908714
hourly,0x38dafc34414ed2f43e1aee023723e18f64d14f11d362478cc1fff9ec7bb99bbb,25952224,1789106411,2026-09-11T06:00:11Z,225360,3023166970,250000000,30348850,3,144456,303433960,3270544,53433960
hourly,0x121f3477c8883f66fe7511e939ecd564298ee34041b0da66390ae833a080372f,25952524,1789110011,2026-09-11T07:00:11Z,225524,2930375980,250000000,29898140,3,152873,297745300,2722995,47745300
hourly,0x75c8d98b45f92ac50e1840b5d5669d45d50e70652b2cd4a6b8559beb1cebd967,25952825,1789113623,2026-09-11T08:00:23Z,225668,3055987370,250000000,28800690,3,144456,304927877,3000998,54927877
hourly,0x96f469ce85845671d16fdbc6d5b34f997239699dade6bf12113131d26a6e8070,25953124,1789117223,2026-09-11T09:00:23Z,225808,3031679740,250000000,30805670,3,144456,307482505,3138702,57482505
hourly,0x92618c03bd42297d13775b47f47a5bbfabcd8d0711ac01d0e6e39d9e7e8be40b,25953423,1789120811,2026-09-11T10:00:11Z,225949,3083284400,250000000,35376270,3,144456,310802327,3686165,60802327
hourly,0xe9aab45f510f6e14a7b5d6d34351e53bce5c62b6e02eb4961262dcc362f7fb0e,25953722,1789124411,2026-09-11T11:00:11Z,226090,3142444410,250000000,39427770,3,144456,313898870,4047337,63898870
hourly,0x1cce9b19957ff882998011adc887e98eacdcc89dc31f8a5e402006fc423fa48c,25954024,1789128035,2026-09-11T12:00:35Z,226246,3118574440,250000000,37277050,3,144456,312842915,3407753,62842915
hourly,0x8f76550697abb8fa3d0807a3b5d30e702ab8d739afad0382b0613ab2b398610a,25954321,1789131611,2026-09-11T13:00:11Z,226472,8859010680,250000000,375840310,3,144456,924921114,40351272,674921114
hourly,0x30a416ef625d5ffe8b1f57a8a7389f3fc15952ee41eb96c2a74a875b1289c456,25954621,1789135223,2026-09-11T14:00:23Z,226747,27041469750,250000000,1295712760,3,144456,3424532619,142267570,3174532619
hourly,0xfb6cc958ee2c6a3ce4d0ddfd07d2b0a9d8e6b9932266b4742647c12c754ab286,25954918,1789138811,2026-09-11T15:00:11Z,227213,10055207390,250000000,433219530,3,144456,1023395735,46338076,773395735
hourly,0x8609dfae36de4e32099b9d7b627f1424ea65c46c83e70bc412c8e0cf4ebc33b7,25955215,1789142411,2026-09-11T16:00:11Z,227501,15720932700,250000000,871712490,3,144456,1555471215,98619234,1305471215
hourly,0x14d8832e0413673c9b9f0edae95a151637d3108ac1a89724be1cd1f11bebbeb5,25955515,1789146011,2026-09-11T17:00:11Z,227761,4844962210,250000000,140052000,3,144444,471557122,13142657,221557122
hourly,0x075c35f1e2df2b0ba392a252edb2c27d0621f5597d5f0d245c953b573d157694,25955815,1789149623,2026-09-11T18:00:23Z,227977,3885640070,250000000,87433240,3,144456,392542107,7903720,142542107
hourly,0xbd9fd30e1f0868eddbf3672a236567a2c8332223bbfc8670253b109771e2a7cd,25956112,1789153211,2026-09-11T19:00:11Z,228224,3687353300,250000000,68824880,3,144456,380201067,6960127,130201067
hourly,0x69f9365616470514b70d321bbb14a9a24f43538d0c2334ecfe6b3aab781ef5a3,25956411,1789156811,2026-09-11T20:00:11Z,228486,3145581870,250000000,37555470,3,144456,315293099,3987085,65293099
hourly,0xec85cb6484257435388db97af07f7bffd204325a8f840a612c7af8148c2c10e8,25956710,1789160411,2026-09-11T21:00:11Z,228737,3042434970,250000000,28477580,3,144456,306480506,2967330,56480506
hourly,0xba4e62795a5798fce42e012bad2ac4f0866bd79139507d9a2ef4e582b131347a,25957012,1789164035,2026-09-11T22:00:35Z,228941,3339741810,250000000,50272690,3,144456,323239296,4753065,73239296
hourly,0x4cac45ce7e0ca7fd18985bab30075e4276d8d79584eabc1aa67691518d88a284,25957309,1789167623,2026-09-11T23:00:23Z,229106,3036044930,250000000,31034740,3,152885,302434972,3138483,52434972
hourly,0x6dee2ab320e18b923364b0bdb10b1fbec07e7d4e21e76e8b2b93a9e27c3cfad2,25957609,1789171247,2026-09-12T00:00:47Z,229342,3008097080,250000000,29232340,3,144456,295255470,2642521,45255470
hourly,0x50370248f61249391a15c6efa0c3a4c38fe8238d365422e48c6e6957140461f2,25957905,1789174811,2026-09-12T01:00:11Z,229534,3077851020,250000000,32580240,3,144456,306060589,3307119,56060589
hourly,0xd307d1819ebad3b1b909c86d7c4fbed39389df979adf2de8a3aca7cbfc16689c,25958204,1789178435,2026-09-12T02:00:35Z,229688,2984390330,250000000,31384330,3,144456,301267551,3103424,51267551
hourly,0x5f664ff49115f007488a06585719ee1ee7470cdb6804ca239b76cd39e2feb9cb,25958502,1789182023,2026-09-12T03:00:23Z,229834,2992403640,250000000,28797890,3,144456,305251228,3057334,55251228
hourly,0xe5495c9c61f9d61d45e8d4fc58155b96b3acc294fc06d49852bd8ee3e76cefa7,25958797,1789185611,2026-09-12T04:00:11Z,229991,3096993380,250000000,26129840,3,144456,310363244,2743135,60363244
hourly,0x82c4743270e926333a56bcf6a6dcaef9ae26f1a3f964bceec191ec7bfb350b9b,25959099,1789189235,2026-09-12T05:00:35Z,230127,3083838300,250000000,31976010,3,144456,303358652,3369447,53358652
hourly,0x4596dc120c58960bdfaed453e865473088fe07f148e1797ed8bd0b1dddaee53a,25959397,1789192823,2026-09-12T06:00:23Z,230243,25578661720,250000000,1396207190,3,144456,2442642748,135000340,2192642748
hourly,0xe12f142de7d081c5bc22ab9b28e6b6e8b6a5a665194fa8540fd97c2ce7a06db6,25959697,1789196435,2026-09-12T07:00:35Z,230354,3212103310,250000000,36582960,3,152873,321041842,3672001,71041842
hourly,0x9637ec9faca9d860fa90438c52037fafe83c4f561de325214f8df199b5e2785d,25959994,1789200023,2026-09-12T08:00:23Z,230480,3071275620,250000000,32700900,3,144456,309147603,3270090,59147603
hourly,0xf0f4f0a46cd92899d7bbcfb6df87fe9010d27aa90ac3ed607fb3cdbc10f80d93,25960294,1789203623,2026-09-12T09:00:23Z,230603,2990736970,250000000,29230790,3,144456,302365831,2672189,52365831
hourly,0x8e5fcd9d94ae30671fe2d5ab1dd499e138b30791e2e5e118d0f866b728a4c23b,25960593,1789207211,2026-09-12T10:00:11Z,230763,2906759870,250000000,25549240,3,144456,292838053,2283817,42838053
hourly,0x859dfcafca4e2a92a4a9e55182f6b68a10570525c6ae597cb3cc5e1a12b2f50c,25960893,1789210811,2026-09-12T11:00:11Z,230940,3256170000,250000000,39570380,3,144456,324328107,4216735,74328107
hourly,0xaf65764c0c16b1894c02a76d5842ca79d126685fa997be2258c167511552170b,25961193,1789214423,2026-09-12T12:00:23Z,231110,3037862950,250000000,31032370,3,144456,306501575,3209445,56501575
hourly,0xe250acbce4af21149c16e2b7596c6aaabf419beac3060be4ef6e74d4026dc3c8,25961492,1789218011,2026-09-12T13:00:11Z,231306,3043475480,250000000,34715940,3,144444,306122088,3356710,56122088
hourly,0x4719c9463266ee8ff05293e2a4a07e8f442365609501c779e4fddb2e754bcdc7,25961793,1789221623,2026-09-12T14:00:23Z,231528,3005828410,250000000,28052070,3,144456,303354314,2978154,53354314
hourly,0x70689d0e77057020e24d2a7a675a0ff90d0529fc41ffef27f9f2ecc19cf0d33c,25962091,1789225211,2026-09-12T15:00:11Z,231817,3034093140,250000000,32945030,3,144456,303129217,3045708,53129217
hourly,0x3599163e875022fa6a632851a60fbb6d1471e2b88458f1d4f08ef55aec634874,25962391,1789228823,2026-09-12T16:00:23Z,232084,3105749490,250000000,40770810,3,144456,308102898,3755119,58102898
hourly,0xc10fed327fb928c21fd9b0522ffec67f14d41941f898c0e6378f1ffb69492b70,25962689,1789232411,2026-09-12T17:00:11Z,232366,3056253340,250000000,32944680,3,144456,303187743,3103152,53187743
hourly,0x7a48eaa57e089f5571d2ee5e2ca17775403112f1d8db00a7751883523728007a,25962988,1789236011,2026-09-12T18:00:11Z,232588,2988895340,250000000,27635040,3,144456,297351224,2836790,47351224
hourly,0x54e1c09beeafdc01d4f508b473968bcf69e4e738482d75049fc9204956c5662e,25963287,1789239623,2026-09-12T19:00:23Z,232772,3043546790,250000000,27123050,3,144456,298112551,2836776,48112551
hourly,0x0dff9d0b431b7984392777ba41324b4911d7cb958c3898c1e1fc3947d64e65d7,25963585,1789243211,2026-09-12T20:00:11Z,232967,2931322380,250000000,25836010,3,144456,295067556,2742885,45067556
hourly,0xcdd2d5912a90058c930d6690db358af124a653dfa91e605b56b63871ff95a586,25963883,1789246811,2026-09-12T21:00:11Z,233174,2983480210,250000000,30799650,3,144456,299004750,2732633,49004750
hourly,0xd7548c400fed7aabca8bfff1d028f7bd446362b1913aa2ddf4d10142e4c03f48,25964184,1789250435,2026-09-12T22:00:35Z,233353,2938758100,250000000,26520880,3,144456,295591721,2722420,45591721
hourly,0xf428470c25e710980142209e1d2f56cc5114b870a5d54e2a268d14abc8891d2e,25964482,1789254011,2026-09-12T23:00:11Z,233498,2989708200,250000000,25932360,3,144456,299073216,2692036,49073216
hourly,0xa948e048a9e9f1268d3c482864f4ec43f43a2b31f95735745a1a966a22bbd8cf,25964782,1789257623,2026-09-13T00:00:23Z,233665,2973098960,250000000,22581640,3,144456,292622445,2318049,42622445
hourly,0xa57dbc3427cfbc341f29b1a8d7b58b77ce3cd601a7a361515ec510f2b6869bf9,25965080,1789261211,2026-09-13T01:00:11Z,233790,3036270660,250000000,26520400,3,144456,303010540,2753081,53010540
hourly,0x58b8781c5e33b5480b6fe11d124ec15c83738f483ee39d4b330851b82eda64f8,25965379,1789264811,2026-09-13T02:00:11Z,234005,2902393710,250000000,24609350,3,144456,293029740,2554695,43029740
hourly,0x0814c5704256543f3f019417ac7422bb0975d7249c0fe11c664c08c53edb3fd1,25965680,1789268423,2026-09-13T03:00:23Z,234131,2942031140,250000000,26224290,3,144456,293938469,2622429,43938469
hourly,0xccf94e6bd35d69e2760c8a2f65dc5b4cec815fa6d5dfd9e8cf28441a1661a1bf,25965977,1789272011,2026-09-13T04:00:11Z,234248,2944392170,250000000,25834810,3,144456,293683834,2671900,43683834
hourly,0x93f34f3c88a47cf21a1c06c4e2bcc6a08ba1b1c65e9a39efbed43cd080d041c8,25966276,1789275611,2026-09-13T05:00:11Z,234360,2944638290,250000000,23705710,3,144456,294914183,2379452,44914183
hourly,0x688b0ade8d14b74fb029c9a1e9bc508abce743b3133ad29d01468cdec816f19f,25966575,1789279211,2026-09-13T06:00:11Z,234478,2859868100,250000000,23006960,3,144456,295314810,2119013,45314810
hourly,0xbe88c41ff4f3b223060718786c4676d1e32c287a7c87295ef9b15ba20743bc40,25966875,1789282811,2026-09-13T07:00:11Z,234627,2950859390,250000000,26125760,3,144456,293000432,2691907,43000432
hourly,0x6a719511b7fe9833eeb212499d5c35cf2ce5957c7a3b45630a81fc38d844594c,25967175,1789286411,2026-09-13T08:00:11Z,234810,3277283620,250000000,39417960,3,144456,321877104,4031229,71877104
hourly,0x0dcfdb61ea7fe7ff1f3b4b108bc447d55a2f046fd8a06961c1450d1d1af57259,25967475,1789290023,2026-09-13T09:00:23Z,235001,2975543500,250000000,28578340,3,144456,299945465,3034026,49945465
hourly,0xc924a7c0f6f8437f7a9ea7ab582609338ce07a2613aae56ef2a61916e13a361e,25967774,1789293623,2026-09-13T10:00:23Z,235191,2930783430,250000000,25260750,3,144456,293176585,2526075,43176585
hourly,0x2081eeb80844743c99ba258baf8683a238ff09f981189e0616ab7c80cbfc1797,25968075,1789297235,2026-09-13T11:00:35Z,235334,2997723470,250000000,27426420,3,144456,298541816,2836509,48541816
hourly,0x748bfa4af2371c098fe214173cab5fb319773c984d4aec9acf5eef86bf3872b3,25968374,1789300823,2026-09-13T12:00:23Z,235478,3005916250,250000000,31970280,3,144456,298787305,2701913,48787305
hourly,0x2947b1db512fcf917d9fc41fcdbdbaacfcfbe616c27743d3856dde9eb156654c,25968671,1789304411,2026-09-13T13:00:11Z,235674,3146783460,250000000,34068260,3,144456,314052115,3563170,64052115
hourly,0x7a38effaf9c0803b67b7daa937eaee1823723c8579b55813240f1e731610e561,25968972,1789308023,2026-09-13T14:00:23Z,235895,3056043580,250000000,35631500,3,144456,304241193,2879203,54241193
hourly,0x7fa327343f0a842e088a0075d9157f8e49daf1362b716368b66a844f2eaf20d8,25969271,1789311611,2026-09-13T15:00:11Z,236126,2924046310,250000000,25449650,3,144456,294622051,2763168,44622051
hourly,0x457cc6b8599d1cec8a973c70392abeac3423a8d556aa609bcff45414257ebc59,25969571,1789315211,2026-09-13T16:00:11Z,236409,3135058740,250000000,36988630,3,144456,307847029,3233019,57847029
hourly,0x3b85fffa96d5f44a089ff28938e83979405cf8b032fdbf4f94233a96348483c1,25969872,1789318823,2026-09-13T17:00:23Z,236660,3050664160,250000000,33436510,3,144456,307591027,3406751,57591027
hourly,0x3f3dcb09699b261812faf074fa3a8f777ffaf75e8e13d00b3ee11f5bc38dd49f,25970170,1789322411,2026-09-13T18:00:11Z,236861,3000175650,250000000,26026640,3,144456,303378241,2641883,53378241
hourly,0x0969e9055626d6ca59117adf06e202ad48676c3444c2de76c9444da7505097d6,25970469,1789326023,2026-09-13T19:00:23Z,237086,3084411930,250000000,37405270,3,144456,311459415,3306317,61459415
hourly,0x08beeafe2e9f874b1fce0c0359c677226d9ffb9aef9393db42a247a0173ddd84,25970768,1789329611,2026-09-13T20:00:11Z,237288,3037389580,250000000,33186840,3,144456,304044992,3102672,54044992
hourly,0xea056cf94efeb3601be6a99f748b3999ea8d46479d9e4d66781cac94969dc068,25971068,1789333223,2026-09-13T21:00:23Z,237515,3103324780,250000000,38110770,3,144456,307837984,3523271,57837984
hourly,0xc5419de6bed12b80a1a7186fbe49e6be53a9b2a7afa64d1085c90186c9b59edb,25971370,1789336847,2026-09-13T22:00:47Z,237697,2918226970,250000000,23792220,3,144456,287666353,2158807,37666353
hourly,0x512e3833996b44922649dc7ae33d4f97e2a73932e01b0412d8dde88c9c656245,25971665,1789340423,2026-09-13T23:00:23Z,237889,3024632610,250000000,31376200,3,144456,303815750,2763046,53815750
hourly,0x38df09c8729001f77c393ff8e3cecded98b1bd52a5e38ce7615b721ffa0abe00,25971962,1789344011,2026-09-14T00:00:11Z,238052,2955896580,250000000,28790450,3,144444,291835424,2544837,41835424
hourly,0x86d53185ca8e520acd28a935e7e808b35f645f3898d6d2e9e0bad4f67cf67718,25972259,1789347611,2026-09-14T01:00:11Z,238225,2899269460,250000000,25258610,3,144456,294194829,2309064,44194829
hourly,0x9c4b786b2c6d155a26f8d4e1982357ed4a5cadd2a1401f60eb7df8e7bcac3b69,25972560,1789351223,2026-09-14T02:00:23Z,238378,3020837630,250000000,31025660,3,144456,304013125,3184845,54013125
hourly,0x30bdecc03d47415b8d1da91e675e269f2912a1ad39f673a93664e72c04c35f84,25972860,1789354823,2026-09-14T03:00:23Z,238525,2933557490,250000000,25928170,3,144456,293750516,2343834,43750516
hourly,0x03ec285137a822bb4d0f12ebde8212582febae64ccc75bd08f42a57e2656958f,25973158,1789358423,2026-09-14T04:00:23Z,238654,2919597480,250000000,23614150,3,144456,292279654,2361415,42279654
hourly,0xf45bc5dd7fc822dd3c58f527c14bf29ae0abf3cc9318ca28a75f10af1d9dc21e,25973458,1789362023,2026-09-14T05:00:23Z,238785,2905815180,250000000,24605510,3,144456,300334318,2516377,50334318
hourly,0x439b63d6099a2f6a53061943ad88765a184f03f34ccf8c43973792754058409a,25973758,1789365623,2026-09-14T06:00:23Z,238919,3153774030,250000000,34968380,3,144456,315805217,3496838,65805217
hourly,0x23e8dd94c01891d8ed00bd9cf95aacb07b4c08e5b359e636eb78616585284f21,25974059,1789369235,2026-09-14T07:00:35Z,239055,3054825390,250000000,30223230,3,144456,294634965,2922307,44634965
hourly,0x044ccf6928aff9b6dea0cd5143daae98fac4c8d27ce93f177b9f9d105cfa5020,25974358,1789372823,2026-09-14T08:00:23Z,239180,3112959230,250000000,30678480,3,144456,307124172,3137452,57124172
hourly,0x1e56b2d35f720c7b4c9a9147bb2b892743b6d7bfa10e9e7279ff84fe1441e7b0,25974657,1789376411,2026-09-14T09:00:11Z,239328,3263878710,250000000,39265180,3,144456,335998682,3985686,85998682
hourly,0x539430f685c866dd663c9f082b7e37f95412e4b9e7bd5aea753e29805d71b4f4,25974959,1789380035,2026-09-14T10:00:35Z,239473,3846332160,250000000,74142290,3,144456,393289542,7725538,143289542
hourly,0x0ea87353328bb2b9cf07b6a402f8f9c37a3cb40fec4cca8bae7b13c7063c70b2,25975257,1789383611,2026-09-14T11:00:11Z,239618,3235766220,250000000,44587640,3,144456,326580664,4628640,76580664
hourly,0x8498bf8f6cabd83d604ca6a5ef61fb7a10ae381f2c92376643e92547322b212b,25975557,1789387211,2026-09-14T12:00:11Z,239777,4034730340,250000000,99620430,3,144456,412942885,8610269,162942885
hourly,0x92a5db67610a97d79fa96f1fe9b2f774fa8c8096a729913b8ad06ba5caef65c2,25975859,1789390835,2026-09-14T13:00:35Z,239938,3703298890,250000000,66273820,3,144456,360714396,6752450,110714396
hourly,0x1f7e8b22752c2844c5107e9f129807f64bfabd840716da043317301a00115389,25976157,1789394411,2026-09-14T14:00:11Z,240174,5925698830,250000000,208868760,3,144456,601577280,20045213,351577280
hourly,0x3d3c691381dbd8b42c4006177be9d760a7e6a5a1958318d3eb0409d5e1ada299,25976465,1789398131,2026-09-14T15:02:11Z,240446,4479755060,250000000,117433500,3,144456,927596270,14210530,677596270
hourly,0x51b4431adb6131215480c6da29aaa9116860d576828037fd6a1b58406471d34f,25976752,1789401623,2026-09-14T16:00:23Z,240729,6823115000,250000000,238961990,3,144456,730005489,24806626,480005489
hourly,0x1fd7c4377b324d36ac0ca3258a75382d7f17036f9cbb0a446f78dd0a30d88ba4,25977051,1789405223,2026-09-14T17:00:23Z,240971,5373231210,250000000,179850220,3,144456,540382773,16136827,290382773
hourly,0x19255ef11d0c00b101b31b4a71ed2550eaa7a98c91f306962482e465d3ae0d16,25977349,1789408811,2026-09-14T18:00:11Z,241226,4245198000,250000000,112278960,3,144456,418892587,9924532,168892587
hourly,0x52042ba4744dd1d2e51d877eececdeb79ed66e24e4bd49175f65390235efd2b9,25977646,1789412411,2026-09-14T19:00:11Z,241482,4130848070,250000000,99616570,3,144456,409003122,9418316,159003122
hourly,0x2a881f0044d756fe1d9d5eb46964eba14f2f43e3cc03012646857d8d67b96c6b,25977944,1789416011,2026-09-14T20:00:11Z,241731,3799150730,250000000,76104260,3,144444,376171177,8140273,126171177
sep11-window,0xc2be1721e605383514f17f46b22bd6768db689cea7061e491fb8b9c7447c1046,25954470,1789133411,2026-09-11T13:30:11Z,226611,4856832350,250000000,147580840,3,144444,487791663,13491388,237791663
sep11-window,0xef47115c361fec6557bc5399262ac8ab4146cd398fc8348097046b858148212c,25954472,1789133435,2026-09-11T13:30:35Z,226612,4877916630,250000000,134913880,3,144432,513934293,13643578,263934293
sep11-window,0x96286927b4ed1097e337c6da71ff3d0d8dec7f3792a08033947cc4900aae54c6,25954472,1789133435,2026-09-11T13:30:35Z,226613,4877916630,250000000,134913880,3,144432,513934293,13643578,263934293
sep11-window,0x269b2ddd4b57a85574727963700fa28c15573ec3283e94b5b50446151ea97b80,25954472,1789133435,2026-09-11T13:30:35Z,226614,5110497880,250000000,136435780,3,144444,513934293,13643578,263934293
sep11-window,0xc22f6eda7cf566e200073df407f30dabc22f3693d1f99c3981cc9c7dcb86b545,25954474,1789133459,2026-09-11T13:30:59Z,226615,5139342930,250000000,136435780,3,152873,515329288,15493178,265329288
sep11-window,0x1d10899d23984ab69604f6911299ca335f22f38fa1d8d4ea36ba9dba78120997,25954474,1789133459,2026-09-11T13:30:59Z,226616,5139342930,250000000,136435780,3,144456,515329288,15493178,265329288
sep11-window,0x49f484f1c990a27d8cb2aa3d27c2dd70a3177bd0224f4a3c376aac7af0eb1e04,25954475,1789133471,2026-09-11T13:31:11Z,226617,5181709220,250000000,144847330,3,144456,523837988,16083456,273837988
sep11-window,0x1e405e294545025abb713ae5ab6f41b83191d19e6757d4041b28d56bcf9fd30e,25954476,1789133483,2026-09-11T13:31:23Z,226618,5181709220,250000000,144847330,3,144456,523367988,16264887,273367988
sep11-window,0x5ee0549ed0b0978423bbadc50e9dc923074cce2a2f05edab426f183c2b8f0802,25954477,1789133495,2026-09-11T13:31:35Z,226619,5233679880,250000000,162648870,3,144456,501259708,16884567,251259708
sep11-window,0x96002cfee73967f5792c791e29c22d4a8aa2a97caa526415955b5300d0f375ab,25954481,1789133543,2026-09-11T13:32:23Z,226620,5233679880,250000000,162648870,3,144456,490683312,15844691,240683312
sep11-window,0x9e166f8ef28114651b29aca404d5584f575f482c7fc4c7a5810981441be5a592,25954481,1789133543,2026-09-11T13:32:23Z,226621,5012597080,250000000,168845670,3,144456,490683312,15844691,240683312
sep11-window,0x9961e326a8cc450a016affa9e56f1f2c305dd395ad957e427d8f685e48db4a6f,25954481,1789133543,2026-09-11T13:32:23Z,226622,5326379950,250000000,168845670,3,144456,490683312,15844691,240683312
sep11-window,0x52a5c020530e7da2904d1f972f42941071b0f2d479fcf3ea7eac845930f7276a,25954481,1789133543,2026-09-11T13:32:23Z,226623,5066583560,250000000,154353530,3,144456,490683312,15844691,240683312
sep11-window,0xf0b1d1a30480bae7dffeec3f64e39ef15181813851b7c9ff4a9bf9141be2b310,25954483,1789133567,2026-09-11T13:32:47Z,226624,5066583560,250000000,154353530,3,144456,494447692,18332237,244447692
sep11-window,0x2de162c75478cb8503b21475af76965f08cac985b18ca16a999c1f3d503616d6,25954483,1789133567,2026-09-11T13:32:47Z,226625,4906833120,250000000,158446910,3,144456,494447692,18332237,244447692
sep11-window,0xaf53d0cb9f7ea7355e97557933f93ed62a0aaab91ebe75e3a69057d004ac2b90,25954483,1789133567,2026-09-11T13:32:47Z,226626,4906833120,250000000,158446910,3,144456,494447692,18332237,244447692
sep11-window,0xe6b26430611aa66a8c3f7dab362d234fc7ae681da7daef7df3dd457f1e712ec5,25954484,1789133579,2026-09-11T13:32:59Z,226627,4860051980,250000000,169478180,3,144456,507488539,18959657,257488539
sep11-window,0x620ceb6f72b2ff3ed254d187b656f06d94486f017dfa11c2af668c35de812b60,25954485,1789133591,2026-09-11T13:33:11Z,226628,4944476920,250000000,183322370,3,144456,539653747,16947818,289653747
sep11-window,0x8e1f8ef5f051d16fceaa8858cb04324132e92e7ee8119edd5e184fa0c0d662bb,25954486,1789133603,2026-09-11T13:33:23Z,226629,5396537470,250000000,169478180,3,144456,564345065,17925535,314345065
sep11-window,0x862dc22c975b60b710290822f47f3888cfac14614c21de913361c86f0d38f0c8,25954487,1789133615,2026-09-11T13:33:35Z,226630,5396537470,250000000,169478180,3,144456,553021198,18818399,303021198
sep11-window,0x0aec5feb3ba089aaac22e637ca8e5540a33baf7215fa9c722e04b89eea8b196d,25954487,1789133615,2026-09-11T13:33:35Z,226631,5643450650,250000000,179255350,3,144456,553021198,18818399,303021198
sep11-window,0x67a93acdb025b4265c5a7ae2284e824a5ea75dc9f058b9059ecb3c06056d1e3b,25954488,1789133627,2026-09-11T13:33:47Z,226632,5643450650,250000000,179255350,3,144456,544234194,19245359,294234194
sep11-window,0x66a590f6e826f2e1ebc45fdfcfe8ecbcb75b4d313a39537324f3839ed55c65c8,25954490,1789133651,2026-09-11T13:34:11Z,226633,5442341940,250000000,192453590,3,144456,541098495,18678193,291098495
sep11-window,0x0a64f96a6048d20df9d66c152428b9aff24318314617fc9a9c4f18d8de1a60c6,25954490,1789133651,2026-09-11T13:34:11Z,226634,5442341940,250000000,192453590,3,144456,541098495,18678193,291098495
sep11-window,0xe716aeb06005f3fab69e10866aeb428abd8ba8ea2cb3d22482be717b887799b6,25954491,1789133663,2026-09-11T13:34:23Z,226635,5410984950,250000000,186781930,3,144456,532609533,18678193,282609533
sep11-window,0x6b831bc6c81d349ef2eb3136acc8b1e8b940afec0c0049e64589339c3323be67,25954492,1789133675,2026-09-11T13:34:35Z,226636,5410984950,250000000,186781930,3,144456,530529702,17659424,280529702
sep11-window,0x844bc08634b7f525125178fd4c6662b8c3db043b6057f5c213311bbe219f19af,25954493,1789133687,2026-09-11T13:34:47Z,226637,5305297020,250000000,176594240,3,144456,509635274,15609470,259635274
sep11-window,0x0d14dc3dab50f4b4bdb3374fe548e33fb6504449aa6196a30c38f072a1b7928a,25954495,1789133711,2026-09-11T13:35:11Z,226638,5305297020,250000000,176594240,3,144456,493541833,16143703,243541833
sep11-window,0x734ff5bb9c5771a810e768d139b0c54bb7d149526f7d45c23609c179dab586a5,25954495,1789133711,2026-09-11T13:35:11Z,226639,5096352740,250000000,156094700,3,144456,493541833,16143703,243541833
sep11-window,0xf4dbddabd5aec02fce719953f1aa68c527e0e9d798804ff8d6cf0d903238fd96,25954498,1789133747,2026-09-11T13:35:47Z,226640,5096352740,250000000,156094700,3,144456,480049081,13849168,230049081
sep11-window,0xd959c6951175f9cf02ae7586f0c6ad929bd02e82473005fff12d70bd337e5b94,25954498,1789133747,2026-09-11T13:35:47Z,226641,4978564070,250000000,157855540,3,144456,480049081,13849168,230049081
sep11-window,0x781bfb34bcc7d76691135f1a6d186d9cb3f6698e91bf54ef53d917976a39e43d,25954498,1789133747,2026-09-11T13:35:47Z,226642,4978564070,250000000,157855540,3,144456,480049081,13849168,230049081
sep11-window,0x2c30007416cfecdccb67a120ec6e3d6668d085a158c9879dd5e1b3603396a531,25954499,1789133759,2026-09-11T13:35:59Z,226643,4862709070,250000000,134913830,3,144456,486565841,14868856,236565841
sep11-window,0x8a85cdd674f579b282325f9f78c8b26367981ae1a7ec4c4d003ff8749ecdb238,25954499,1789133759,2026-09-11T13:35:59Z,226644,4862709070,250000000,134913830,3,144456,486565841,14868856,236565841
sep11-window,0xacb1a804e97c4be3f1563be955b0b2e6a0dbf23d9f57a96472640ea1c200d406,25954500,1789133771,2026-09-11T13:36:11Z,226645,4800490810,250000000,138491680,3,144456,493386796,15206207,243386796
sep11-window,0x84804a115c210532ea35e35912013af359aff251c0f27afa72956a2d3b026aa2,25954502,1789133795,2026-09-11T13:36:35Z,226646,4800490810,250000000,138491680,3,144456,486410980,13541922,236410980
sep11-window,0xdb34d293a7f1896364d39c842acea1e7bca15c9b2d87c4d0a330e2fa49b00027,25954502,1789133795,2026-09-11T13:36:35Z,226647,4933867960,250000000,152062070,3,144456,486410980,13541922,236410980
sep11-window,0xa8ff1379f704bcb405b7cd7455006737dc6c14d31a582bba9e12c2b43f75c833,25954502,1789133795,2026-09-11T13:36:35Z,226648,4927879850,250000000,158446870,3,144456,486410980,13541922,236410980
sep11-window,0x3a2958f22261fcb7cfc845d102ca113d60bf1b8ed9e8c0e0b355551f49d14b7e,25954506,1789133843,2026-09-11T13:37:23Z,226649,4927879850,250000000,158446870,3,144456,462704735,13797479,212704735
sep11-window,0xcf391349bcce4d53e5d0ada8a62d75481ead0fc4bac159a46b1ba2c7df0df3ce,25954506,1789133843,2026-09-11T13:37:23Z,226650,4864109800,250000000,135419220,3,144456,462704735,13797479,212704735
sep11-window,0x58e043fdfc0a2d3d4bfa12d73b1cdce3857a64a4ffaf13e843126246021f303b,25954506,1789133843,2026-09-11T13:37:23Z,226651,4864109800,250000000,135419220,3,144456,462704735,13797479,212704735
sep11-window,0x1ef71d0855313ac37b5dec38a794a1d59858d23dfd3fd8e7b665085ae30fe47e,25954506,1789133843,2026-09-11T13:37:23Z,226652,4856675740,250000000,143231530,3,152873,462704735,13797479,212704735
sep11-window,0x3b9e9773b83ad377bf52de1d3ec3a8493fd61a133f80f8b5b9e89401d335426d,25954506,1789133843,2026-09-11T13:37:23Z,226653,4772703640,250000000,145934530,3,144456,462704735,13797479,212704735
sep11-window,0x5a1bd7413f5b3c888ca1781ee28964f87d380aea75a594903c612e8321651cb5,25954509,1789133879,2026-09-11T13:37:59Z,226654,4627047350,250000000,137974790,3,144456,446991962,12899406,196991962
sep11-window,0x91742742e31ee71817d1e5ecb49a8d4c32877b156ccf88db44f7b0c4edcfad96,25954509,1789133879,2026-09-11T13:37:59Z,226655,4627047350,250000000,137974790,3,144456,446991962,12899406,196991962
sep11-window,0xc06253097feee08db38afa653e316d4afe65bbe581f6cde7825147f317783324,25954509,1789133879,2026-09-11T13:37:59Z,226656,4716542590,250000000,147580760,3,144456,446991962,12899406,196991962
sep11-window,0xc49c5f2211d2b180ffd5d540ad1a784b1499145f5adc82f1b13270a982387a69,25954513,1789133927,2026-09-11T13:38:47Z,226657,4683172000,250000000,144306670,3,144456,420305923,10078433,170305923
sep11-window,0xe2144aa1dfa8e7bc52ffc4da2f046e97ff4a4573b040bac30ebebdce32daacbc,25954513,1789133927,2026-09-11T13:38:47Z,226658,4683172000,250000000,144306670,3,144444,420305923,10078433,170305923
sep11-window,0x334c5cb961ec5d31381242fcc42b4a7cf12809777b9664302a7190615e45abbc,25954513,1789133927,2026-09-11T13:38:47Z,226659,4351741970,250000000,136435710,3,144444,420305923,10078433,170305923
sep11-window,0xd221e001b17d58336695889df1693790b8892ca4bf37c9942c539efc71d2f92d,25954515,1789133951,2026-09-11T13:39:11Z,226660,4351741970,250000000,136435710,3,144456,426757395,10901712,176757395
sep11-window,0xd27ed3220a24ae4a91efe7b7ae86c263edb0f86a6dde317ced03ddbaed8a6845,25954515,1789133951,2026-09-11T13:39:11Z,226661,4203059230,250000000,100784330,3,144456,426757395,10901712,176757395
sep11-window,0x852abd0d55422d334f990f43a17ae9f6ffecd1584db6f6b444eeecd2fd691130,25954516,1789133963,2026-09-11T13:39:23Z,226662,4203059230,250000000,100784330,3,144456,419584548,11748231,169584548
sep11-window,0x04bef490d77d73fa20c72d5774ddda72f071fd095ffcb03d73f6e3cc66a36949,25954518,1789133987,2026-09-11T13:39:47Z,226663,4267573950,250000000,109017120,3,144456,426894360,10739872,176894360
sep11-window,0x37fcb7212c922affbd7b0d2512d9936b897f09aa3e197cb136820ab71e6074bb,25954518,1789133987,2026-09-11T13:39:47Z,226664,4195845480,250000000,117482310,3,144456,426894360,10739872,176894360
sep11-window,0xf27c66d35811124df1ee0cac328dd296a52df5e160e769e9f2a361114e7c9942,25954524,1789134059,2026-09-11T13:40:59Z,226665,4407102590,250000000,107398720,3,144456,434632024,11880756,184632024
sep11-window,0x95632288e8ec7ece067fa5678c900710e92b4da0cfc8715eff99756782ea4ea2,25954525,1789134071,2026-09-11T13:41:11Z,226666,4472608120,250000000,115306290,3,144456,453988375,12851261,203988375
sep11-window,0x92981f85f877f94619441985375dd81b2e1654bbcbb04ce2a1df5ffe2cafa3c7,25954525,1789134071,2026-09-11T13:41:11Z,226667,4472608120,250000000,115306290,3,144456,453988375,12851261,203988375
sep11-window,0x7ac29977b1059c7c6b540f87f6c351e15ab5b15116a114fcb5f7b2336df866cd,25954525,1789134071,2026-09-11T13:41:11Z,226668,4609870180,250000000,115738240,3,144456,453988375,12851261,203988375
sep11-window,0x0196c22501bfdd3b83454d6b09e1ccb3c88ccffee7fa8dacdb3f8dc5174bb8b9,25954525,1789134071,2026-09-11T13:41:11Z,226669,4500977680,250000000,118807560,3,144456,453988375,12851261,203988375
sep11-window,0x58bda790a44fa6a58d7197132bc0fdf90c9c5eaf59d11eb7602fb3a06ab55605,25954525,1789134071,2026-09-11T13:41:11Z,226670,4500977680,250000000,118807560,3,144456,453988375,12851261,203988375
sep11-window,0x9a61c3105b28d3eb9eb812e55ce6ee2ac11169603bcab74aad76a070dbbdd037,25954527,1789134095,2026-09-11T13:41:35Z,226671,4539883750,250000000,128512610,3,144456,452232922,11748229,202232922
sep11-window,0x60aee753b49576f2482b3f4be5b3b1e679c7c9975e45913bc67b0247e1944e0b,25954527,1789134095,2026-09-11T13:41:35Z,226672,4539883750,250000000,128512610,3,144456,452232922,11748229,202232922
sep11-window,0x2894deeac313cf14caeaca540fa4b41c1d22c4ba9362fb8ffeeb4ab73beec113,25954528,1789134107,2026-09-11T13:41:47Z,226673,4526299140,250000000,137459820,3,144456,477477431,12519256,227477431
sep11-window,0x37c6da73830375ea88b4ee4fa9553541db68f16572a5a928cf88a034be982cfe,25954528,1789134107,2026-09-11T13:41:47Z,226674,4526299140,250000000,137459820,3,144456,477477431,12519256,227477431
sep11-window,0x02af1c5895cf20ddd25ba265b36e310b8017451c1b136613f1ceb526c49f08c0,25954532,1789134155,2026-09-11T13:42:35Z,226675,4774774310,250000000,125192560,3,144456,495494903,14702992,245494903
sep11-window,0x11cc1e529d9bf1ae346c98cc758fbddaab595b0b488226024a6ee297a2c0b40b,25954532,1789134155,2026-09-11T13:42:35Z,226676,4774774310,250000000,125192560,3,144456,495494903,14702992,245494903
sep11-window,0x8ea41bf4a37a52f40c75b1e9c786783f811f3e898788e17712f23b72f904d6bb,25954532,1789134155,2026-09-11T13:42:35Z,226677,5204301000,250000000,144306630,3,144456,495494903,14702992,245494903
sep11-window,0xd32827402e567975588cf4509e4f79efd3c7cc51fd8c5d30a7a32ae01bd2b703,25954533,1789134167,2026-09-11T13:42:47Z,226678,5060714240,250000000,144306630,3,144456,521605122,15667938,271605122
sep11-window,0x4b6cbd8f53c2a257224c1a379b3ca8f8c6e103d45de39cfbb1d44462dd4e4bd7,25954533,1789134167,2026-09-11T13:42:47Z,226679,5060714240,250000000,144306630,3,144456,521605122,15667938,271605122
sep11-window,0x00968d7b81a1984419305ef78a0ca67b46321c0d3ecc079b4859e3d7e62d0704,25954537,1789134215,2026-09-11T13:43:35Z,226680,5216051220,250000000,156679380,3,144456,535120903,17659411,285120903
sep11-window,0x7046bf8b0150d29af4e669a2d1f6afc40f9d4f24928f2ee78bbed8fb24d83b09,25954537,1789134215,2026-09-11T13:43:35Z,226681,5216051220,250000000,156679380,3,144456,535120903,17659411,285120903
sep11-window,0xd6cdfe16af6a3a1c771b4030953b2aa24a3b0f4219f1b98f2b9fa10ecb09b753,25954538,1789134227,2026-09-11T13:43:47Z,226682,5578191760,250000000,170112940,3,152885,570664456,19030667,320664456
sep11-window,0x8d99f9437033182b7cee63a77c970ad59b69d6f8a3ace069c5411013c3d6f72e,25954538,1789134227,2026-09-11T13:43:47Z,226683,5578191760,250000000,170112940,3,144456,570664456,19030667,320664456
sep11-window,0xddf83e6d9d8615b09b0c5983d0d4ed754545ebd558de0a42aa005cbf8009c8b6,25954539,1789134239,2026-09-11T13:43:59Z,226684,5351209030,250000000,176594110,3,144456,608973430,20431859,358973430
sep11-window,0x4125cc426dde80aedef7b038b565cf9e25de37eae529d5280f735cdaf7a51ddb,25954539,1789134239,2026-09-11T13:43:59Z,226685,5351209030,250000000,176594110,3,144456,608973430,20431859,358973430
sep11-window,0x6493cbdc33b03f731fbe3dcdb0cc7ef94f94ad6ed996b9c78e06e992610df7ce,25954541,1789134263,2026-09-11T13:44:23Z,226686,6232417720,250000000,211311380,3,144456,629908562,21289755,379908562
sep11-window,0xdb8a4e29ce4973449eb05bcc6bf98dbdffd8714ef48dd662da404478954f16c8,25954541,1789134263,2026-09-11T13:44:23Z,226687,6232417720,250000000,211311380,3,144456,629908562,21289755,379908562
sep11-window,0x9daf4b499a59b894477870d7d140a9567d089d9f30077c219aa8448b4da7d1ff,25954543,1789134287,2026-09-11T13:44:47Z,226688,6299085620,250000000,212897550,3,144456,623375658,22602312,373375658
sep11-window,0x67d9e8923498b4b546fe4621c0e05613866945feaf39d03d25b6146b4102312e,25954545,1789134311,2026-09-11T13:45:11Z,226689,6297282900,250000000,226023120,3,144456,599379115,20128540,349379115
sep11-window,0xd8034e4b91108f28976cbbc3b252dd32e2232f1a05e8ac1545bd754f406b0c25,25954545,1789134311,2026-09-11T13:45:11Z,226690,6297282900,250000000,226023120,3,144456,599379115,20128540,349379115
sep11-window,0x948610f2413254d37c9a8aca440b15dcd0840203c9480222eecf2e5d8fe98355,25954545,1789134311,2026-09-11T13:45:11Z,226691,6233756580,250000000,226023120,3,144456,599379115,20128540,349379115
sep11-window,0x36bf6d5032c0836fe5a031345905e82c3fa4d7d539d0695f75f384a0166872cb,25954547,1789134335,2026-09-11T13:45:35Z,226692,5993791150,250000000,201285400,3,144456,612227748,22602310,362227748
sep11-window,0x4cf359ac6269cf9ede9898c175bffe0f65b406b891d461b1bc31d7b4b5badeae,25954548,1789134347,2026-09-11T13:45:47Z,226693,6114696800,250000000,208954220,3,144456,586264832,24357382,336264832
sep11-window,0x9f174546fba7eb4ff127728f1b91ac2b73278a0d92b5d233c367883eb52c7b01,25954549,1789134359,2026-09-11T13:45:59Z,226694,6114696800,250000000,208954220,3,144456,582674628,21529912,332674628
sep11-window,0xde961f9ff018b1d4beafbf61ed9536a9b535331e4f4fdf4060e91e584ca7aa5d,25954552,1789134395,2026-09-11T13:46:35Z,226695,5862648320,250000000,243573820,3,144456,608392999,17138980,358392999
sep11-window,0x1bc21f34eccd0c8a4e31634ea047133b10c9df15162fc81654f53e175eef3a71,25954552,1789134395,2026-09-11T13:46:35Z,226696,5862648320,250000000,243573820,3,144456,608392999,17138980,358392999
sep11-window,0x6b29d0a1ca9411ac5d4b847ceff854642893d34f373c3aa25ae1960851045d53,25954552,1789134395,2026-09-11T13:46:35Z,226697,5604337680,250000000,199040090,3,144456,608392999,17138980,358392999
sep11-window,0x935895430d470252cee1f312fbfb5370b8045f9fe326f953c10093bdde02bb85,25954553,1789134407,2026-09-11T13:46:47Z,226698,5687794040,250000000,170112880,3,144456,629431616,18539015,379431616
sep11-window,0x6be1d51e09e849735c68f7dd54ccd38f148565fe691f1cd6923c6a1efb3753db,25954554,1789134419,2026-09-11T13:46:59Z,226699,6083929990,250000000,171389800,3,144456,663597812,19681984,413597812
sep11-window,0xfdc0ae0c45474e084791629d90639bb52eee0d54856fde77d6c42a68041f06fd,25954556,1789134443,2026-09-11T13:47:23Z,226700,6294316160,250000000,185390150,3,144456,677569083,19978570,427569083
sep11-window,0x5cfb2014e5e1ee2a63d730b39b3997a2ca7909d26b2159d36399158eda27aa42,25954556,1789134443,2026-09-11T13:47:23Z,226701,6294316160,250000000,185390150,3,144456,677569083,19978570,427569083
sep11-window,0x4acf0db2670a3a45b4cc264175ea6c8d73fc8f7265c3bcbc09fa8c12d829b29a,25954557,1789134455,2026-09-11T13:47:35Z,226702,6775690830,250000000,199785700,3,144456,683818662,21449554,433818662
sep11-window,0x692d19507c4e746e4d2a17a86bfee7af518279ef174aaab5f0ba6c0838a9bc1f,25954559,1789134479,2026-09-11T13:47:59Z,226703,6775690830,250000000,199785700,3,144456,681425682,22266766,431425682
sep11-window,0x1774132bd9c803995ca800ad8eec6c6d1a81c21fda2f5b6cde4eb59122c8143c,25954559,1789134479,2026-09-11T13:47:59Z,226704,6838186620,250000000,214495540,3,144456,681425682,22266766,431425682
sep11-window,0x18cffda2fad057e751dd2fc54505a72b0adbc0bc69e690638c80fb88e1d089ed,25954561,1789134503,2026-09-11T13:48:23Z,226705,7031206890,250000000,222667660,3,144456,701780217,23906226,451780217
sep11-window,0xef6e2a3d5d7ee8e5531c4c849f51ce9b3f38c3aadd4018280a532438df7e0cd6,25954561,1789134503,2026-09-11T13:48:23Z,226706,7332185720,250000000,239062260,3,144456,701780217,23906226,451780217
sep11-window,0xe9e3b59ba2e6ca95fe5d28490b0b19f3a14ca1cb953eff63e6195fc43dad7922,25954562,1789134515,2026-09-11T13:48:35Z,226707,7332185720,250000000,239062260,3,144456,732386858,25003321,482386858
sep11-window,0x525869a079cfb0ec8177394f4fd70f5706d72b8c0c270a34d320cc5270e2ecdc,25954587,1789134815,2026-09-11T13:53:35Z,226708,7323868580,250000000,250033210,3,144456,2362819136,44972613,2112819136
sep11-window,0xf502ddbd906c836f951f0dcb5294078b195985d80644c070ca1d6ecbe0964448,25954587,1789134815,2026-09-11T13:53:35Z,226709,7323868580,250000000,250033210,3,144456,2362819136,44972613,2112819136
sep11-window,0x5a1fd3a4fc924d175a48cb0b2781fd3dd3a894c7a6d46f22e4dd39ec1b1dede3,25954587,1789134815,2026-09-11T13:53:35Z,226710,7776370300,250000000,269448320,3,144456,2362819136,44972613,2112819136
sep11-window,0xd85e276a003ed002879d7850571d5c32ce8f26f8f6a6a3d1feb05773e499d7d8,25954587,1789134815,2026-09-11T13:53:35Z,226711,7666347770,250000000,279714100,3,144456,2362819136,44972613,2112819136
sep11-window,0xe24047cf059aa2d243afcd8e0530ae2bb5565a95caf93715beffdd169dfce9b2,25954587,1789134815,2026-09-11T13:53:35Z,226712,8060731600,250000000,300308920,3,144456,2362819136,44972613,2112819136
sep11-window,0xd2059ec00fca874d409b6112a68a907f90a0521da07bfaa50ba22b5b8ff139e8,25954587,1789134815,2026-09-11T13:53:35Z,226713,8060731600,250000000,300308920,3,144456,2362819136,44972613,2112819136
sep11-window,0xa09fec443b47c313ee28456763b0a024e6c9b2b20269b80f621cd4c913e89a79,25954589,1789134839,2026-09-11T13:53:59Z,226714,23628191360,250000000,449726130,3,144456,2557609115,52620077,2307609115
sep11-window,0x3257db313b940e46531c59b81304e405ac85581f6b86a4066d755b0c3fc18191,25954592,1789134875,2026-09-11T13:54:35Z,226715,25261512170,250000000,486462990,3,152885,2598739779,66101106,2348739779
sep11-window,0xf1a1e673750b14a7d4e9fb2417de5214adb9108257b971fd155e59e751c628b6,25954592,1789134875,2026-09-11T13:54:35Z,226716,25261512170,250000000,486462990,3,144456,2598739779,66101106,2348739779
sep11-window,0xd07b7155cf715c0af2e2d3690b5279003a09526cd8f2f42f9839f41f6708e76c,25954592,1789134875,2026-09-11T13:54:35Z,226717,25576091150,250000000,526200770,3,144456,2598739779,66101106,2348739779
sep11-window,0xbc5cfd7396c14718fa5bf1b2e4c194a7552c6142a149fade57606b026e69f200,25954592,1789134875,2026-09-11T13:54:35Z,226718,25959012720,250000000,569184630,3,144456,2598739779,66101106,2348739779
sep11-window,0xec2be1c99aa37611bcae1f6a809a620025834ce79addfa4a2e152becfa70a1ab,25954592,1789134875,2026-09-11T13:54:35Z,226719,25959012720,250000000,569184630,3,144456,2598739779,66101106,2348739779
sep11-window,0xb0fbbe0e9a9f4e74d99fcc8b83ec1a620b4a297b4f59e637c10d259538b887ec,25954594,1789134899,2026-09-11T13:54:59Z,226720,25987397790,250000000,661011060,3,144456,2239726483,71500718,1989726483
sep11-window,0x78e7de2c1f99db311faa98ef52c94e600f8f12ce6f13863481c20a97f1039309,25954594,1789134899,2026-09-11T13:54:59Z,226721,25987397790,250000000,661011060,3,144456,2239726483,71500718,1989726483
sep11-window,0x53e8c9df519215f944591c5c980a00a42bb93b811eb0840e3c19a0d8a290816f,25954594,1789134899,2026-09-11T13:54:59Z,226722,24080286170,250000000,715007180,3,144456,2239726483,71500718,1989726483
sep11-window,0xe68b3cbe2b2ee3c394b1dde79a496b6fcf0c159d85fa89b9b4786e34f652fd18,25954595,1789134911,2026-09-11T13:55:11Z,226723,24080286170,250000000,715007180,3,144456,2487308232,77341410,2237308232
sep11-window,0x99ed7aef454f781e341a6efc24f6a6a76fab1d8a332411fe1990872ab05bdfcf,25954598,1789134947,2026-09-11T13:55:47Z,226724,22397264830,250000000,715007180,3,144456,2141234211,83346979,1891234211
sep11-window,0xa0c1be31a671a8fed504693fdd4be62e8a04eac102a0cefcd37f2c2162ad66a5,25954598,1789134947,2026-09-11T13:55:47Z,226725,22397264830,250000000,715007180,3,144456,2141234211,83346979,1891234211
sep11-window,0x15d9d43648ac083ebaaba78b33d7e343c153587e50f89ea81cf595c358c1ecca,25954598,1789134947,2026-09-11T13:55:47Z,226726,24873082320,250000000,773414100,3,144456,2141234211,83346979,1891234211
sep11-window,0x422597e1dd095913f92672ca6ef3a34b77b0f5361c1922bf3554a10cf5b9fa4b,25954599,1789134959,2026-09-11T13:55:59Z,226727,24930050340,250000000,833469790,3,144456,2377304188,89483661,2127304188
sep11-window,0x6faec029ae4e9bca7d96aafaa7a363b9eecbc3cfb9c2afeeb5e2bf8feb8d5b09,25954599,1789134959,2026-09-11T13:55:59Z,226728,24930050340,250000000,833469790,3,144456,2377304188,89483661,2127304188
sep11-window,0x6fa2cf61c399429c29baef0acd9d7c9709eea052ff26b26d27c114d48d752ecd,25954601,1789134983,2026-09-11T13:56:23Z,226729,21412342110,250000000,833469790,3,144456,2628595499,103532190,2378595499
sep11-window,0xb6c0af6fb7dec80f04ba0c87ceba619f2567d754889a5ad2a16fd3fd6958bae5,25954601,1789134983,2026-09-11T13:56:23Z,226730,21412342110,250000000,833469790,3,144456,2628595499,103532190,2378595499
sep11-window,0x0e4da9ffe8b9d74917909d673acb7ecdb6d23b5fbe2f1ba32a5c16db493a550b,25954601,1789134983,2026-09-11T13:56:23Z,226731,23773041880,250000000,894836610,3,144456,2628595499,103532190,2378595499
sep11-window,0xf94df968f5c28bbf37abdc0aff941c11d4d97fc480ed08157cc4598d1aef1eac,25954601,1789134983,2026-09-11T13:56:23Z,226732,23773041880,250000000,894836610,3,144456,2628595499,103532190,2378595499
sep11-window,0x23872c258d48efc9eaa15ce1c900fd1d11674ca6d420642b643026decc0abdf6,25954602,1789134995,2026-09-11T13:56:35Z,226733,24532816540,250000000,964320770,3,144456,2726771849,111989442,2476771849
sep11-window,0x1714ec8e6d3c269297e02e652fd883d1f7db399566717a54bb9b7c5f832010ee,25954603,1789135007,2026-09-11T13:56:47Z,226734,27267718490,250000000,1119894420,3,144456,2633388882,120685435,2383388882
sep11-window,0x4d928b786550b93fe84937013b833e8a1b51023430dbce3ecb0e943e9177c291,25954604,1789135019,2026-09-11T13:56:59Z,226735,26333888820,250000000,1206854350,3,144456,2559542974,130543887,2309542974
sep11-window,0x467f45e00d1634674f4cfb4a979f61293b0e5da05393789b882e052784a60e08,25954606,1789135043,2026-09-11T13:57:23Z,226736,25595429740,250000000,1305438870,3,144456,2606402828,152742503,2356402828
sep11-window,0x52ad4c7626a7db64a78fc5bb9a8d39695291e2faf1da1207263368432f6694e3,25954607,1789135055,2026-09-11T13:57:35Z,226737,25193575810,250000000,1412076490,3,144456,2525979419,149353899,2275979419
sep11-window,0x777f2cffc94e538b8f0656c0ce7077bd464ae22b31ad96503cd2768c55b3b7bf,25954607,1789135055,2026-09-11T13:57:35Z,226738,25193575810,250000000,1412076490,3,144456,2525979419,149353899,2275979419
sep11-window,0xbdcc9c484c39f40e431d31280b8361c240d479e6d6ff58012934747c86bc1889,25954608,1789135067,2026-09-11T13:57:47Z,226739,25259794190,250000000,1493538990,3,144456,2597719712,151038699,2347719712
sep11-window,0x2077e84cb2263ba31e4d9ce1ac0f3b66b014712887f60db41cbcc327f5f93098,25954609,1789135079,2026-09-11T13:57:59Z,226740,25259794190,250000000,1493538990,3,144456,2596144676,152742503,2346144676
sep11-window,0x7f26b1a7832d6fb51870d14d8971e2efd7feaba411e73aae8aa74040548b067a,25954609,1789135079,2026-09-11T13:57:59Z,226741,25977197120,250000000,1510386990,3,144456,2596144676,152742503,2346144676
sep11-window,0xf652a8982cc5e743dc4b489fbbf90f61f9e41ffae33bf4d54675e63415bf6120,25954610,1789135091,2026-09-11T13:58:11Z,226742,25977197120,250000000,1510386990,3,144456,2672812588,144411427,2422812588
sep11-window,0x5c38293f61295b03d1eedf519e39aa4954ca1c242deea5d885c00e023852003a,25954613,1789135127,2026-09-11T13:58:47Z,226743,25961446760,250000000,1527425030,3,144456,2704146975,129571276,2454146975
sep11-window,0x5c57c9c274d23050fc641d64881dc87fb2542008e5055f95b27a0bdb340837e0,25954614,1789135139,2026-09-11T13:58:59Z,226744,25961446760,250000000,1527425030,3,144456,2799270601,131523777,2549270601
sep11-window,0x22cd1e558bd50734abfb574499411c97a3a45f96005b6701b477dd5862c7607b,25954614,1789135139,2026-09-11T13:58:59Z,226745,26728125880,250000000,1444114270,3,144456,2799270601,131523777,2549270601
sep11-window,0x7931700bb06f7d8f6f275fa7c3123b54a2e1167ff6b10c6cc47f7dc1d46079de,25954614,1789135139,2026-09-11T13:58:59Z,226746,26139876340,250000000,1295712760,3,144456,2799270601,131523777,2549270601
sep11-window,0x30a416ef625d5ffe8b1f57a8a7389f3fc15952ee41eb96c2a74a875b1289c456,25954621,1789135223,2026-09-11T14:00:23Z,226747,27041469750,250000000,1295712760,3,144456,3424532619,142267570,3174532619
sep11-window,0xe03459c317bc8caca7089f8b42d89235f0b7ebb86d5f881b1d2c082b0fed8429,25954621,1789135223,2026-09-11T14:00:23Z,226748,27992706010,250000000,1315237770,3,144456,3424532619,142267570,3174532619
sep11-window,0x312c9a88ebce8edfdfeece95bd4bf5ebe59755596fa7bc4097ef33dcd593b90c,25954621,1789135223,2026-09-11T14:00:23Z,226749,31169266590,250000000,1417366130,3,144456,3424532619,142267570,3174532619
sep11-window,0x7e6d194a4bddef4a37e8c88023e34b049df4d7cd1f9f7f78ffb507582b0a1826,25954622,1789135235,2026-09-11T14:00:35Z,226750,31188692720,250000000,1417366130,3,152873,3821064096,153889007,3571064096
sep11-window,0x4d9b601fb12b7582192d66977191a28a075a63ec68f1c7130a5cc09df4b69a8c,25954622,1789135235,2026-09-11T14:00:35Z,226751,32039216400,250000000,1422675700,3,144456,3821064096,153889007,3571064096
sep11-window,0x89fc0c0ac35be6ffd50a11b02d054c9a0c658b25215ee8784d187318dfa741b0,25954622,1789135235,2026-09-11T14:00:35Z,226752,32039216400,250000000,1422675700,3,144456,3821064096,153889007,3571064096
sep11-window,0x749c7343c8ca724536a305ac044598a332f6f489ba2e20708986e52a827800f3,25954624,1789135259,2026-09-11T14:00:59Z,226753,38210640960,250000000,1538890070,3,144456,4296095639,178715884,4046095639
sep11-window,0x1c842e5ec9aac153c36a3f011870a8b28d731f3570bd4b61e142bd866233bb8a,25954624,1789135259,2026-09-11T14:00:59Z,226754,41217084700,250000000,1658385050,3,144456,4296095639,178715884,4046095639
sep11-window,0x8a50e6b58a15dc8ab4b35381aa3564b8250581c799bec674dcda8d97c1f9e716,25954625,1789135271,2026-09-11T14:01:11Z,226755,42960956390,250000000,1787158840,3,144456,4339849324,193314680,4089849324
sep11-window,0x296ef797e8dcc64a4d551364372f8a2b21f9566a956f8986905966e61097f666,25954627,1789135295,2026-09-11T14:01:35Z,226756,43398493240,250000000,1933146800,3,144456,4458726508,225343116,4208726508
sep11-window,0x678e4607c49aa7d8ad796e5386226b8af1916d67926d6d8ef3fcfd791f7356db,25954628,1789135307,2026-09-11T14:01:47Z,226757,44587265080,250000000,2253431160,3,144456,4620027687,242841035,4370027687
sep11-window,0x72c40b66c78e36da1b391df86be304749a69a2ec557ccdae05caafd9ff04df0c,25954629,1789135319,2026-09-11T14:01:59Z,226758,46200276870,250000000,2428410350,3,144456,4612942070,261697669,4362942070
sep11-window,0x6fcaaa909522b3375ad5e8f8b122bbd25931785c7ecce710ed9cd435a2198382,25954631,1789135343,2026-09-11T14:02:23Z,226759,46129420700,250000000,2616976690,3,144456,4720204153,306198611,4470204153
sep11-window,0xb627e53bbd2c39430136bcb7b3584b272f0b9777b733a177234b825faa0ce9fb,25954632,1789135355,2026-09-11T14:02:35Z,226760,47674424650,250000000,2830750130,3,144456,4854865439,327516534,4604865439
sep11-window,0x974d6583ceb29a2e46b89d699bee5c9533d7a40e2c0c1ff061439bd4095a45ec,25954633,1789135367,2026-09-11T14:02:47Z,226761,48548654390,250000000,3275165340,3,144456,4958795275,354270435,4708795275
sep11-window,0x813fad108d18a24f3c77d32c4c83583bc01eaf50aa1fa467ed67ae5d5615ed04,25954636,1789135403,2026-09-11T14:03:23Z,226762,48548654390,250000000,3275165340,3,144456,5498708405,333697279,5248708405
sep11-window,0x189e306258571c5fc950a181cfd6c1ed735006aaeb0e4e980c044d15e6d2d69a,25954636,1789135403,2026-09-11T14:03:23Z,226763,49587952750,250000000,3542704350,3,144456,5498708405,333697279,5248708405
sep11-window,0x01f52a1e4afefac8c98a9ab9764894ccb6e155a562e932dce0c532ed5936d0bd,25954636,1789135403,2026-09-11T14:03:23Z,226764,49587952750,250000000,3542704350,3,144456,5498708405,333697279,5248708405
sep11-window,0x9ce02aea6f7b6e4ae9e2b195bc332288cc6db92bd03e1b723f24e6302c65b136,25954636,1789135403,2026-09-11T14:03:23Z,226765,52093750900,250000000,3705284720,3,144456,5498708405,333697279,5248708405
sep11-window,0x57d292cc888d7ad5386e059df2c9b6ed315e8e1c29ebfe1e9336a1ae059bb59e,25954636,1789135403,2026-09-11T14:03:23Z,226766,52093750900,250000000,3705284720,3,144456,5498708405,333697279,5248708405
sep11-window,0xbc9892f84e8cdf6c75450d4369d38220d158b78cf50ff63959310156b1a331b3,25954637,1789135415,2026-09-11T14:03:35Z,226767,53887582280,250000000,3202505550,3,144456,6153500480,349011181,5903500480
sep11-window,0x18b97b50b072c1138f6279fcb8a12f32762bfeea38f1a5007ca9c260ea7e7a4b,25954637,1789135415,2026-09-11T14:03:35Z,226768,53887582280,250000000,3202505550,3,144456,6153500480,349011181,5903500480
sep11-window,0x8daba2d5e9083cda32ea996e72fb840b8b1e2a69af7dee7ca5bb4175f78abe7d,25954638,1789135427,2026-09-11T14:03:47Z,226769,61535004800,250000000,3490111810,3,144456,6257587261,376111938,6007587261
sep11-window,0xbb7536400cb4379a5b3dc6c284700bc888ed014b9e090050090e46ee6f9a1a40,25954640,1789135451,2026-09-11T14:04:11Z,226770,61535004800,250000000,3490111810,3,144456,6104495611,343830001,5854495611
sep11-window,0xce51e9421fba2e7bb4b3cdca4fc1699f659733d8995301a5175ee0328a39db6a,25954640,1789135451,2026-09-11T14:04:11Z,226771,62575872610,250000000,3761119380,3,144456,6104495611,343830001,5854495611
sep11-window,0xfc15d621fb3cf3cbf4d920145ef29da2c297171aa872039d490eb334e03f9b73,25954640,1789135451,2026-09-11T14:04:11Z,226772,62575872610,250000000,3761119380,3,144456,6104495611,343830001,5854495611
sep11-window,0x463c6b51e4b58f7f32cb3359e5ffc205ef66bda2c9b39d62848e37f04863c9bf,25954641,1789135463,2026-09-11T14:04:23Z,226773,65539572850,250000000,4022973120,3,144456,6512260376,371916503,6262260376
sep11-window,0xd39ebac793cf7b2af507344f04597bcde7950e2eb15611368e7972e59777bae4,25954641,1789135463,2026-09-11T14:04:23Z,226774,65539572850,250000000,4022973120,3,144456,6512260376,371916503,6262260376
sep11-window,0x0ac90a7af88c9513b744972937302298cc529227ee8f4a1f23ef36b726255ea6,25954642,1789135475,2026-09-11T14:04:35Z,226775,61044956110,250000000,3438300010,3,144456,6476891782,402297312,6226891782
sep11-window,0xaf91d6115b178ef9656fabd93b7f57b3a45131883962c08e4ed8688e144ed11a,25954642,1789135475,2026-09-11T14:04:35Z,226776,61044956110,250000000,3438300010,3,144456,6476891782,402297312,6226891782
sep11-window,0x7a08edbd937d7eb29b2ae092ab46f686536f8815f1ad832bfd4e2b37cba850b2,25954643,1789135487,2026-09-11T14:04:47Z,226777,61044956110,250000000,3438300010,3,144456,6551753498,430305744,6301753498
sep11-window,0x1556bd5245d699a773074652a6b684387191cff8bf795fbc81d0069bf4b252be,25954643,1789135487,2026-09-11T14:04:47Z,226778,64768917820,250000000,4022973120,3,144456,6551753498,430305744,6301753498
sep11-window,0x742db96ba1e5bcb1a09536e1408428bc24337e936dedf128220e06e63e0a6e3a,25954644,1789135499,2026-09-11T14:04:59Z,226779,64768917820,250000000,4022973120,3,144456,6547188009,460264158,6297188009
sep11-window,0xa0c3932485335e27096c7f7dcf52e546b7b3d3f96eeb03b94647b6d782263307,25954645,1789135511,2026-09-11T14:05:11Z,226780,65517534980,250000000,4303057440,3,144456,6328281565,486816736,6078281565
sep11-window,0xa37257643e15943d37e3bc6bfd506fa11ab1bcf8692e1781b37f57ba1035c369,25954645,1789135511,2026-09-11T14:05:11Z,226781,65471880090,250000000,4602641580,3,144456,6328281565,486816736,6078281565
sep11-window,0x60d321163f2d61d0ee14eb3cd9f6f8509a8789bc854183b3f04e99383d6b6076,25954646,1789135523,2026-09-11T14:05:23Z,226782,65471880090,250000000,4602641580,3,144456,6337390199,514901128,6087390199
sep11-window,0x3461cfb772fd7c9af6b6d3685fc288b13228ac85c87dc42bd3ca8970be315e71,25954647,1789135535,2026-09-11T14:05:35Z,226783,63282815650,250000000,4868167360,3,144456,5776371500,532523588,5526371500
sep11-window,0x5078220f9f7e4064f2c96bac55a1554a9d90f1c464755cfae34f31eb6214acde,25954648,1789135547,2026-09-11T14:05:47Z,226784,63282815650,250000000,4868167360,3,144456,5936950148,520709513,5686950148
sep11-window,0x7512c5e68a4605c77dc8c5dfe25de2c754d8c20adb2edcc49d5e01f23ede9ee9,25954648,1789135547,2026-09-11T14:05:47Z,226785,57763715000,250000000,5325235880,3,144456,5936950148,520709513,5686950148
sep11-window,0xa27fd7aa0ee8290e3cc9f575f5ed7f15515d2aa85920df38a34a4ca94d259fea,25954649,1789135559,2026-09-11T14:05:59Z,226786,57763715000,250000000,5325235880,3,144456,5748357920,550749176,5498357920
sep11-window,0x14b66ff203a09d83c86e9455c88d6ca95f7bd1a2ce30ceb91eafc0aac075f649,25954651,1789135583,2026-09-11T14:06:23Z,226787,59369501480,250000000,5207095130,3,144456,5358723106,476016671,5108723106
sep11-window,0xc92991b415210c055fd5e9fe0140cfbd13a77c495d343c79d323bfda12dabc09,25954651,1789135583,2026-09-11T14:06:23Z,226788,59369501480,250000000,5207095130,3,144456,5358723106,476016671,5108723106
sep11-window,0x967f05e3783d9e2e381adbd11fa2b64612787a9ccfe40b565b00f29364dfb801,25954651,1789135583,2026-09-11T14:06:23Z,226789,57483579200,250000000,5507491760,3,144456,5358723106,476016671,5108723106
sep11-window,0xdec8609364b0e14f9215a330498b40183c671234d0c80563aef26b3e43df4e55,25954652,1789135595,2026-09-11T14:06:35Z,226790,52609321560,250000000,5507491760,3,144456,5444918887,486816736,5194918887
sep11-window,0x0108374284036ea37718807e3225bee05fb2a45be04c6c70693b01b570fd91a3,25954652,1789135595,2026-09-11T14:06:35Z,226791,52609321560,250000000,5507491760,3,144456,5444918887,486816736,5194918887
sep11-window,0x21835acc559870cfa83d4b467efaca10f257941d8211c98457a0eb160178d53a,25954653,1789135607,2026-09-11T14:06:47Z,226792,54449188870,250000000,4868167360,3,152873,5460406325,526583420,5210406325
sep11-window,0xd2340809828e3dd8ba204fcc93f793b3faa9d1edf4838707873969fd525ace99,25954654,1789135619,2026-09-11T14:06:59Z,226793,54449188870,250000000,4868167360,3,144456,5410529494,556961948,5160529494
sep11-window,0xe3d36c1efe1ae705901c59e722f7672fe29ee6e65989fc4d0a81e8462081e094,25954655,1789135631,2026-09-11T14:07:11Z,226794,54604063250,250000000,5265834200,3,144456,4968838743,532523588,4718838743
sep11-window,0x1e04fa3709ab2131791bc03d20ab27131b61998bf817db6c65455a74b65754aa,25954656,1789135643,2026-09-11T14:07:23Z,226795,54105294940,250000000,5569619480,3,144456,5374159366,526583420,5124159366
sep11-window,0x2dc6fcde0f18e9cecd572e74fd5a59e134cd9ed9529fd305c13b8bb65a796b43,25954656,1789135643,2026-09-11T14:07:23Z,226796,54105294940,250000000,5569619480,3,144456,5374159366,526583420,5124159366
sep11-window,0x623741a33c2479e4edc59ac88bd5b35d99fff367808947f381c2c1ca6c676d14,25954657,1789135655,2026-09-11T14:07:35Z,226797,49688387430,250000000,5325235880,3,144444,5415109597,497861837,5165109597
sep11-window,0x481395731ad43e03453a211f9e6980cdbac02107069c39a89c2e20a82207337c,25954658,1789135667,2026-09-11T14:07:47Z,226798,49688387430,250000000,5325235880,3,144444,5305228455,486816736,5055228455
sep11-window,0xabe9b85c0111862ec3da5b783c419cb6dfb6a91413de664dc79c33eb9f22688a,25954658,1789135667,2026-09-11T14:07:47Z,226799,54151095970,250000000,4978618370,3,144456,5305228455,486816736,5055228455
sep11-window,0xc2826e3aefd50abf520829d8d8d75dcdbc0dd51452e721567f64d7777fb30233,25954659,1789135679,2026-09-11T14:07:59Z,226800,54151095970,250000000,4978618370,3,144456,5206191148,520709513,4956191148
sep11-window,0x5ce7b40f8054f0c0b125564a27be335b2a825cef4bab8ff16277151885a38e22,25954660,1789135691,2026-09-11T14:08:11Z,226801,53052284550,250000000,4868167360,3,144456,5074555617,481386416,4824555617
sep11-window,0xb97bc48591711d7e6c42a5b7203766c12e17bac22024468a7df2a478b4f715dc,25954660,1789135691,2026-09-11T14:08:11Z,226802,52061911480,250000000,5207095130,3,144456,5074555617,481386416,4824555617
sep11-window,0x27fe00af508cfb712f19f581989f6e0996794937fc4100342f922775dbd1e761,25954661,1789135703,2026-09-11T14:08:23Z,226803,52061911480,250000000,5207095130,3,144456,5092783531,520709513,4842783531
sep11-window,0x8e9c87d45c2228a31e8d090e899099f99a945881d1a64bd6830f53506c2a5c90,25954662,1789135715,2026-09-11T14:08:35Z,226804,50745556170,250000000,4813864160,3,144456,4926935024,509157534,4676935024
sep11-window,0x0bb6e1cb8c44b1f7a13c91e4eca018f101dd851ebaa6ecd56e1be9c8ffefd393,25954662,1789135715,2026-09-11T14:08:35Z,226805,50745556170,250000000,4813864160,3,144456,4926935024,509157534,4676935024
sep11-window,0xbfe72a64a2a9512e4c5910a374fe8c261eaf031852669b362fc1ebd097cf12b3,25954663,1789135727,2026-09-11T14:08:47Z,226806,49269350240,250000000,5091575340,3,144456,4847390610,514901128,4597390610
sep11-window,0xbe254e1d42edb4adee993a5ed7ce39f2beccbf22d00278fdaa50fc0fb77de4a4,25954664,1789135739,2026-09-11T14:08:59Z,226807,49269350240,250000000,5091575340,3,144456,4676248665,481386416,4426248665
sep11-window,0x68a011d51af7d16e6640227d77345531da6d3cdd8ec8f839ff64e4bb8a87ee04,25954664,1789135739,2026-09-11T14:08:59Z,226808,48473906100,250000000,5149011280,3,144456,4676248665,481386416,4426248665
sep11-window,0xd46a260224cac5df00f6f3254f6dc3a878bfe6c32410960c923d55c959335173,25954665,1789135751,2026-09-11T14:09:11Z,226809,48473906100,250000000,5149011280,3,144456,4626445030,492308312,4376445030
sep11-window,0xffd8a909865ee596e320f6fb0e1f1a475c24b31b70ccfde1b147df33d8715d50,25954666,1789135763,2026-09-11T14:09:23Z,226810,46762486650,250000000,4813864160,3,144456,4803558782,486816736,4553558782
sep11-window,0x0127a3659b05b63a9766e6cfcac08e0b36a01b5098fce50a7a607be79825a1b2,25954666,1789135763,2026-09-11T14:09:23Z,226811,46762486650,250000000,4813864160,3,144456,4803558782,486816736,4553558782
sep11-window,0x7968cfa06ccb505593941cc6cdc68901a7731953d7d70e6892f3d8e27c5cf300,25954667,1789135775,2026-09-11T14:09:35Z,226812,46264450300,250000000,4923083120,3,144456,4764217230,460264158,4514217230
sep11-window,0x65fb09cbcc91cb0e698fed61781d149f4000a7c0336e73702bf0a244b1dafdb0,25954668,1789135787,2026-09-11T14:09:47Z,226813,47642172300,250000000,4602641580,3,144456,4925396793,420759380,4675396793
sep11-window,0x21ad77478cb5110ad29ba1c5b70524292dbf0d47d03b3fb0eb6deb15af7f30c3,25954669,1789135799,2026-09-11T14:09:59Z,226814,47642172300,250000000,4602641580,3,144456,4801937815,450053163,4551937815
sep11-window,0xb700acb2f3105c3bea9173918840a080919dbf9991a8eec9f014917f940c0496,25954669,1789135799,2026-09-11T14:09:59Z,226815,49253967930,250000000,4207593800,3,144444,4801937815,450053163,4551937815
sep4-window,0xf3db184ba0a20f0460b2c4e2ee7a0a47ae33e70a6b249a086bd14245bb744f7f,25903815,1788523211,2026-09-04T12:00:11Z,190657,816768280,1000000,47396810,3,144456,80281218,4938692,79281218
sep4-window,0xc400ca5d81701e7e4686d76bdad7f4886bfd1acd96e8911225b2a9ce145a96ac,25903816,1788523223,2026-09-04T12:00:23Z,190658,802812180,1000000,49386920,3,144456,89413766,5013112,88413766
sep4-window,0x975e6176c424e8e7f44ddb532f2f946dffbc5fdef51ec32694300bba77b1c90d,25903818,1788523247,2026-09-04T12:00:47Z,190659,894137660,1000000,50131120,3,144456,92810774,5107717,91810774
sep4-window,0x9a2344d6e5c1cf4aec27c0bd82d03a89f6f493be9d8ee5dfd62903a204ffddf8,25903820,1788523271,2026-09-04T12:01:11Z,190660,928107740,1000000,51077170,3,144456,96795148,5322181,95795148
sep4-window,0x345be9220e814c1198203654a695cb0577a149f1b5650ea7fed8eceb8933c76b,25903820,1788523271,2026-09-04T12:01:11Z,190661,928107740,1000000,51077170,3,144456,96795148,5322181,95795148
sep4-window,0xb7d29ba7a19b186b28cb5d5a0194b8cb63224d57d792035969f6a65a57cdd14e,25903821,1788523283,2026-09-04T12:01:23Z,190662,988019440,1000000,53221810,3,144456,102644768,5504332,101644768
sep4-window,0x1bfac7cf36cce8594687874d458066ba01d4e752076ea645ab329036201580c0,25903822,1788523295,2026-09-04T12:01:35Z,190663,967951480,1000000,53221810,3,144456,102886453,5566424,101886453
sep4-window,0x8ceab5b7015c46a1acecb1acc9e5d412f1dc80bcece4cc023d335459be4b76b3,25903824,1788523319,2026-09-04T12:01:59Z,190664,1026447680,1000000,55043320,3,144456,100633285,5931744,99633285
sep4-window,0x1b359ef59240dc3ed3392b8d137e59b65e27a9ff5ff3849f9e7b3c76055ac830,25903825,1788523331,2026-09-04T12:02:11Z,190665,1006332850,1000000,59317440,3,144456,96494649,6021129,95494649
sep4-window,0x762b22c5c96bfdc1c2419cf48743c63e3ac4fc6e8e6c391c2f05c5e71f7068c1,25903826,1788523343,2026-09-04T12:02:23Z,190666,1006332850,1000000,59317440,3,144456,105005842,5629216,104005842
sep4-window,0xe006e9f2e81a5417d623c3fe97462a7c7c90d253ae7ff4bde8893b78e7e9af93,25903827,1788523355,2026-09-04T12:02:35Z,190667,964946490,1000000,60211290,3,144456,101720026,5692717,100720026
sep4-window,0x11a3a3a7223ba0091177f69ca548cc677b97d6f950801c733d6972293fdc0844,25903828,1788523367,2026-09-04T12:02:47Z,190668,1050058420,1000000,56292160,3,144456,100740064,5931744,99740064
sep4-window,0x86a9e82bb19de4d70a7eacc12b89a66a8c5252a4c81270471817c026be5e6fe8,25903830,1788523391,2026-09-04T12:03:11Z,190669,1050058420,1000000,56292160,3,144456,102168285,6021129,101168285
sep4-window,0x29e6bc6634a884cf00785a585eb2f6d6ff03dd98e0c5e13ff5b98fa9b39b5ee3,25903830,1788523391,2026-09-04T12:03:11Z,190670,1007400640,1000000,59317440,3,144456,102168285,6021129,101168285
sep4-window,0xd559900a0aa81df5346e8608b45a33efb1681fb1d7a3a520bcfff7105eaeed13,25903830,1788523391,2026-09-04T12:03:11Z,190671,1007400640,1000000,59317440,3,144456,102168285,6021129,101168285
sep4-window,0xf82d660c626f8d58ed94b31e0d950aa17c1e5993d91c73a6d234fb334f047c54,25903831,1788523403,2026-09-04T12:03:23Z,190672,1044778890,1000000,60211290,3,144456,103570696,6297448,102570696
sep4-window,0xd6676cfc8572d310a880932fc8fdad13afeddaeb6b9461a933f7d2e0821ce8c2,25903831,1788523403,2026-09-04T12:03:23Z,190673,1044778890,1000000,60211290,3,144456,103570696,6297448,102570696
sep4-window,0x6cffb4daf4663bdb6417d9459144a0295e912a3aeba1f05e666b861210f4eff3,25903832,1788523415,2026-09-04T12:03:35Z,190674,1021682850,1000000,60211290,3,144456,103050065,6635888,102050065
sep4-window,0x4ac645ccb6d0008c4744bdfbd9fd5312a8cd62b780d8a7a6ee2951752b1f7594,25903832,1788523415,2026-09-04T12:03:35Z,190675,1021682850,1000000,60211290,3,144456,103050065,6635888,102050065
sep4-window,0xb492f05b8ad2352484d69c336bd887b7307d5cf1f3762e739e4ea3be36c89e44,25903833,1788523427,2026-09-04T12:03:47Z,190676,1035706960,1000000,62974480,3,144456,104059830,6203960,103059830
sep4-window,0x8eb9384410f9b9062c18e9062784f8145853d86dc2e4f8258fc2f6feb3e9e7e5,25903834,1788523439,2026-09-04T12:03:59Z,190677,1040598300,1000000,62039600,3,144456,103027186,6273945,102027186
sep4-window,0x561a07b55aa353dcfc612a76932482b745ed2d651aa6550c3472d4c2e9211a14,25903834,1788523439,2026-09-04T12:03:59Z,190678,1040598300,1000000,62039600,3,144444,103027186,6273945,102027186
sep4-window,0xbe1aa69a41712eb08fa34e7804f7114bbd90e9636aa7c591faa0af8e20446e9e,25903835,1788523451,2026-09-04T12:04:11Z,190679,1030271860,1000000,62739450,3,144444,104429703,6561866,103429703
sep4-window,0xd9e8602db799c1796e0e7ed12780de6b02c95908965da1d3d19e636a49d6fa8c,25903836,1788523463,2026-09-04T12:04:23Z,190680,1030271860,1000000,62739450,3,144456,103633362,5800147,102633362
sep4-window,0xb13b00bb4161239b7ba81c76d9ddada24f95b70e6048289aa4b6a207c0ca59d2,25903836,1788523463,2026-09-04T12:04:23Z,190681,1044297030,1000000,65618660,3,144456,103633362,5800147,102633362
sep4-window,0x0c9e9eeb6723078adb6677a3b3c48fc706665d4b63f8e7923c47e2852829910a,25903837,1788523475,2026-09-04T12:04:35Z,190682,1044297030,1000000,65618660,3,144456,102825276,6157738,101825276
sep4-window,0x8577e681263555c13ac01e4611e5c14519f605b8c3ec2134314d301ac58dba19,25903838,1788523487,2026-09-04T12:04:47Z,190683,1036333620,1000000,58001470,3,144456,101769393,6273944,100769393
sep4-window,0xd42639cfb7351edbd03c3007c4aa62e65ae4fde45aa29ebb34eef367badc9994,25903840,1788523511,2026-09-04T12:05:11Z,190684,1036333620,1000000,58001470,3,152885,102518159,5524950,101518159
sep4-window,0xf030ef291ec7996be5f94f9b671feeb4fb89a79f6169be3bb0710f49d6940a23,25903840,1788523511,2026-09-04T12:05:11Z,190685,1017693930,1000000,62739440,3,144456,102518159,5524950,101518159
sep4-window,0xb652a07dd5e27fc0ae2ac84bea8c45514ef08fa977d3f65e6af7a59007b81a61,25903841,1788523523,2026-09-04T12:05:23Z,190686,1023729620,1000000,64644520,3,144456,108372763,5735447,107372763
sep4-window,0xd7957f2e77abd0d42a6e9035b94ce393e425bb4d91c662618a6e66c49e33956e,25903843,1788523547,2026-09-04T12:05:47Z,190687,1083727630,1000000,57354470,3,144456,108957556,6043683,107957556
sep4-window,0xd8cf639713da4f11c82a22033dac033db255be1024c2ef2b7a9241c6ffa8b6fb,25903844,1788523559,2026-09-04T12:05:59Z,190688,1089575560,1000000,60436830,3,144456,113189337,6111860,112189337
sep4-window,0x6a112734a45dd02531f665be8986d590ab5bea3fce5d555268eae197e5126c41,25903845,1788523571,2026-09-04T12:06:11Z,190689,1089575560,1000000,60436830,3,144456,111004780,6180805,110004780
sep4-window,0x20ec647d79e15a71660e247bf01385c76b4b75d6af5de2359d278e61647943c6,25903845,1788523571,2026-09-04T12:06:11Z,190690,1131893370,1000000,61118600,3,144456,111004780,6180805,110004780
sep4-window,0x7053431dac23708712b259197252b9afb736a42a13a665a6d8ccc4e5b06b412d,25903846,1788523583,2026-09-04T12:06:23Z,190691,1131893370,1000000,61118600,3,144456,116989823,6464452,115989823
sep4-window,0x8be2f518f979ce85bea00355c00eb360af5b212c1db87da06b38fe13023123a1,25903847,1788523595,2026-09-04T12:06:35Z,190692,1110047800,1000000,61808050,3,144456,116294530,6561864,115294530
sep4-window,0x80dbaed6865d941ea591d5d19958bfcbb0993ee4173cc4bf6c41dd3087ed4366,25903848,1788523607,2026-09-04T12:06:47Z,190693,1110047800,1000000,61808050,3,144456,119940366,6660745,118940366
sep4-window,0x5897082bb00906e4dac2544a20c1a7ba9a6b2cced518485907165e0d1844778b,25903848,1788523607,2026-09-04T12:06:47Z,190694,1169898230,1000000,64644520,3,144456,119940366,6660745,118940366
sep4-window,0x80aea0a0676e679fe83eff5683c8bc0f7edbe2bd1e1fb905e918424a6f00cec9,25903849,1788523619,2026-09-04T12:06:59Z,190695,1199403660,1000000,66607450,3,144456,119745957,6888708,118745957
sep4-window,0x4d89905e832caa26ad1ba2cf4ad3b7fc9a7c73437470df667f4111ea51e12023,25903850,1788523631,2026-09-04T12:07:11Z,190696,1199403660,1000000,66607450,3,144456,111308566,7124474,110308566
sep4-window,0x2474528aaea4c9715f695943497bccbea2e218083a311a6b8223a40771453ab1,25903853,1788523667,2026-09-04T12:07:47Z,190697,1197459570,1000000,68887080,3,144456,109921516,5566421,108921516
sep4-window,0xefd5bc22ce9a8a083a79a3a1119867c497dcdf13117d2ac53cdbee12dd3f4c97,25903853,1788523667,2026-09-04T12:07:47Z,190698,1113085660,1000000,71244740,3,144456,109921516,5566421,108921516
sep4-window,0xc6d48efd940f4b79ead59cc7be85bff1251bc2e1437c7630c603361f8989173d,25903853,1788523667,2026-09-04T12:07:47Z,190699,1113085660,1000000,71244740,3,144456,109921516,5566421,108921516
sep4-window,0xcabbe4d64b2ebc93a3902b14f94b9748e546d07443963b5fe4f033d08fcee909,25903853,1788523667,2026-09-04T12:07:47Z,190700,1021890370,1000000,63684850,3,144456,109921516,5566421,108921516
sep4-window,0xebf55e2b4c37fb51c72b427c409a16bd0663285ad280848b8dbf5674cf76872e,25903854,1788523679,2026-09-04T12:07:59Z,190701,1099215160,1000000,55664210,3,144456,119486574,5887547,118486574
sep4-window,0xb1348b927dcb5644cb41a27e8f27d1cee895f5f2122ad582980635f5ad937177,25903855,1788523691,2026-09-04T12:08:11Z,190702,1194865740,1000000,58875470,3,144456,122308889,6111858,121308889
sep4-window,0xdf8abbf63c99c8de1441a4d8c06ffcc0a8069ee8d6e3c858428fa18ca39273d6,25903857,1788523715,2026-09-04T12:08:35Z,190703,1223088890,1000000,61118580,3,144456,128255712,6344716,127255712
sep4-window,0x4cc311c337353b7f92b6478c7c80315e899e5cd535fd7360a6cf51079afe5f22,25903859,1788523739,2026-09-04T12:08:59Z,190704,1246215490,1000000,61808040,3,144456,127431539,6735880,126431539
sep4-window,0x8c2b1e5c48cd501a7f91711f4e0d0b75bbe6b47d7060574daae334fd5f8ed6c4,25903859,1788523739,2026-09-04T12:08:59Z,190705,1246215490,1000000,61808040,3,144456,127431539,6735880,126431539
sep4-window,0xcaba88ef5d294b8b3f774aa1e28814f2b1c460b2831f2beb803c5400ec57e56f,25903859,1788523739,2026-09-04T12:08:59Z,190706,1314993650,1000000,64403240,3,144456,127431539,6735880,126431539
sep4-window,0xe94a15ce82ac4385696045a57f3e9a3e523b154830ecd615659ae25faa8f184f,25903860,1788523751,2026-09-04T12:09:11Z,190707,1274315390,1000000,67358800,3,144456,125579811,7124473,124579811
sep4-window,0xcf1b523939b4670ac50951bf853b670fc34353cecade9538364a805dd881fbb1,25903861,1788523763,2026-09-04T12:09:23Z,190708,1274315390,1000000,67358800,3,144456,128207937,7286116,127207937
sep4-window,0x10937bba401d483085017a664de631785fcd7d2b443dd5ca417643dbc0ebffc7,25903862,1788523775,2026-09-04T12:09:35Z,190709,1255798110,1000000,71244730,3,144456,128258146,7592046,127258146
sep4-window,0x1cdb4a861eca274ad0e2dfa139dc89088f388abd4e4d2d268945fcea7416f8a1,25903862,1788523775,2026-09-04T12:09:35Z,190710,1255798110,1000000,71244730,3,144456,128258146,7592046,127258146
sep4-window,0xbb8443bda213b982876004a7c9ce23f1f9fa5798aadbfaf0580aab751f31c43b,25903863,1788523787,2026-09-04T12:09:47Z,190711,1282079370,1000000,72861160,3,144456,124199288,8090306,123199288
sep4-window,0x4b4720533c2f9e4e75997e0e4086e2204d85ed257ee09a1da821dfdd67d06257,25903866,1788523823,2026-09-04T12:10:23Z,190712,1241992880,1000000,80903060,3,144456,121166645,7286115,120166645
sep4-window,0x512791eb43ff65140db131865df03648c419e10054f3780e27064bb3c4c2175b,25903866,1788523823,2026-09-04T12:10:23Z,190713,1226923620,1000000,72318310,3,144456,121166645,7286115,120166645
sep4-window,0xe37b9ee97e351b355ab851dffc71e5e2b8ce50b9e7250581c9439b72e1ed4267,25903867,1788523835,2026-09-04T12:10:35Z,190714,1242917410,1000000,72861150,3,144456,110818850,7764297,109818850
sep4-window,0xa18c316baca6d26c82b2803d8454383d94b69d633708104d12e0786efe2e81b0,25903873,1788523907,2026-09-04T12:11:47Z,190715,1211666450,1000000,72861150,3,144456,115811661,6440323,114811661
sep4-window,0xdaa62730c875f82f357a66b8c6a150f3667b3944b342ae14b2bd4e968089cdbb,25903873,1788523907,2026-09-04T12:11:47Z,190716,1108188500,1000000,77642970,3,144456,115811661,6440323,114811661
sep4-window,0x4d808edbf96cee799dca180da4d0d82eafc0e1a4fae0f556378250e9e8c2b673,25903873,1788523907,2026-09-04T12:11:47Z,190717,1305432590,1000000,71779500,3,152885,115811661,6440323,114811661
sep4-window,0x3f74eba6e5830b58c5833d99fd4233e421a93c171c8673e0e4c7208e964552c2,25903873,1788523907,2026-09-04T12:11:47Z,190718,1164178190,1000000,71779500,3,144456,115811661,6440323,114811661
sep4-window,0xb8e37a48835360783c0b7a4715bf9e0c54c9cb4d0ad0069352e21fcc1b53945d,25903874,1788523919,2026-09-04T12:11:59Z,190719,1052540150,1000000,73408070,3,144444,122384157,6914511,121384157
sep4-window,0x8abef28a07d59400a419085b34a75d629ad4620743489809992a72f3a9f44da2,25903874,1788523919,2026-09-04T12:11:59Z,190720,1158116610,1000000,64403230,3,144456,122384157,6914511,121384157
sep4-window,0xb849b248c9c8d2e106e329c6d5bd510288cdf87b2ebce5faaed597f6b55652d3,25903876,1788523943,2026-09-04T12:12:23Z,190721,1223841570,1000000,69145110,3,144456,117518617,7177949,116518617
sep4-window,0xc7206efe93c8411db6ad3ea8908fd90cf2ed8dd8ddc266c29dd99ebf61a686a5,25903877,1788523955,2026-09-04T12:12:35Z,190722,1202597400,1000000,71511600,3,144456,107421826,7286113,106421826
sep4-window,0xdadb222da0e2f32399f5b2c128f7b46cdb9e36cca319cd23bcf3a3e52fda5de4,25903878,1788523967,2026-09-04T12:12:47Z,190723,1175186170,1000000,71779490,3,144456,98419547,6888705,97419547
sep4-window,0x02771517cb3ce574ababd5927b59b15e47a3ecbe0657a378f3bdbd80c1e6ec82,25903881,1788524003,2026-09-04T12:13:23Z,190724,1175186170,1000000,71779490,3,144456,104866682,5545643,103866682
sep4-window,0x4ef0f12b8c9b38708a03f8f04d63399b7f8736240e32108508a16077c01c50df,25903881,1788524003,2026-09-04T12:13:23Z,190725,984195470,1000000,68887050,3,144456,104866682,5545643,103866682
sep4-window,0x7c40bfa9cc777c1856367af4d5457b492fb2b98c5115650ba9c967924d782c38,25903881,1788524003,2026-09-04T12:13:23Z,190726,905990900,1000000,64403210,3,144456,104866682,5545643,103866682
sep4-window,0xa159f45ea8e72bb7e245a70f92c92d32b56bb7a65b33f29290e93a3a61326bcb,25903883,1788524027,2026-09-04T12:13:47Z,190727,1017931820,1000000,55043260,3,144456,112100301,5998651,111100301
sep4-window,0x77453f237262a9a174b83547ba1ecf9b3742f578ec7f5dd6fbcc896d8c7312cf,25903883,1788524027,2026-09-04T12:13:47Z,190728,1048666820,1000000,55456430,3,144456,112100301,5998651,111100301
sep4-window,0x3aa271d2895ce21a885ac3c9bc30647e87f09dc3b94c2b3150b62a12b9f24550,25903884,1788524039,2026-09-04T12:13:59Z,190729,1121003010,1000000,59986510,3,144456,120499539,6180800,119499539
sep4-window,0xe9ea076484e9e3f0b657547707eefcb2fcd051210192828a371367e96da7c7d4,25903885,1788524051,2026-09-04T12:14:11Z,190730,1121003010,1000000,59986510,3,144456,117054988,6392338,116054988
sep4-window,0x6e4ddf2cc384825ac7a97a6d49379b9d6d49ea6797e0146a3fe0b09ef57241ee,25903886,1788524063,2026-09-04T12:14:23Z,190731,1204995390,1000000,61808000,3,144456,116930708,6464447,115930708
sep4-window,0xedcc4cf6229a2a08acdacab5ca2586b0592525f2d5e97425394e65ef25510742,25903886,1788524063,2026-09-04T12:14:23Z,190732,1204995390,1000000,61808000,3,144456,116930708,6464447,115930708
sep4-window,0x6aac21a96c98e7331e3d4dd7e4f6c39889d61cb4dc7f57d271ec7e0d26a32422,25903887,1788524075,2026-09-04T12:14:35Z,190733,1170549880,1000000,63923380,3,144456,121170463,6611115,120170463
sep4-window,0xb3e2196a0f8c96497f4925df221d3503101cf81f353f0b1f51c4dff6b0d4f6af,25903888,1788524087,2026-09-04T12:14:47Z,190734,1169307080,1000000,64644470,3,144456,120840719,6710737,119840719
sep4-window,0xe1df837dc8e1e0d9bca32baff558f9e7a31f0437de8bb9cd61a6f4c85c98d3b8,25903888,1788524087,2026-09-04T12:14:47Z,190735,1169307080,1000000,64644470,3,144456,120840719,6710737,119840719
sep4-window,0x3fd2921eb7437ce8d0c5d4c1adb01d672858b365470c9c5aed6bafd7f73e9a95,25903889,1788524099,2026-09-04T12:14:59Z,190736,1208407190,1000000,67107370,3,144456,120644065,7258919,119644065
sep4-window,0xd1c295eae57c346d32c1ef27acd7053c1772e1ec7e522a3a28e8b3e24ce63201,25903890,1788524111,2026-09-04T12:15:11Z,190737,1208407190,1000000,67107370,3,144456,122860227,7395906,121860227
sep4-window,0xfb465d508eedf773e7ade8661c0b2dc3ff8aeac35b8a8ecd0261d59111b8c88e,25903892,1788524135,2026-09-04T12:15:35Z,190738,1206440650,1000000,72589190,3,144456,117952196,7507354,116952196
sep4-window,0x04f585c76e24c87607cd1390f21b4511d53626cb430fbde873cfd0acc584976e,25903892,1788524135,2026-09-04T12:15:35Z,190739,1228602270,1000000,73959060,3,144456,117952196,7507354,116952196
sep4-window,0xbc7fbcbdc0862d4939c838c2bf907694f0c10f39f829c3fb00942df69eb08900,25903892,1788524135,2026-09-04T12:15:35Z,190740,1228602270,1000000,73959060,3,144456,117952196,7507354,116952196
sep4-window,0x38a26e2719f18cc5b060fb3cb4ab8e5bc93083b40456ea0a01e10172df0b1e72,25903894,1788524159,2026-09-04T12:15:59Z,190741,1231552580,1000000,74793360,3,144456,120087671,6488663,119087671
sep4-window,0x647f07546653fecc8d1e3827a9738fc761dbe2cf7fe28895dba4270a649cf3d8,25903894,1788524159,2026-09-04T12:15:59Z,190742,1231552580,1000000,74793360,3,144456,120087671,6488663,119087671
sep4-window,0x0f869c536c23798dc7addc6810f6bffd710c226817ede43db80b012cc0325109,25903895,1788524171,2026-09-04T12:16:11Z,190743,1185984950,1000000,75920410,3,144456,109295500,6660739,108295500
sep4-window,0xeb41658478b51c75928ef2220101db0af78a8fb43c84391b0580bea7cd9e2f70,25903896,1788524183,2026-09-04T12:16:23Z,190744,1200876710,1000000,64886630,3,144456,100825908,6735876,99825908
sep4-window,0x3f730732531a3c3357fdb2588bc94005e06e15b0048fc0ec2bc754c4a567c7bf,25903900,1788524231,2026-09-04T12:17:11Z,190745,1092955000,1000000,66607390,3,144456,106971319,5756927,105971319
sep4-window,0xc93d72767c783ab2dd87ae578a2b5b449c096988cce4b3decb6245097a5d2cab,25903900,1788524231,2026-09-04T12:17:11Z,190746,1084652100,1000000,64403190,3,144456,106971319,5756927,105971319
sep4-window,0x16672b867d21998ea996aea9aa1462b31fdc6870155c4b97fc55453adb73f9df,25903900,1788524231,2026-09-04T12:17:11Z,190747,1032601200,1000000,64403190,3,144456,106971319,5756927,105971319
sep4-window,0xc667a369189b2217728fedb4abfba00b76b0820140303777439fc8d02dc18edd,25903903,1788524267,2026-09-04T12:17:47Z,190748,1069713190,1000000,57569270,3,144456,103272773,6321031,102272773
sep4-window,0x73a61c7c5a9f189c75c9179ff9c807e077c6393130fb433c15a8c0cebdbc3799,25903903,1788524267,2026-09-04T12:17:47Z,190749,1111145920,1000000,60436770,3,144456,103272773,6321031,102272773
sep4-window,0x5980c0746bfc48bbef442c6b8bce3f729ba6f930c6a7d7335fb275e7c3a24c24,25903904,1788524279,2026-09-04T12:17:59Z,190750,1032727730,1000000,63210310,3,152885,105222840,6586439,104222840
sep4-window,0x428b5d057ee5e3157d23355230c1038f249bf93e7eac09188ed4b978cc839719,25903906,1788524303,2026-09-04T12:18:23Z,190751,1052228400,1000000,65864390,3,144456,104282306,5821868,103282306
sep4-window,0x3d2cf805a5deb6aaaf9ad35075efc4abba2da0e2ca778da27450a7deabee351d,25903907,1788524315,2026-09-04T12:18:35Z,190752,1021980640,1000000,58218680,3,144456,107949130,6043677,106949130
sep4-window,0xd6a821af915e18736ea202c34fe52f1fb57f6a9a133b11abbb585156c3d896d5,25903908,1788524327,2026-09-04T12:18:47Z,190753,1042823060,1000000,58218680,3,144456,104554541,6297439,103554541
sep4-window,0x507c2af0b33cc0c904e22da258137ad8e869d549140d7dcd56322a594783ab30,25903909,1788524339,2026-09-04T12:18:59Z,190754,1045545410,1000000,62974390,3,144456,107269293,6392335,106269293
sep4-window,0x7add390904349e20ce60c651e699feb24f17a64d0fa8dd4e0835db27cb0bc18d,25903912,1788524375,2026-09-04T12:19:35Z,190755,1072692930,1000000,63923350,3,144456,103878649,6066316,102878649
sep4-window,0x7a7f93af20227c4e37617c05ec3f6ef685605c9c802c2a5bbe5a21af18b15d78,25903912,1788524375,2026-09-04T12:19:35Z,190756,1077078220,1000000,64886610,3,144456,103878649,6066316,102878649
sep4-window,0xab75c6ae71c12f343b8f15036f1ab27684279750e568555e8383783c44c33e99,25903913,1788524387,2026-09-04T12:19:47Z,190757,983484190,1000000,65618560,3,144456,103928974,6321029,102928974
sep4-window,0x2c8f50c1aabeefc0b268bd9460a251a53a5c068c284286176ce7fa6d81bb51e9,25903913,1788524387,2026-09-04T12:19:47Z,190758,983484190,1000000,65618560,3,144456,103928974,6321029,102928974
sep4-window,0x008c0a62b51b590f2ffb4aecc67340f892a6f5c118f2fa4e97556b413a82098f,25903914,1788524399,2026-09-04T12:19:59Z,190759,1039289740,1000000,63210290,3,144456,104505354,6512968,103505354
sep4-window,0xe7bf1d9761b337dc971c157b3020a10e49e0962da540d18cd6a3b8f45df1a559,25903915,1788524411,2026-09-04T12:20:11Z,190760,1039289740,1000000,63210290,3,144456,104824174,5756925,103824174
sep4-window,0xea216118543fb84e1e8c10dc4777c2446c4decf75d96fe514b0dcb1c7fbe38cd,25903916,1788524423,2026-09-04T12:20:23Z,190761,1045053540,1000000,65129680,3,144456,106030431,5821866,105030431
sep4-window,0x481b534e727a6fa331537a80724abdac800764577102c0a68ca22b7b4e840a84,25903916,1788524423,2026-09-04T12:20:23Z,190762,1045053540,1000000,65129680,3,144456,106030431,5821866,105030431
sep4-window,0xad5c153523a4737944e70d8928ce4c0a0f3b9b79821af2cab2e64bfdd249791a,25903917,1788524435,2026-09-04T12:20:35Z,190763,1048241740,1000000,57569250,3,144456,105437018,6134747,104437018
sep4-window,0x43cd2f2daa038be91e6d3b51e8205fba95398ca1bb08d74ffd0e56e71b903d11,25903918,1788524447,2026-09-04T12:20:47Z,190764,1060304310,1000000,58218660,3,144456,101305683,6227191,100305683
sep4-window,0x50526c8f9cadac6aa1df1f27dd77921ab13116334a3bc48fa0d8c8d82bf35454,25903918,1788524447,2026-09-04T12:20:47Z,190765,1060304310,1000000,58218660,3,144456,101305683,6227191,100305683
sep4-window,0xe945ccff16d48f34b43befac9e53d1a9503aec9e2e3c10426e9d92fc5841b7dd,25903920,1788524471,2026-09-04T12:21:11Z,190766,1013056830,1000000,62271910,3,144456,99561843,5524942,98561843
sep4-window,0xa5049af5ace90afa0be69fd86dc64cd5aae7a53977518ddc8065e68edacbfcfa,25903921,1788524483,2026-09-04T12:21:23Z,190767,996895300,1000000,64644430,3,144456,101554433,5587266,100554433
sep4-window,0x55dea78da654cf69b11c29adab0a1bbd13365184e285d88386690fa0ab4f4482,25903923,1788524507,2026-09-04T12:21:47Z,190768,995618430,1000000,55249420,3,144456,98739121,5909595,97739121
sep4-window,0xa02b0cf20a7411abdb23c1c793a2a5f4c663a47044b70113b0ee02a4554a3f9c,25903924,1788524519,2026-09-04T12:21:59Z,190769,987391210,1000000,59095950,3,144444,97954737,5998646,96954737
sep4-window,0x4f49b522d48c678656855cc461a809c2f6b67cd5c221e3fd5d8894f4ce6f5742,25903925,1788524531,2026-09-04T12:22:11Z,190770,979547370,1000000,59986460,3,144444,99443356,6203949,98443356
sep4-window,0xf8d521365663b81748c0606dc51cb2bd6a479779d3297e30d41c0534d9e719f8,25903926,1788524543,2026-09-04T12:22:23Z,190771,979547370,1000000,59986460,3,144456,98148057,5483778,97148057
sep4-window,0xfafb00eb31ab879a830aaa754a4b4e10284aded1f70973820e49bc16f730f032,25903928,1788524567,2026-09-04T12:22:47Z,190772,994433560,1000000,62039490,3,144456,92720606,5692706,91720606
sep4-window,0xbe2a66d64b8635e18e5ed63c536bf7000f77ea08f029f941a86b2a021b388a60,25903928,1788524567,2026-09-04T12:22:47Z,190773,994433560,1000000,62039490,3,144456,92720606,5692706,91720606
sep4-window,0x65439bb7c38aeddff6f0ae5a51ea7aa4cd8f32e92bcadfd094c3eb74ad7aa2f8,25903928,1788524567,2026-09-04T12:22:47Z,190774,981480570,1000000,54837780,3,144456,92720606,5692706,91720606
sep4-window,0xcea9441c5794db65d4739262e1ae02307472cd847c0ccc91fb9e035560a83ef2,25903929,1788524579,2026-09-04T12:22:59Z,190775,927206060,1000000,56927060,3,144456,94692600,5887538,93692600
sep4-window,0xd41dd888390393657f921c63bf1dab3191540a6c104408b2ecd57e24228e1607,25903931,1788524603,2026-09-04T12:23:23Z,190776,927206060,1000000,56927060,3,144456,97491188,5422607,96491188
sep4-window,0xb4f5490e09d3c811a65126fff5180338fb7b335e6bac3a602b57a94cf6290a48,25903931,1788524603,2026-09-04T12:23:23Z,190777,946926000,1000000,58875380,3,144456,97491188,5422607,96491188
sep4-window,0x1e47af0b5dd7283d0fbd94d3158eec96ce25f76166ada1948a8f1e83a7f053d8,25903931,1788524603,2026-09-04T12:23:23Z,190778,946926000,1000000,58875380,3,144456,97491188,5422607,96491188
sep4-window,0xdc1566d695dbe5ac9d1172587f704d5c7bd19d7e4a08d0cf2156fad2b12c819e,25903932,1788524615,2026-09-04T12:23:35Z,190779,946588020,1000000,53822070,3,144456,98999113,5865565,97999113
sep4-window,0xccf0bd493d92b870be778109daf091451a780f981709170b2d279bdef9b72da2,25903933,1788524627,2026-09-04T12:23:47Z,190780,946588020,1000000,53822070,3,144456,96374839,6021117,95374839
sep4-window,0xbd5bbddd2245cbb79258d9a030b8dd4aa3772d3123eb3c3e63c1625f418149f8,25903934,1788524639,2026-09-04T12:23:59Z,190781,963748390,1000000,60211170,3,144456,96514830,5322169,95514830
sep4-window,0x9b28a4895e9944900de8bc8f85626eaa1d69d2518c732a8cf29d4932c5f4f905,25903935,1788524651,2026-09-04T12:24:11Z,190782,965148300,1000000,53221690,3,144456,87697460,5402369,86697460
sep4-window,0x22dcd2434fa04d736b8370118ba9b5be3e7ba31b8bc723c56125e0b14f28aa51,25903936,1788524663,2026-09-04T12:24:23Z,190783,965148300,1000000,53221690,3,144456,96994798,5463311,95994798
sep4-window,0xa6ffd04738cd5e246f9a590b0dea4ee7da6c9c70f82338b811ef0baabc41ee99,25903937,1788524675,2026-09-04T12:24:35Z,190784,876974600,1000000,54023690,3,152885,97573215,5671459,96573215
sep4-window,0x680b9001f911f5e2b624a75c985c95d2a09f4f2f5e717cbcb86e3ab98410ca62,25903937,1788524675,2026-09-04T12:24:35Z,190785,876974600,1000000,54023690,3,144456,97573215,5671459,96573215
sep4-window,0x5dc97f2d247e5f9583438ae888ebbda9d3a6e8d81efa91d0e62315568737bed2,25903938,1788524687,2026-09-04T12:24:47Z,190786,969947980,1000000,54633110,3,144456,101653568,5865564,100653568
sep4-window,0x6c369d2582658069fede13624bfd6f188753876e00d2e67364696d680e179cc7,25903939,1788524699,2026-09-04T12:24:59Z,190787,969947980,1000000,54633110,3,144456,99750047,5953952,98750047
sep4-window,0xfe5bda66064f264fe300366e692985cf18fcc5040e8a9230f9257f5f23f4105b,25903940,1788524711,2026-09-04T12:25:11Z,190788,1016535680,1000000,58655640,3,144456,98239036,6021116,97239036
sep4-window,0xcd83806ad026f4c13bcc4cee4dfccadac718ff793b1e24e768dcd84fbc490579,25903940,1788524711,2026-09-04T12:25:11Z,190789,997500470,1000000,59539520,3,144456,98239036,6021116,97239036
sep4-window,0xb2212cda2a8f3978503fa9f4b30334982337e33acecf881c90d885dacdc0addb,25903941,1788524723,2026-09-04T12:25:23Z,190790,997500470,1000000,59539520,3,144456,98342484,6203947,97342484
sep4-window,0x0860717f30245da4e228546ef5577a913684cb437927ac34c5ad77ea1698b130,25903942,1788524735,2026-09-04T12:25:35Z,190791,982390360,1000000,60211160,3,144456,94765818,6344705,93765818
sep4-window,0x577bb8120ee364ee9b4165c1a3d9c7cc4a21905916b9e99786d215fdd95c3018,25903945,1788524771,2026-09-04T12:26:11Z,190792,982390360,1000000,60211160,3,144456,87188173,4847205,86188173
sep4-window,0xb4eb2a5a5c6d66e54f50cff9c615aae22f719cc00ccd7e9a8a92f31bdcf0cf56,25903945,1788524771,2026-09-04T12:26:11Z,190793,947658180,1000000,63447050,3,144456,87188173,4847205,86188173
sep4-window,0xf04c9f63daed027f1d19082fefab62dae1db7c3f06c4204070ff04c9c23038f3,25903945,1788524771,2026-09-04T12:26:11Z,190794,947658180,1000000,63447050,3,144456,87188173,4847205,86188173
sep4-window,0xc696149987ecea17eae356be2441661c5f58fac55476a6239a03a6d293e97990,25903945,1788524771,2026-09-04T12:26:11Z,190795,862649250,1000000,56714580,3,144456,87188173,4847205,86188173
sep4-window,0x18a16e14e3540b1132bc501d935e36f4d623df3aea2ea7028491202fcdc7605e,25903945,1788524771,2026-09-04T12:26:11Z,190796,862649250,1000000,56714580,3,144456,87188173,4847205,86188173
sep4-window,0xbdcc6b5d5a7810f854c470ca895b9e47011e759fa7bb2eb7627cde04cff8dc75,25903948,1788524807,2026-09-04T12:26:47Z,190797,912179740,1000000,48472050,3,144456,76654788,5204095,75654788
sep4-window,0xe7242577d768912cfa414f40bb58768275a34c376d16bce30e9d726b50e7907a,25903948,1788524807,2026-09-04T12:26:47Z,190798,871881730,1000000,48472050,3,144456,76654788,5204095,75654788
sep4-window,0x3437aa8fe46f8c957cb0bbff892402ca053a5fe09207e22a2773f2959a6ba641,25903948,1788524807,2026-09-04T12:26:47Z,190799,923777750,1000000,51460450,3,144456,76654788,5204095,75654788
sep4-window,0xb6ae652d2f043988857296f3f85db1ce23555eb952b97d38baaa2488b97bc8e3,25903951,1788524843,2026-09-04T12:27:23Z,190800,923777750,1000000,51460450,3,144456,90732293,4300578,89732293
sep4-window,0x8992b980840b01eaaf59b2351a058c1c439c781e17e323a8d04fab3eddc153f3,25903951,1788524843,2026-09-04T12:27:23Z,190801,766547880,1000000,52040950,3,144456,90732293,4300578,89732293
sep4-window,0x61d75b88d75127210f053bfa771da37b39e0c18fee885844b945ccb6965d164b,25903951,1788524843,2026-09-04T12:27:23Z,190802,766547880,1000000,52040950,3,144456,90732293,4300578,89732293
sep4-window,0x3d01ee0d0654317578c96c3181e41cec6255bc45922072d9a1d8aabf0e1b57a7,25903951,1788524843,2026-09-04T12:27:23Z,190803,798381780,1000000,49757500,3,144456,90732293,4300578,89732293
sep4-window,0x4d702d4d0f328aaea5cf3c10d4c1205a8e10a778e9cfeb1f5ceff0c106fae4a5,25903952,1788524855,2026-09-04T12:27:35Z,190804,798381780,1000000,49757500,3,144456,99750883,4617222,98750883
sep4-window,0x838ffc5a3d14813a4377c5283cde757bc6013b6cdc1ed110a31f594576a124f8,25903952,1788524855,2026-09-04T12:27:35Z,190805,893469760,1000000,43005780,3,144456,99750883,4617222,98750883
sep4-window,0xeac4e8d63a96a100ee099ee760e720fc0353486671c537c192fda7f376fbf4e2,25903954,1788524879,2026-09-04T12:27:59Z,190806,997508830,1000000,46172220,3,144456,97151217,4793134,96151217
sep4-window,0xe61820015aa7f3540a0c59438c7a9763951b327a0e53f77a621f52a3ff9fc373,25903954,1788524879,2026-09-04T12:27:59Z,190807,997508830,1000000,46172220,3,144456,97151217,4793134,96151217
sep4-window,0xa694657a0c1c3656ad7f7f1105e67c926e93f8b47c87fbf3a2cb88f906543b3c,25903954,1788524879,2026-09-04T12:27:59Z,190808,998253670,1000000,47752460,3,144456,97151217,4793134,96151217
sep4-window,0x14508ff138ecdb741903832ab44291a1ee6a3f7287670d0f486e9d7de1f90b0c,25903955,1788524891,2026-09-04T12:28:11Z,190809,998253670,1000000,47752460,3,144456,98251722,5088641,97251722
sep4-window,0x185c045ed3810d06e572f691ce7b23d08047c673641c875c5f8840a21c46c426,25903956,1788524903,2026-09-04T12:28:23Z,190810,971512170,1000000,47931340,3,144456,101164093,5262800,100164093
sep4-window,0xed08a1662870b35863a057ae630b8e5aa784e73a2d31ae411d9370e751faf2b8,25903956,1788524903,2026-09-04T12:28:23Z,190811,982517220,1000000,50886410,3,144456,101164093,5262800,100164093
sep4-window,0xfd14c9733524198d2ec92a32bc45970c4372073f889d0ac3e2d621f40bdf5ac9,25903957,1788524915,2026-09-04T12:28:35Z,190812,982517220,1000000,50886410,3,144456,98878728,5463308,97878728
sep4-window,0x8c686e7a25ca2ca3abf02d045268acee7eebcef236618db9f71300097a2fbb2b,25903958,1788524927,2026-09-04T12:28:47Z,190813,1011640930,1000000,52628000,3,144456,102824815,5524938,101824815
sep4-window,0x51c203018355237c4cb41e0ec1abaf3e17abb7be39da27b557f382a03b8946b3,25903959,1788524939,2026-09-04T12:28:59Z,190814,1028248150,1000000,55249380,3,144456,98441837,5650290,97441837
sep4-window,0xf075f11f7401661799d9a81be02584258ddaf020f79a00cc432add28cef60dcd,25903960,1788524951,2026-09-04T12:29:11Z,190815,984418370,1000000,56502900,3,144456,99615490,5976254,98615490
sep4-window,0xc802cfaee433c4d49f847dbd044ee65231b922d8b713a4d698c93049dbcecd33,25903963,1788524987,2026-09-04T12:29:47Z,190816,996154900,1000000,59762540,3,144456,104373897,6157723,103373897
sep4-window,0xc01c332e20c8e8f96a29c6119e23c0f65ca98e49eecee51deac6d3f9052d7441,25903963,1788524987,2026-09-04T12:29:47Z,190817,1052544430,1000000,61577230,3,144456,104373897,6157723,103373897
sep4-window,0x9725f2e7ec0142a1227ac76956d78be792b8f78c0627e1edb1c9ccfbddd97e09,25904006,1788525503,2026-09-04T12:38:23Z,190818,8891649460,4000000,246308920,3,144444,987047670,15162722,983047670
sep4-window,0xf15f4cb2274ccf2e00faadb94a99a1448410e27b8fe44160bdadc4523416fd35,25904015,1788525611,2026-09-04T12:40:11Z,190819,9541288040,4000000,258577480,3,152861,887992278,24561725,883992278
sep4-window,0x547ab2e430281cfab57c0a43be4a393a37fdbbf3c2c62faf4f7dba94300c8723,25904015,1788525611,2026-09-04T12:40:11Z,190820,10719787500,4000000,220997480,3,144444,887992278,24561725,883992278
sep4-window,0x3cdd76ae8b925b63fdb4c444a6bd37a2dbddc1bff124382dc221f8e7e0733ece,25904015,1788525611,2026-09-04T12:40:11Z,190821,11542237220,4000000,220997480,3,144456,887992278,24561725,883992278
sep4-window,0x009b6c22a5fb2cdd84de15311d7fee4ba6d21517484ef42e8dab53658e5070b5,25904015,1788525611,2026-09-04T12:40:11Z,190822,14595965460,4000000,201745240,3,144456,887992278,24561725,883992278
sep4-window,0x317d29214d53cbae2fe3ad78c12e6036dd943d000554516a0ff70279b1ccba4b,25904023,1788525707,2026-09-04T12:41:47Z,190823,13765445740,4000000,201745240,3,144456,970565416,30169821,966565416
sep4-window,0x9eae24983938e6c17179552d77ca61299a469fbb555c869969c9a69bf76b438e,25904023,1788525707,2026-09-04T12:41:47Z,190824,9840476700,1000000,151627220,3,144456,967565416,30169821,966565416
sep4-window,0x38d18310f517b2678f784b76c6adbb1b87651efca577fd2bc09924b50ed27be8,25904023,1788525707,2026-09-04T12:41:47Z,190825,9797217900,1000000,240168210,3,144456,967565416,30169821,966565416
sep4-window,0xa37f98c940209678ca52aaa7ad3f4fb7b59b8566751e15ea25f2ba2241275564,25904025,1788525731,2026-09-04T12:42:11Z,190826,8849922780,1000000,245617250,3,144456,1042970144,35168366,1041970144
sep4-window,0x40bea89ffb1528a01c815598491bdaf933355a91aee65e220397b2242cdf5f86,25904025,1788525731,2026-09-04T12:42:11Z,190827,8849922780,1000000,245617250,3,144456,1042970144,35168366,1041970144
sep4-window,0x588f62398cc8b112c0554e672a5c69ee45bb9702c9a689cd14265e1bb3d2ce49,25904026,1788525743,2026-09-04T12:42:23Z,190828,8849922780,1000000,245617250,3,144456,1058971301,37757747,1057971301
sep4-window,0x855ff0c1d56b2fb89e4389fea3123e5b8f36d9f4d481ea6b6a10d3ea40744c7a,25904026,1788525743,2026-09-04T12:42:23Z,190829,9676109080,1045492,301698210,3,144456,1059016793,37757747,1057971301
sep4-window,0x53845660117b20a30714e87f65f577924fa78bf66d0eabb3b2d0c03bb136f71b,25904026,1788525743,2026-09-04T12:42:23Z,190830,9675654160,1000000,301698210,3,144456,1058971301,37757747,1057971301
sep4-window,0x2e6312ff6f36cca1ca3218311665fdb61f04c869d0d719c1cc4d9bc390e499f7,25904026,1788525743,2026-09-04T12:42:23Z,190831,9675654160,1000000,301698210,3,144456,1058971301,37757747,1057971301
sep4-window,0xde4f8a3bf88ed9c515f20b3e03828f19796e25dde2b5d1fc5737f8f292ebce10,25904027,1788525755,2026-09-04T12:42:35Z,190832,10429701440,1000000,351683660,3,144456,1061275298,40085590,1060275298
sep4-window,0xeee07cd82ce4c690b14b5b7393147c32ea0b0ffda38e125e3633750448678a1e,25904027,1788525755,2026-09-04T12:42:35Z,190833,10429701440,1000000,351683660,3,144456,1061275298,40085590,1060275298
sep4-window,0xb225b8fa1d4e3fb6eece1628242cfbc2ae17f1825a41b4ff5a3a5b332a539957,25904027,1788525755,2026-09-04T12:42:35Z,190834,10429701440,1000000,351683660,3,144456,1061275298,40085590,1060275298
sep4-window,0x88e824830bc818dd9ea2b92f8148f904786842efbe6c40634c7fcfe66bd1e7db,25904027,1788525755,2026-09-04T12:42:35Z,190835,10429701440,1000000,351683660,3,144456,1061275298,40085590,1060275298
sep4-window,0x7e3fd2e69b716cd33cb95ddb2c1b0f6e436c00e1f578d7f58fe95502a766dca0,25904028,1788525767,2026-09-04T12:42:47Z,190836,10429701440,1000000,351683660,3,144456,1073223151,43360068,1072223151
sep4-window,0x934688d321b62334cb0e4109945dc6ea384f6f21801b9618f260ff6f6c8c8ddc,25904028,1788525767,2026-09-04T12:42:47Z,190837,10429701440,1000000,351683660,3,144456,1073223151,43360068,1072223151
sep4-window,0x677bbee516c73e4791494b898976ac8ded5d10f957c8daa470b894b11e932751,25904028,1788525767,2026-09-04T12:42:47Z,190838,10612752980,1000000,400855900,3,144456,1073223151,43360068,1072223151
sep4-window,0x56dc9bd900fdc2cee060ed6920e02514313f0e2922d84f66ed57ab39643392d6,25904028,1788525767,2026-09-04T12:42:47Z,190839,10612752980,1000000,400855900,3,144456,1073223151,43360068,1072223151
sep4-window,0x209d11a77f18aa243b676225114ce21fb110a4b4acca0a5b2a8cd2bd3eacdd3f,25904055,1788526091,2026-09-04T12:48:11Z,190840,21225505960,2000000,818749390,3,144456,1726968112,90572420,1724968112
sep4-window,0x34f52f8f406682dfd942a9aab8b10e6e2e99ba2358b335069dc15e7be9dad4ca,25904055,1788526091,2026-09-04T12:48:11Z,190841,21225505960,2561133,879032370,3,144456,1727529245,90572420,1724968112
sep4-window,0x35a9bc3c2cc5effb2ace96e8e6480cf0caa27362afa410622abedf6bcce53080,25904055,1788526091,2026-09-04T12:48:11Z,190842,21464463020,10000000,879032370,3,144456,1734968112,90572420,1724968112
sep4-window,0x74bd8db63c484d770899cfde4ae55da231d73e92f1ee1fca97e22ed8453fd496,25904055,1788526091,2026-09-04T12:48:11Z,190843,21464463020,10000000,879032370,3,144456,1734968112,90572420,1724968112
sep4-window,0x4547068d05629e3d25b25e8f8201d482c44729ee830be027233751e739df3f6e,25904055,1788526091,2026-09-04T12:48:11Z,190844,21464463020,10000000,879032370,3,144456,1734968112,90572420,1724968112
sep4-window,0xee9f92c9f65cac7b68077de4f8e20ba3a1862ae7a6d77ab47f32997f49bf313f,25904055,1788526091,2026-09-04T12:48:11Z,190845,21464463020,10000000,879032370,3,144456,1734968112,90572420,1724968112
sep4-window,0xa3269429d39e65540b344adba3b1084d557e71f686a508000a7ffa4ea486a8d5,25904056,1788526103,2026-09-04T12:48:23Z,190846,16306600250,1568238,879032370,3,144456,1844721541,97971026,1843153303
sep4-window,0x0f82156bb07efbdfc5e43e210504ee25875343807d9043be3fc5dba02202ecd4,25904057,1788526115,2026-09-04T12:48:35Z,190847,17265363500,1568238,905724200,3,144456,1811232406,105578487,1809664168
sep4-window,0x2ae2b6939fab793f251a40e238249b611e80aab7f73e9c1c94eb2fcc5177fd30,25904057,1788526115,2026-09-04T12:48:35Z,190848,17265363500,1568238,905724200,3,144456,1811232406,105578487,1809664168
sep4-window,0xfb43420c7d827844d87ba2487c3da33c990ca8c0f32392297635ab48667c7b3d,25904057,1788526115,2026-09-04T12:48:35Z,190849,17265363500,1568238,905724200,3,144456,1811232406,105578487,1809664168
sep4-window,0xff6f5a8072e06407a102d6814551dccc93d804ffe85bd18d4417d4bd35c45ded,25904059,1788526139,2026-09-04T12:48:59Z,190850,17265363500,1568238,905724200,3,144456,1743025217,97605379,1741456979
sep4-window,0x4824b0234422dde4ce3587cf7e408a12c9cbc091fc9a8667c7fc6c84c77608d0,25904059,1788526139,2026-09-04T12:48:59Z,190851,17265363500,1568238,905724200,3,144456,1743025217,97605379,1741456979
sep4-window,0x5c2df7acbb9618cb4a81183632fd082bbb0b2bf9588b92aada62f909e67ad4de,25904059,1788526139,2026-09-04T12:48:59Z,190852,17265363500,1568238,905724200,3,144456,1743025217,97605379,1741456979
sep4-window,0xe1236e208ae253c076dbd251597c6c5e6d6412900d45e5e5c5934b6b41c95527,25904060,1788526151,2026-09-04T12:49:11Z,190853,18107641680,1100000,1055784870,3,144456,1826864640,105184448,1825764640
sep4-window,0x58b5b90d81b5d8302775d677db27684fa232e52e48cd7dbe4e7ac204cc8db2e0,25904060,1788526151,2026-09-04T12:49:11Z,190854,18107641680,1100000,1055784870,3,144456,1826864640,105184448,1825764640
sep4-window,0x773957b8d8c6363b1a1c1226b0e89cf75fb4a70992625bb8b2ea496d56e49e8d,25904060,1788526151,2026-09-04T12:49:11Z,190855,18107641680,1100000,1055784870,3,144456,1826864640,105184448,1825764640
sep4-window,0x27327451c27466c4c06413fad08c126d26600613e2bd910ddd597f7db30973a6,25904061,1788526163,2026-09-04T12:49:23Z,190856,17796719060,1100000,1142028960,3,144456,1665698089,112928981,1664598089
sep4-window,0x855f505c78d37489a506f7dd9b6cedb830afd95c768f1c80212163405b4cf475,25904061,1788526163,2026-09-04T12:49:23Z,190857,17796719060,1100000,1142028960,3,144456,1665698089,112928981,1664598089
sep4-window,0x68dab5b0ced2ec8bc6744b9da6514f8bbb4ae55dddadd58f560840fd4445d55d,25904063,1788526187,2026-09-04T12:49:47Z,190858,17425569790,1100000,976053790,3,144456,1734307187,103236212,1733207187
sep4-window,0xe06955195db03449c60df7847d6f09e0cc813c0320460d7fd70a5958f40d3adb,25904063,1788526187,2026-09-04T12:49:47Z,190859,17425569790,1100000,976053790,3,144456,1734307187,103236212,1733207187
sep4-window,0x0b7539cda5042323ab01417ee8e37c1204e6212dd4b9a007965d6abc2bdbc544,25904064,1788526199,2026-09-04T12:49:59Z,190860,17425569790,1100000,976053790,3,152885,1803851959,110837300,1802751959
sep4-window,0x68151ff0f37b7399ea0be469a17c3c42f6aad5e7b68d57ac6a04020159f4c401,25904064,1788526199,2026-09-04T12:49:59Z,190861,18268646400,1100000,1051844480,3,144456,1803851959,110837300,1802751959
sep4-window,0x8f89f2957a497423306f35ce2fd6487eca0266f56353e17b1285a9862dfb1803,25904064,1788526199,2026-09-04T12:49:59Z,190862,18268646400,1100000,1051844480,3,144456,1803851959,110837300,1802751959
sep4-window,0x17cb08d9b6b3d8a689d94d21faab302ab7681baaa58536e6ed6217f3f39df1c4,25904064,1788526199,2026-09-04T12:49:59Z,190863,18268646400,1100000,1051844480,3,144456,1803851959,110837300,1802751959
sep4-window,0x0ef394a96ae5a24491d2a5cfb745b5ef2844d8b1269b43d6b2b384c1a56105e1,25904064,1788526199,2026-09-04T12:49:59Z,190864,17343071870,1100000,1032362120,3,144456,1803851959,110837300,1802751959
sep4-window,0xd2ff6e354c68e719278dfe9e20d2d1d46207f7d4a675100eb2e8c138298bfb16,25904065,1788526211,2026-09-04T12:50:11Z,190865,17343071870,1100000,1032362120,3,144456,1887417031,118998042,1886317031
sep4-window,0x3d507e528f7811825a36bbc288ad7ef7c77e820a6a85b9c92e285c82f22ecb35,25904065,1788526211,2026-09-04T12:50:11Z,190866,18038519590,1100000,1108373000,3,144456,1887417031,118998042,1886317031
sep4-window,0x31dd13d5747b9a770381512543fead352e489792b6576557c58b11ac91847890,25904066,1788526223,2026-09-04T12:50:23Z,190867,18038519590,1100000,1108373000,3,144456,1845849835,112507499,1844749835
sep4-window,0xbcdc1f27f78d82635d9e6bdf70b393583aba52ffe3b0dd6585e73e89a9818af6,25904066,1788526223,2026-09-04T12:50:23Z,190868,18038519590,1100000,1108373000,3,144456,1845849835,112507499,1844749835
sep4-window,0x3fc20fbc90dd7215ea23f5c91a03bc19926241be2aa4485893f19cbc0666c748,25904066,1788526223,2026-09-04T12:50:23Z,190869,18038519590,1100000,1108373000,3,144456,1845849835,112507499,1844749835
sep4-window,0x1e8fc02908cd289d083a477f273d39a62b0fe96da297380fda934c89b2dd3038,25904072,1788526295,2026-09-04T12:51:35Z,190870,18038519590,1100000,1108373000,3,144456,1825135394,101703621,1824035394
sep4-window,0xcef411e38379f1956e1ec013398defea62c7243abaa0b9e452da8bf1257ee0b0,25904072,1788526295,2026-09-04T12:51:35Z,190871,18038519590,1100000,1108373000,3,144456,1825135394,101703621,1824035394
sep4-window,0xc9fcf2a2628df7ab0c23e0d1a4b44561554223845e25d8c5ae26f39e427e5b59,25904072,1788526295,2026-09-04T12:51:35Z,190872,18038519590,1100000,1108373000,3,144456,1825135394,101703621,1824035394
sep4-window,0xc08a9da10e322755a00626326d736d1a906c7bf5328e6a1c3147fdf580122832,25904073,1788526307,2026-09-04T12:51:47Z,190873,18874170310,1100000,1189980420,3,144456,1791082539,109600918,1789982539
sep4-window,0x0accb2e838c33ac338124d10092027b1ad80eea4effd614746559ac331ef2273,25904073,1788526307,2026-09-04T12:51:47Z,190874,18874170310,1100000,1189980420,3,144456,1791082539,109600918,1789982539
sep4-window,0xae450aa360af8b8ff6330b654ffebbeba3b2f0431243b73375792d710bf4ba86,25904073,1788526307,2026-09-04T12:51:47Z,190875,18874170310,1100000,1189980420,3,144456,1791082539,109600918,1789982539
sep4-window,0xa220e9b95e6c463c5509876784ac1c03022d3947a5645c510fc04f159035cc27,25904073,1788526307,2026-09-04T12:51:47Z,190876,18251353940,1100000,1017036210,3,144456,1791082539,109600918,1789982539
sep4-window,0x7d732a85339f0efdfbf0ca315e4054881fac30d550ff30f8a123155b328fce71,25904073,1788526307,2026-09-04T12:51:47Z,190877,18251353940,1100000,1017036210,3,144456,1791082539,109600918,1789982539
sep4-window,0x5bffbcbb0c6dd81100938fce3fd89df0ef31c1b0bd9f7391621382b965ea9ff2,25904075,1788526331,2026-09-04T12:52:11Z,190878,18251353940,1100000,1017036210,3,144456,1721488152,124459031,1720388152
sep4-window,0x8ba1cf7783c5fb091115f6ea8c2feaafc8ad9c40c1a349a655f9061abd61069f,25904075,1788526331,2026-09-04T12:52:11Z,190879,17909825390,1000000,1096009180,3,144456,1721388152,124459031,1720388152
sep4-window,0xd35a1e2347b1e44f92d501697d83991e27eab5b975fa5a7962927437b5e0646a,25904075,1788526331,2026-09-04T12:52:11Z,190880,17909825390,1000000,1096009180,3,144456,1721388152,124459031,1720388152
sep4-window,0x66141be95edfd82639edf6e9a5b61d8a8ad01956d1d3053d19ad57a9554548e4,25904075,1788526331,2026-09-04T12:52:11Z,190881,17909825390,1000000,1096009180,3,144456,1721388152,124459031,1720388152
sep4-window,0x37871eaf604791c8f638ad40d392ca66df6319e9c431c8b676e36874563a9989,25904075,1788526331,2026-09-04T12:52:11Z,190882,17909825390,1000000,1096009180,3,144456,1721388152,124459031,1720388152
sep4-window,0x70b1f5cb781fe927fd669ce433f53a4a9230f393d8783e51e1ceb324031ed49c,25904075,1788526331,2026-09-04T12:52:11Z,190883,17909825390,1000000,1096009180,3,144456,1721388152,124459031,1720388152
sep4-window,0x970d62af9e3fc10f59a5c3a8ed5c352909bd3f87a2ec88fd71f8b347bdd9798e,25904077,1788526355,2026-09-04T12:52:35Z,190884,17707240390,1000000,1176706280,3,144456,1605183192,128718634,1604183192
sep4-window,0xd9f37512ebfe6b3acfb5de38bebec1c212a96c08dfc423aeff00777483b74b4f,25904077,1788526355,2026-09-04T12:52:35Z,190885,17707240390,1000000,1176706280,3,144456,1605183192,128718634,1604183192
sep4-window,0xd66a16bf980831ca06e481d161bd9b339d8dc5ba9f4c7c19ec4bda3f5bf81365,25904077,1788526355,2026-09-04T12:52:35Z,190886,17707240390,1000000,1176706280,3,144456,1605183192,128718634,1604183192
sep4-window,0x4e555a0a4a16382247a064ec9bbc38f091ba72272364a51d9cee829b9cea8363,25904077,1788526355,2026-09-04T12:52:35Z,190887,17707240390,1000000,1176706280,3,144456,1605183192,128718634,1604183192
sep4-window,0xf8e04c614e27dc9c2c906d8469dbe240bccc4a9757fc0549c1c246c93db01631,25904077,1788526355,2026-09-04T12:52:35Z,190888,17707240390,1000000,1176706280,3,144456,1605183192,128718634,1604183192
sep4-window,0x13e16f5f4f1931eb232fd76d26fd17181228ef5f2064ce273d8e2d37d2f085f5,25904077,1788526355,2026-09-04T12:52:35Z,190889,17707240390,1000000,1176706280,3,144456,1605183192,128718634,1604183192
sep4-window,0x3118f6c15d4fbcd9a07cda23e274a5e755ad7353e7b0f853033e951c1d1dc90d,25904078,1788526367,2026-09-04T12:52:47Z,190890,16051831920,1000000,1287186340,3,144456,1637632208,134625738,1636632208
sep4-window,0xedbdae6e259739037a574cfcbedf1c0b51facd762eac1e5b82a4083f495a61d5,25904078,1788526367,2026-09-04T12:52:47Z,190891,16051831920,1000000,1287186340,3,144456,1637632208,134625738,1636632208
sep4-window,0xf3e8c8fe1e593e83e0d90986759c2301e6311097a4a436738aed082e52cbdff8,25904079,1788526379,2026-09-04T12:52:59Z,190892,16051831920,1000000,1287186340,3,144456,1588715686,131639056,1587715686
sep4-window,0xa98b78b33a16d8c457a2d444f4a0d415c4ceb72d62f54c96c440f0ea29ebb0d3,25904079,1788526379,2026-09-04T12:52:59Z,190893,16051831920,1000000,1287186340,3,144456,1588715686,131639056,1587715686
sep4-window,0x1846501801c8831e74f14efee9931a30a4eb7f0e2ff9d3c65b6f693a8524caa9,25904079,1788526379,2026-09-04T12:52:59Z,190894,16051831920,1000000,1287186340,3,144456,1588715686,131639056,1587715686
sep4-window,0xd666b7ddd5ff449829bec9d85a2582c5c508959ffc94efa59168001f62ee9a0e,25904079,1788526379,2026-09-04T12:52:59Z,190895,16051831920,1000000,1287186340,3,144456,1588715686,131639056,1587715686
sep4-window,0x7c6343496dbffbb9f15d569facfb7a887d223d0febdab1baba7d48d4912b0216,25904079,1788526379,2026-09-04T12:52:59Z,190896,16051831920,1000000,1287186340,3,144456,1588715686,131639056,1587715686
sep4-window,0x7a0f0d1eb331514a1dbbb83a193fd396e12ec37a3b083c52b9ebdec10bc61770,25904079,1788526379,2026-09-04T12:52:59Z,190897,16051831920,1000000,1287186340,3,144456,1588715686,131639056,1587715686
sep4-window,0x0a854446975b77ced86331c9fea2331f7d78d9d1aeb103866b69d4de0453a0fd,25904080,1788526391,2026-09-04T12:53:11Z,190898,16376322080,1000000,1346257380,3,144456,1652265157,142392279,1651265157
sep4-window,0x7610044cf0d706fe6bbbc23274a936e4eabfc4b0267d169922467886cdd4be19,25904080,1788526391,2026-09-04T12:53:11Z,190899,16376322080,1000000,1346257380,3,144456,1652265157,142392279,1651265157
sep4-window,0x78d8007224d32f2e3fe7b48e13cd4c5d872c5c3b97a2034e97d46d3d84131cc8,25904080,1788526391,2026-09-04T12:53:11Z,190900,16376322080,1000000,1346257380,3,152873,1652265157,142392279,1651265157
sep4-window,0x0b50f1d1c5730a33443707bbd7c273ab909ca149a0b103be623149face72b939,25904080,1788526391,2026-09-04T12:53:11Z,190901,15887156860,1000000,1316390560,3,144456,1652265157,142392279,1651265157
sep4-window,0xe5c6186774d42de90ebf4bbd6b7136c2c05812a692905bd392c1717532b42889,25904080,1788526391,2026-09-04T12:53:11Z,190902,15887156860,1000000,1316390560,3,144456,1652265157,142392279,1651265157
sep4-window,0x3ee27acec505312d865b61cfd45a94e2a41d1487153a4fce51261ca33fc53f80,25904084,1788526439,2026-09-04T12:53:59Z,190903,15887156860,1000000,1316390560,3,144456,1616729253,106370953,1615729253
sep4-window,0xf7f5f68d535af9230a7f5962707dd7a4cf2538bad4fcdf839755c9accb50a1c1,25904084,1788526439,2026-09-04T12:53:59Z,190904,15887156860,1000000,1316390560,3,144456,1616729253,106370953,1615729253
sep4-window,0x828c000821c1e1f2e6db84ed724a9e3d9b7470179bbf978b4546f309573b91b8,25904084,1788526439,2026-09-04T12:53:59Z,190905,16522651570,1000000,1423922790,3,144456,1616729253,106370953,1615729253
sep4-window,0x8fcd442f9c911f1cbbc178f12d7705249dc0f48f59c86ee0cb7c69ed4c8e2e60,25904084,1788526439,2026-09-04T12:53:59Z,190906,16522651570,1000000,1423922790,3,144456,1616729253,106370953,1615729253
sep4-window,0xf9ac5dcf2c77b8853e3deaa198d361961c22c9ea6018e0cf3d62e7a393bd5d2c,25904086,1788526463,2026-09-04T12:54:23Z,190907,16522651570,1000000,1423922790,3,144456,1742031347,105184412,1741031347
sep4-window,0x62d7a46235d952223c507c9e8e141fca35d726ac2065a283e308b294f689dc1a,25904086,1788526463,2026-09-04T12:54:23Z,190908,16522651570,1000000,1423922790,3,144456,1742031347,105184412,1741031347
sep4-window,0x070386d4674a1630f2ca911b0064e89f94a0c256738f5d131116c8a52fc7a34d,25904086,1788526463,2026-09-04T12:54:23Z,190909,16167292530,1000000,1063709530,3,144456,1742031347,105184412,1741031347
sep4-window,0x19843b53ab598d94f86dcc939f77a0a897f969a44d78be7c064e719d23f353a8,25904086,1788526463,2026-09-04T12:54:23Z,190910,16167292530,1000000,1063709530,3,144456,1742031347,105184412,1741031347
sep4-window,0xe1f4816785db1f3c2f7e5bf609eadb2a7a60be91f2c49db1b6245dc86667eb32,25904086,1788526463,2026-09-04T12:54:23Z,190911,16167292530,1000000,1063709530,3,144456,1742031347,105184412,1741031347
sep4-window,0x830bc55397b4e846c145dc81fccc05759af666f19c12326741247fc93dbdd2b1,25904086,1788526463,2026-09-04T12:54:23Z,190912,16167292530,1000000,1063709530,3,144456,1742031347,105184412,1741031347
sep4-window,0x7fa8da343816fffaad1f7f0847a529de547e1b8a116bdae18a05ebec86fe0ed7,25904088,1788526487,2026-09-04T12:54:47Z,190913,15486952440,1000000,1125074800,3,144456,1859873261,117231459,1858873261
sep4-window,0x4cfdca46c38936c8ecc79ea179611fb46692cbef345b518861a992080305903a,25904088,1788526487,2026-09-04T12:54:47Z,190914,15486952440,1000000,1125074800,3,144456,1859873261,117231459,1858873261
sep4-window,0xe60dac313e1418fb9c75b99e30a9601f94e9edeb77aa234b74910cee4fecfb59,25904088,1788526487,2026-09-04T12:54:47Z,190915,15486952440,1000000,1125074800,3,144456,1859873261,117231459,1858873261
sep4-window,0xf6a0afe442ecab443d94e0f84fa105956fcd37769f1830286e00628ce2ab1efa,25904088,1788526487,2026-09-04T12:54:47Z,190916,19032443280,1000000,1137766300,3,144456,1859873261,117231459,1858873261
sep4-window,0xe20637b7efa8424e75c3936817d5b10b365c662a52daee31acc62e565f185051,25904088,1788526487,2026-09-04T12:54:47Z,190917,19032443280,1000000,1137766300,3,144456,1859873261,117231459,1858873261
sep4-window,0x55dff479f20083d28155de08d531694bffb74e5f7375a35213aa4802d7d66d96,25904089,1788526499,2026-09-04T12:54:59Z,190918,19032443280,1000000,1137766300,3,144456,1843082640,126807766,1842082640
sep4-window,0xb0dbf8fbb4930fcd6f51937204447337c26fb7d6cb52a9b03d7124d606d9af71,25904089,1788526499,2026-09-04T12:54:59Z,190919,18598732610,1000000,1172314590,3,144456,1843082640,126807766,1842082640
sep4-window,0x5c24bff9723cb4df55e8514a8270f43bd60fea07cc94f2d03c79faeb14659580,25904090,1788526511,2026-09-04T12:55:11Z,190920,18598732610,1000000,1172314590,3,144456,1879584512,134123289,1878584512
sep4-window,0x36decbfc1c766134bea1040123a31847521e5067f98cdf12d9fd1d6de1485400,25904090,1788526511,2026-09-04T12:55:11Z,190921,18598732610,1000000,1172314590,3,144456,1879584512,134123289,1878584512
sep4-window,0x9a6a8f2f8c2638a29a251030a8f240b7163d777cfe8f03e1274a681ff90ed1e9,25904090,1788526511,2026-09-04T12:55:11Z,190922,18598732610,1000000,1172314590,3,144456,1879584512,134123289,1878584512
sep4-window,0xf51a988e7a8f4a4cd2b14a190a7f8147786621df8de09d3ff6e05b131052f8d0,25904094,1788526559,2026-09-04T12:55:59Z,190923,18430826400,1000000,1268077660,3,144456,1900678482,113776620,1899678482
sep4-window,0xfacb3f5bb3e974ac33af6e650fbb2ab994e69a06865cab31d0ff46478862c34d,25904094,1788526559,2026-09-04T12:55:59Z,190924,18430826400,1000000,1268077660,3,152885,1900678482,113776620,1899678482
sep4-window,0xe9eb0329ed4395e689a52ce840e2069ffffcbb1234e81cc4ef10922ec6afa4d9,25904098,1788526607,2026-09-04T12:56:47Z,190925,18795845120,1000000,1341232890,3,144456,1764205098,99447293,1763205098
sep4-window,0x9477850ce6b83a55d318caf42768de682e3df43e7e439db35ae6e3d546440850,25904098,1788526607,2026-09-04T12:56:47Z,190926,18795845120,1000000,1341232890,3,144456,1764205098,99447293,1763205098
sep4-window,0x3f38aced3ddf0649ee857e6d6a71acfc706566dc32617d267d0ae8c5915cc54e,25904098,1788526607,2026-09-04T12:56:47Z,190927,18383508890,1000000,1212436980,3,144456,1764205098,99447293,1763205098
sep4-window,0x4ac066e3c4c876751bd6509215012143d0926e5d620fb7026a6526c5cb6e9b5c,25904098,1788526607,2026-09-04T12:56:47Z,190928,18383508890,1000000,1212436980,3,144456,1764205098,99447293,1763205098
sep4-window,0xe9286d0fc7ad683842da091005c5f9a0d42578a1c69eb1e8f3be04f673a3bcbb,25904099,1788526619,2026-09-04T12:56:59Z,190929,19006784820,1000000,1137766200,3,144456,1936257542,107169386,1935257542
sep4-window,0xae6790326a8fd7d016f1fd0f4eafe2b6fe2d389f6698871751dfba910b352453,25904099,1788526619,2026-09-04T12:56:59Z,190930,18862658430,1000000,1226113870,3,144456,1936257542,107169386,1935257542
sep4-window,0x1e9176faa24ba5c1cdda8f9592df15e1431817dbbe9717bb14963b069980b820,25904100,1788526631,2026-09-04T12:57:11Z,190931,17642050980,1000000,994472930,3,144456,1965041570,110423587,1964041570
sep4-window,0x872398bcf8c2d3fae83834ab159ace65b0aac24eeee8a0f0c6d01cd75a03abd3,25904101,1788526643,2026-09-04T12:57:23Z,190932,19362575420,1000000,1071693860,3,144456,1928472868,114202827,1927472868
sep4-window,0x09518d1711869179ef0729f540b7cc63288c8b50b202c5d827b53ff3a41aee0b,25904101,1788526643,2026-09-04T12:57:23Z,190933,19362575420,1000000,1071693860,3,144456,1928472868,114202827,1927472868
sep4-window,0xf1e5b74b137e576a7ae9276d446b6d37b122ecf9c483fe623a806279dbbcb53b,25904102,1788526655,2026-09-04T12:57:35Z,190934,19650415700,1000000,1104235870,3,144456,1881491986,116793909,1880491986
sep4-window,0xce42b11e837c06fb88fc57654e69f3b291af3d706f57189073695cbf2bbe0f76,25904103,1788526667,2026-09-04T12:57:47Z,190935,19650415700,1000000,1104235870,3,144456,1867907579,122153768,1866907579
sep4-window,0xccdab4e35b795ce41275ceb065f4d204bb7b94d2ba7e6944b2dd4aca568a5abd,25904103,1788526667,2026-09-04T12:57:47Z,190936,18814919860,1000000,1167939090,3,144456,1867907579,122153768,1866907579
sep4-window,0xfb569250930fadc262aa248aaf014472c98f238b49072aad47c495dd3a2e30cc,25904104,1788526679,2026-09-04T12:57:59Z,190937,18814919860,1000000,1167939090,3,144456,1817316897,112928923,1816316897
sep4-window,0x7dd2a4fd022f0724058014985856a21febaede30991912707b36bcb671c57348,25904105,1788526691,2026-09-04T12:58:11Z,190938,18679075790,1000000,1221537680,3,144456,1787099128,115491102,1786099128
sep4-window,0x05e31a36da1362fc410ac483af3f2f7cd292be122f2f3b1766893b786d740771,25904105,1788526691,2026-09-04T12:58:11Z,190939,18679075790,1000000,1221537680,3,144456,1787099128,115491102,1786099128
sep4-window,0x68eddf7eb40a83e3f99a2c73db029ec0b5c6550bb81bfe5871fbe74377445bcc,25904112,1788526775,2026-09-04T12:59:35Z,190940,18173168970,1000000,1129289230,3,144456,1457732397,82798473,1456732397
sep4-window,0x283174ad2e2857593f90312331dd8fb96dce20600fa5db4e4e2f32dcc406e393,25904112,1788526775,2026-09-04T12:59:35Z,190941,18173168970,1000000,1129289230,3,144456,1457732397,82798473,1456732397
sep4-window,0x4ba9b2092f9f5d60e4930edfab5b54a6709af2e4276a2997d4ce4e85fbe3f9a2,25904114,1788526799,2026-09-04T12:59:59Z,190942,17870991280,1000000,1154911020,3,144456,1373464291,91594067,1372464291
sep4-window,0x846bef5f0be85307f0f3d69276059445bdc4c37ad37d01884bf5279ef4c4ebf2,25904114,1788526799,2026-09-04T12:59:59Z,190943,16801706490,1000000,1055784240,3,144456,1373464291,91594067,1372464291
sep4-window,0xfb4fd94dfeedf169327fe857a13f8c79bafcd6ae5ec08719fc5a3033528a089c,25904114,1788526799,2026-09-04T12:59:59Z,190944,16801706490,1000000,1055784240,3,144456,1373464291,91594067,1372464291
sep4-window,0x56baa4160b8de8d1a7594f57dcc9e25de81b3be859ffbd00a86482eda31abce2,25904114,1788526799,2026-09-04T12:59:59Z,190945,16290035420,1000000,965165580,3,144456,1373464291,91594067,1372464291
sep4-window,0xa72f11a0ece35d00cf251f7436ab4d6f2b8a79a7f5f7a12b49308037450a4c5b,25904114,1788526799,2026-09-04T12:59:59Z,190946,14577323970,1000000,827984730,3,144456,1373464291,91594067,1372464291
sep4-window,0x141ca9ed4855983c36fd6ca90d7b346bc48848935b302f28414617457aca93eb,25904122,1788526895,2026-09-04T13:01:35Z,190947,14355021450,1000000,895620460,3,144456,1428072879,79462004,1427072879
sep4-window,0xe1d623232f3e4a71fc504a1d4ad2f7f145c0b299c805cf71e4addd6fc4bb9cdc,25904122,1788526895,2026-09-04T13:01:35Z,190948,13734642910,1000000,915940670,3,144456,1428072879,79462004,1427072879
sep4-window,0x2cfaa0f5633651273338ff81ec9f8c5c044a7b5a21dd6cfe7e964ed01cd040b3,25904122,1788526895,2026-09-04T13:01:35Z,190949,13734642910,1000000,915940670,3,152885,1428072879,79462004,1427072879
sep4-window,0x8b5b44ccf7919b8ff8d6aa5d331c39bd3cda528d7f221323d1f975ae76ab1820,25904128,1788526967,2026-09-04T13:02:47Z,190950,14565971920,1000000,936721920,3,144456,1448427728,83419968,1447427728
sep4-window,0x9ea5cb6e261772c87d8ee72a19168eb82197f347d41e29c1bfd4fab443f4535e,25904128,1788526967,2026-09-04T13:02:47Z,190951,14565971920,1000000,936721920,3,144456,1448427728,83419968,1447427728
sep4-window,0x54c93dee01dcfaa5a0e02d271c91b854e2ee052283f2452afee2f34a9763bef4,25904128,1788526967,2026-09-04T13:02:47Z,190952,14509212750,1000000,756918250,3,144456,1448427728,83419968,1447427728
sep4-window,0x067dfdf3e81c7de978fe6a5d6aa677aa178c0d86a11905bb1f1c03bc19668796,25904128,1788526967,2026-09-04T13:02:47Z,190953,15136798020,2000000,856322380,3,144456,1449427728,83419968,1447427728
sep4-window,0x59f64962036fe7bade336def0906d692ee915ffd2d8b44fee78439e9e591892a,25904130,1788526991,2026-09-04T13:03:11Z,190954,15216798020,10000000,856322380,3,144456,1378887245,87575083,1368887245
sep4-window,0x5c11d59435b2eeb2efac09f0c991184fd344c6a545fd67411b75441329536632,25904130,1788526991,2026-09-04T13:03:11Z,190955,14150254640,10000000,856322380,3,144456,1378887245,87575083,1368887245
sep4-window,0xac4dbe4a6a8e3b59403adf975e9796c0f48f640f2fa7f0be295d36bf138d64ac,25904130,1788526991,2026-09-04T13:03:11Z,190956,14574277280,10000000,834199680,3,144456,1378887245,87575083,1368887245
sep4-window,0x5b8d7f3d899b91b60f4e27f362699488c036fdb21cc7dc54e2056ee31870827d,25904132,1788527015,2026-09-04T13:03:35Z,190957,14283330120,1100000,895620230,3,144456,1392621976,84677017,1391521976
sep4-window,0xf98605a3e828bfc4c2684a88539236280e474f326b6d315be7cf8cad035b853e,25904133,1788527027,2026-09-04T13:03:47Z,190958,13925219760,1000000,846770170,3,144456,1368975303,87575083,1367975303
sep4-window,0x284dc54c2c2ce4c58a31afd5a17c8f14a393981fd195648eac97b64fb8aba07b,25904135,1788527051,2026-09-04T13:04:11Z,190959,13689753030,1000000,875750830,3,144456,1291821281,81874855,1290821281
sep4-window,0xa5b924e6ccd98259f5d5840aafb7ad071af80b448b2a1cd3f8a1d8a85e336328,25904136,1788527063,2026-09-04T13:04:23Z,190960,13180961640,1000000,774091330,3,144456,1280731389,73186985,1279731389
sep4-window,0x9fd2252290c4cae67c6bd0d7aa3406c6d77206dd7081815b618aa52a2de9074f,25904139,1788527099,2026-09-04T13:04:59Z,190961,12918212810,1000000,818748550,3,144456,1141378412,65420999,1140378412
sep4-window,0x38ea428ffc5878522df9cc3797843aa62451dace7173c26835d0c9b0d029f59f,25904139,1788527099,2026-09-04T13:04:59Z,190962,12091433640,1000000,765456530,3,152873,1141378412,65420999,1140378412
sep4-window,0x29ef9c61a28efb109e3432ecf5687ecf83d3eefb01a8c2789940e0579ad4a90a,25904140,1788527111,2026-09-04T13:05:11Z,190963,11413784120,1000000,654209990,3,152885,1152227017,67155931,1151227017
sep4-window,0xe03f67193c044c8767045ba0ce3d0279ae98cb2f2def4b933c84c67d70388b1c,25904142,1788527135,2026-09-04T13:05:35Z,190964,11522270170,1000000,671559310,3,144456,1125807477,69714520,1124807477
sep4-window,0x913712504632fbb1fa1a96c124c58f2bf909b39b74236f45139c1683ee152d84,25904143,1788527147,2026-09-04T13:05:47Z,190965,11258074770,1000000,697145200,3,144456,1111414319,70500941,1110414319
sep4-window,0x4681ca7951df5766d8a3f232656a2fe0a9d61c71d904039067d9b207f250f090,25904146,1788527183,2026-09-04T13:06:23Z,190966,11114143190,1000000,705009410,3,144456,1003986472,63730877,1002986472
sep4-window,0x0f8e0425d86b0a0ad10966ef8b929d1822efc7205ee92d530af948ac7f5a9f5b,25904146,1788527183,2026-09-04T13:06:23Z,190967,10453389670,1000000,712962330,3,144456,1003986472,63730877,1002986472
sep4-window,0xa093c3ddd1c4dd936b1ff812014dea732db6a1ee9356fb6cd8aa06d5aed9c9a0,25904147,1788527195,2026-09-04T13:06:35Z,190968,10500207990,1000000,637308770,3,144456,1028536486,65912062,1027536486
sep4-window,0xe1d5d9813a95e41834c559f72c10e2c498efd1351eeacf4811214fee92b659cf,25904149,1788527219,2026-09-04T13:06:59Z,190969,10285364860,1000000,659120620,3,144456,986663165,60254786,985663165
sep4-window,0x2db5eb3bf60af19761eceafb39d224f344c8f576f8fb533acdc54f8ac3b7885f,25904150,1788527231,2026-09-04T13:07:11Z,190970,10331712660,1000000,589180290,3,144456,950585039,60934495,949585039
sep4-window,0x9317864519359913a519bb16315380e5864dd3476a5557128d15c2f254a7f1b3,25904151,1788527243,2026-09-04T13:07:23Z,190971,9866631650,1000000,602547860,3,144456,939403466,57610929,938403466
sep4-window,0x87cc4c4978105ca7f6e91827fd58928ab208541fa9a1cfed1d75f075268705ab,25904153,1788527267,2026-09-04T13:07:47Z,190972,9505850390,1000000,609344950,3,144456,927882820,53861056,926882820
sep4-window,0x31f1a37e24e1b8a976504932f63c25aadad17f4f5d56038c366d4e5dbd05d5d3,25904154,1788527279,2026-09-04T13:07:59Z,190973,9053000080,1000000,595826590,3,144456,908254910,54468640,907254910
sep4-window,0x52f43d65ca6fccaabfa1a70865025ab6725d5353d5d3f3444480bbe2469bcfb9,25904155,1788527291,2026-09-04T13:08:11Z,190974,9278828200,1000000,538610560,3,144456,903838390,56332826,902838390
sep4-window,0x306cfeea0cc998ae01455674de28f403e44741e1c6bbff994e0d67a569590f66,25904157,1788527315,2026-09-04T13:08:35Z,190975,9082549100,1000000,544686400,3,144444,859288044,55083078,858288044
sep4-window,0xa8dc351845e1be46c43a853dcc3e12ffe268c7293297305bc0f36ecd430ee4d2,25904158,1788527327,2026-09-04T13:08:47Z,190976,9038383900,1000000,563328260,3,144456,892651034,48688887,891651034
sep4-window,0x2e0b3a598839e71d8c736ea2a60c41ff09c7a5afccdb6d46199ae33d8bac5833,25904159,1788527339,2026-09-04T13:08:59Z,190977,8592880440,1000000,550830780,3,144456,892563010,49980091,891563010
sep4-window,0xfc899600ac1fbd10a7148a5d3665f2b2011046548019d1818ea13e8d98140ca4,25904160,1788527351,2026-09-04T13:09:11Z,190978,8926510340,1000000,486888870,3,152885,891884862,52078662,890884862
sep4-window,0x7f578fac3a8b692299b59c979cef37b32ea22ea933cf5067fa97d7420cdde999,25904161,1788527363,2026-09-04T13:09:23Z,190979,8925630100,1000000,499800910,3,144456,880566096,52666140,879566096
sep4-window,0xcc56a1bdf46bcb4f23de2453f3f1a775cd59e3a143e791695052530d1bfc3e24,25904162,1788527375,2026-09-04T13:09:35Z,190980,8918848620,1000000,520786620,3,144456,914958907,54265348,913958907
sep4-window,0x5a34e50d2c23717105dc2d3bc36247cb0be5eb1e26cf09c26e67e9598f289f0b,25904166,1788527423,2026-09-04T13:10:23Z,190981,9149589070,1000000,542653480,3,144456,904422805,52469575,903422805
sep4-window,0x9f167fe0548aebbe4ddcefb663f81092ca71f8494f48cb82e37ead247b5f9b2a,25904166,1788527423,2026-09-04T13:10:23Z,190982,9190552780,1000000,565438490,3,144456,904422805,52469575,903422805
sep4-window,0xe7ddeaee2b82597dacb8ab89af04d7feb76a4ddb00d70d6b72f7ed0e78269a1c,25904168,1788527447,2026-09-04T13:10:47Z,190983,8928010960,1000000,569682830,3,144456,838170577,46205672,837170577
sep4-window,0x1a699f9c8ba36108b155494cda4cee9db0ccdadff1c4b392039036776e74b94c,25904168,1788527447,2026-09-04T13:10:47Z,190984,8354219460,1000000,540628150,3,144456,838170577,46205672,837170577
sep4-window,0x968c679b0ee8e2277f1a95f73413c49087809b84b39d31d88d7520a37fbafdd8,25904169,1788527459,2026-09-04T13:10:59Z,190985,8381705770,1000000,462056720,3,144456,885073839,49422567,884073839
sep4-window,0x8221c6f1f839979bc8e064d8fa3e2c18cccd409360ba2f7af9940df4e1697d5d,25904171,1788527483,2026-09-04T13:11:23Z,190986,8850738390,1000000,494225670,3,144456,867052274,51305529,866052274
sep4-window,0xa8600ca5e1e39f54be688e6312cdb6f41f0ea2db12dbda98acc58c4bc30a316c,25904172,1788527495,2026-09-04T13:11:35Z,190987,8606094090,1000000,499800830,3,144456,859126954,52469571,858126954
sep4-window,0x147cc9173d4fe023166cb3de59319e21556af3130d789ff0afd676bdaa451ff0,25904173,1788527507,2026-09-04T13:11:47Z,190988,8591269540,1000000,524695710,3,144456,822091618,55289410,821091618
sep4-window,0x8d774ec199eca1f6be887de0a54c6688c8060c37438a91c1ee5507d39e49148f,25904174,1788527519,2026-09-04T13:11:59Z,190989,8220916180,1000000,552894100,3,144456,840102967,52273744,839102967
sep4-window,0x6e3e6ed008ed52ef7470ddb24eb097068d029bd4469546f64546d60305b00733,25904175,1788527531,2026-09-04T13:12:11Z,190990,8401029670,1000000,522737440,3,144456,819421516,54265334,818421516
sep4-window,0xf6d2eca06c32e6164d75a83f647b2ab8497739717830406cbf5f467a3505dbc3,25904177,1788527555,2026-09-04T13:12:35Z,190991,8194215160,1000000,542653340,3,144456,864252748,52078644,863252748
sep4-window,0x0216ed868665d085c9f945c5cf93b4b175965eadfc1a858c9c95bd272560f9a6,25904178,1788527567,2026-09-04T13:12:47Z,190992,8642527480,1000000,520786440,3,144456,867406753,52666122,866406753
sep4-window,0x291094d1fa99ee77cde1e4f15be699c83dd3b04e549b9cde6cb68d3a473309ea,25904179,1788527579,2026-09-04T13:12:59Z,190993,8674067530,1000000,526661220,3,144456,871466262,55496524,870466262
sep4-window,0x135f3931bc85aaae30728c2f6bee47df31f7b998ce9bbb7698e08b68ef274180,25904180,1788527591,2026-09-04T13:13:11Z,190994,8674067530,1000000,526661220,3,144456,909433142,51305521,908433142
sep4-window,0x46a54bd7e423f153c46472cf6ac58f310932b1982d251e47aa525e3c0a2ad80b,25904181,1788527603,2026-09-04T13:13:23Z,190995,8714662620,1000000,554965240,3,144456,950505281,53061449,949505281
sep4-window,0xb856e230ba60bdf7d2e9273d752d1433a2ce2acafd30e1b91328aebe7b95f0aa,25904183,1788527627,2026-09-04T13:13:47Z,190996,9094331420,1000000,513055210,3,144456,904994284,53861028,903994284
sep4-window,0xfe50a9a80f350b4e49c2841a06c19508c870614d6129e245056dd13e3f2ff612,25904183,1788527627,2026-09-04T13:13:47Z,190997,9584177810,1000000,536600130,3,144456,904994284,53861028,903994284
sep4-window,0xab577f03d1ede6c2124cb38c4be0c3e219014ee0b8fce8c2ae6d4a151c002d3d,25904184,1788527639,2026-09-04T13:13:59Z,190998,9584177810,1000000,536600130,3,144456,931864353,56543824,930864353
sep4-window,0x99c1ec196c8bf3d0f5d9f82261759374674f0c6fa8a14f9fa379fb561d4c1ae0,25904185,1788527651,2026-09-04T13:14:11Z,190999,9049942840,1000000,538610280,3,144456,872631787,58043338,871631787
sep4-window,0x23929325a6df3ad89957dfb64065f0b99b4f89d35a777227df79bbc729b31d75,25904186,1788527663,2026-09-04T13:14:23Z,191000,9318643530,1000000,565438240,3,144456,879499330,51884268,878499330
sep4-window,0x74cf97f05f7d16ab16099131c4f86284fcb39578c9c345cacfc559d5fa62c543,25904187,1788527675,2026-09-04T13:14:35Z,191001,9318643530,1000000,565438240,3,144456,866818412,52469553,865818412
sep4-window,0x87b560629e9d253b195b400ddf05a2be3118cb764221507c9c5e3db27ff5520a,25904188,1788527687,2026-09-04T13:14:47Z,191002,8726317870,1000000,580433380,3,152873,846642971,55704409,845642971
sep4-window,0x21b92984067bdc6c49b99c35499ec421e910a9819e0fccdf4ca3b40aa9942d9b,25904188,1788527687,2026-09-04T13:14:47Z,191003,8668184120,1000000,524695530,3,144456,846642971,55704409,845642971
sep4-window,0xbd815be734dced7912ddd585eb854463b9ca77e71b85dfb8eeb8cff3689e541d,25904189,1788527699,2026-09-04T13:14:59Z,191004,8466429710,1000000,557044090,3,144456,816212611,51497707,815212611
sep4-window,0x46eb90e474f6e62bc119c6d9bd5cee04d9c96dc68acb8d501770b8dbd50b3dc4,25904190,1788527711,2026-09-04T13:15:11Z,191005,8466429710,1000000,557044090,3,144456,820802607,46033204,819802607
sep4-window,0x8bb0246de0610f403f630ed064836c130f74d7f7ea90d7cf792b24bd38719423,25904191,1788527723,2026-09-04T13:15:23Z,191006,8162126110,1000000,514977070,3,144456,829883164,47608687,828883164
sep4-window,0x397eedc1520d4fded5339f3b25ef7c597e6a33aff1e9f9447138f47dfc20a760,25904192,1788527735,2026-09-04T13:15:35Z,191007,8298831640,1000000,476086870,3,144456,825722554,48507137,824722554
sep4-window,0x26ff5dbe8497890362e3c1d7ea35778afed8f42831cf534cfe52e1b332b50785,25904193,1788527747,2026-09-04T13:15:47Z,191008,8257225540,1000000,485071370,3,144456,818765171,49054326,817765171
sep4-window,0x941dd797c1dd4cac74bf2ac40e7ee535f57a76a4c85dcab27368419380c409f2,25904194,1788527759,2026-09-04T13:15:59Z,191009,8257225540,1000000,485071370,3,144456,738882026,50733207,737882026
sep4-window,0x2dd24dacc4cc69f43a068a373fa62e655c45c7fd7ba9fdd824f894b9b498fa0c,25904195,1788527771,2026-09-04T13:16:11Z,191010,8187651710,1000000,490543260,3,144456,682322373,51305507,681322373
sep4-window,0x5da78d0f66997334140a9e7826a917ec95aed8b9fb7472ae550e07341f0a4655,25904197,1788527795,2026-09-04T13:16:35Z,191011,7388820260,1000000,507332070,3,144456,700114595,46378742,699114595
sep4-window,0x57b2a9f4d3da4789ceac77671e32a25b5ecaa4cbc06337770c3c3b557764cfc3,25904197,1788527795,2026-09-04T13:16:35Z,191012,7613698880,1000000,453498270,3,144456,700114595,46378742,699114595
sep4-window,0xbd21998d4e152e3083b97084d76d214d4d99eb6e92ab2231fec1faf19a2a0c66,25904199,1788527819,2026-09-04T13:16:59Z,191013,7613698880,1000000,453498270,3,144456,744599461,44843961,743599461
sep4-window,0xaec5cdcdb28cea0640cdc82c37e237ae2f735dc798a28fca7bc3c20049c4b166,25904199,1788527819,2026-09-04T13:16:59Z,191014,7001145950,1000000,463787420,3,144456,744599461,44843961,743599461
sep4-window,0x8b28611c2311dd38cbfc6e76903b19f7040db055b708394fc2a88dd01edc01ad,25904200,1788527843,2026-09-04T13:17:23Z,191015,7429874100,1000000,448439610,3,144456,772717057,47966052,771717057
sep4-window,0x91d3dc16bb16adfe94b6240dac3a9057686d7e1e611b924f7869866802b7d4af,25904200,1788527843,2026-09-04T13:17:23Z,191016,7445994610,1000000,448439610,3,144456,772717057,47966052,771717057
sep4-window,0x278b7927ef0575391a0dc5c622f003ba8028c58656f877f87d2091c2cd38eccc,25904203,1788527879,2026-09-04T13:17:59Z,191017,7445994610,1000000,448439610,3,144456,811572471,47608683,810572471
sep4-window,0xb680b18814d3ecdefaed69a4352611767e79bfe9b9af9fc425d510e8393188b3,25904203,1788527879,2026-09-04T13:17:59Z,191018,7727170570,1000000,479660520,3,144456,811572471,47608683,810572471
sep4-window,0x617ad4233ffae48b42150bf818be67e4c66e9076dd2fd780bc0883fc25b4e1ec,25904203,1788527879,2026-09-04T13:17:59Z,191019,7685603800,1000000,503552220,3,144456,811572471,47608683,810572471
sep4-window,0x2b084119e54feeaed72a4daeba505b1e6f5c2cc38392bbf900c2aa0b6be33dc6,25904203,1788527879,2026-09-04T13:17:59Z,191020,8245912450,1000000,476086830,3,144456,811572471,47608683,810572471
sep4-window,0x27d137599e3e0d3760b1229ac47d41827d420b47c7fe6f30a1021cf34ce5a0b7,25904205,1788527903,2026-09-04T13:18:23Z,191021,8245912450,1000000,476086830,3,152885,860326968,46726871,859326968
sep4-window,0x34c61681bd080a6cae861b607fb0099088e7da97c9ebf29109e4e83d790cc578,25904206,1788527915,2026-09-04T13:18:35Z,191022,8115724710,1000000,476086830,3,144456,851573578,47608679,850573578
sep4-window,0x6c6917bec815dd0ae445c93959567faf3966d106eb6da01ea692eda7f8959c34,25904207,1788527927,2026-09-04T13:18:47Z,191023,8603269680,1000000,467268710,3,144456,865556564,48326091,864556564
sep4-window,0x5d4ad090272b4280c9b0edfb3ff28c47992b4fefc61a65dafac15d76c584652d,25904208,1788527939,2026-09-04T13:18:59Z,191024,8515735780,1000000,476086790,3,144456,864452908,50167278,863452908
sep4-window,0xb2ef1ad040d19c440f3abd0fddf7988356bc4327c18f5e437dff16176c31a450,25904209,1788527951,2026-09-04T13:19:11Z,191025,8655565640,1000000,483260910,3,144456,819777355,50733194,818777355
sep4-window,0x4283dcab48b6357265d1ca7df19e6e9fac12b91e256db53e7330864ada47aed8,25904210,1788527963,2026-09-04T13:19:23Z,191026,8644529080,1000000,501672780,3,144456,834516845,51497689,833516845
sep4-window,0x24f9d0db2531416c414e9578499e35d58e0a71edaa5f04f86d96fe3a92715df4,25904211,1788527975,2026-09-04T13:19:35Z,191027,8197773550,1000000,507331940,3,144456,834370185,53459712,833370185
sep4-window,0x64366223ce7d3502666dab6fcdc77aaa46bb476554470c59d03e63c61095be33,25904213,1788527999,2026-09-04T13:19:59Z,191028,8343701850,1000000,534597120,3,144456,798504164,49607666,797504164
sep4-window,0x0f50020764ae73bd68379a5b30b3286d0e10d062a897d277e12c59d40da02655,25904214,1788528011,2026-09-04T13:20:11Z,191029,8004205040,1000000,488712290,3,144456,799183733,51305485,798183733
sep4-window,0x8d11ed74fea879d4e98848234363612f641c65792f456f1821dccb110f99fc58,25904216,1788528035,2026-09-04T13:20:35Z,191030,7985041640,1000000,496076660,3,144456,799729904,48688828,798729904
sep4-window,0x60bfa60126f8cf67fcd388cd8453f73e57265fd5952e1fc79dbcccb269610006,25904218,1788528059,2026-09-04T13:20:59Z,191031,8154393630,1000000,485071160,3,144456,763186352,47253957,762186352
sep4-window,0x934af1fec42982085a6a34734f0796ca1e39cb515b9bb4543ec5b69437c38cab,25904218,1788528059,2026-09-04T13:20:59Z,191032,7997299040,1000000,486888280,3,144456,763186352,47253957,762186352
sep4-window,0x5efac46eea9f6a1a25515e0bc426e924732702fba851d3bdefc084597d717fdc,25904219,1788528071,2026-09-04T13:21:11Z,191033,8211409600,1000000,516905950,3,144456,758683336,49238062,757683336
sep4-window,0x918056f070fdd2f0551d09f7728af61cf64c6928c89cc219de037420dea5f884,25904221,1788528095,2026-09-04T13:21:35Z,191034,7631863520,1000000,472539570,3,144456,775243942,45011927,774243942
sep4-window,0x992f2cc8ecbdab8638d47b690d79a20fb1749590f292758dc80c0a7f5495cbb8,25904222,1788528107,2026-09-04T13:21:47Z,191035,7752439420,1000000,450119270,3,144456,769706530,45690208,768706530
sep4-window,0xf78f8967d83d0ceb02d54f7d589db9f13461cc28f04bd67322fb25f63d1ca37a,25904224,1788528131,2026-09-04T13:22:11Z,191036,7697065300,1000000,456902080,3,144456,800039951,47430970,799039951
sep4-window,0x64191defabddfb2c992415575769e57e70d5cc602dcd01ace7b3e47a031a302e,25904227,1788528167,2026-09-04T13:22:47Z,191037,7719814610,1000000,470775920,3,144456,829311016,49238054,828311016
sep4-window,0x6baa75a66a66fab241d17d3a94d97eae8525c8c942ce1084ba25a69164343b70,25904227,1788528167,2026-09-04T13:22:47Z,191038,8000399510,1000000,474309700,3,144456,829311016,49238054,828311016
sep4-window,0x8bb9c698b91c08a3cb9d4c70de76659affc0b03f859c9834149840fe8a25e63f,25904229,1788528191,2026-09-04T13:23:11Z,191039,8191777290,1000000,492380540,3,144456,697904118,46552449,696904118
sep4-window,0x6dfd4aa84ab11a44a7f0291c4584a37b4835963c645e7b7140823b7495297260,25904229,1788528191,2026-09-04T13:23:11Z,191040,8293110160,1000000,492380540,3,144456,697904118,46552449,696904118
sep4-window,0xdfde64d2ee491fea327357a0c3876f1d6873f418ff4eba9ca6c3264fae4c2cc3,25904230,1788528203,2026-09-04T13:23:23Z,191041,7572767110,1000000,509232230,3,144456,784946408,44013326,783946408
sep4-window,0xbbd87354662f794b34b48d5c877ff8436a98621a51babbecd3089f08145410b6,25904231,1788528215,2026-09-04T13:23:35Z,191042,6979041180,1000000,465524490,3,144456,816721656,45519680,815721656
sep4-window,0x73f264146c1a178a66802898dd01901adbaa4ed88d5d7fc83474e530354a5d92,25904233,1788528239,2026-09-04T13:23:59Z,191043,8167216560,1000000,455196800,3,144456,807359976,46205613,806359976
sep4-window,0x97b6b23a31f9e6c1755aebdd7bebb9a3c0fd4e1160a20880da61d6e07cedc8f4,25904234,1788528251,2026-09-04T13:24:11Z,191044,8205070050,1000000,462056130,3,144456,811119219,47077584,810119219
sep4-window,0x48bf56adbe9f2d4ee6bba97794c5de1fcce049bac2e4a8220adc1a588a2a78d7,25904235,1788528263,2026-09-04T13:24:23Z,191045,8073599760,1000000,462056130,3,144456,847839128,49980014,846839128
sep4-window,0xd08df0c3861ee72d2bbfee6d6b5e67cee53f36069fe0d48d95983d9d79d88713,25904237,1788528287,2026-09-04T13:24:47Z,191046,8478391280,1000000,499800140,3,144456,835508774,52078582,834508774
sep4-window,0x2b594f342052d9a7f09de1ddccaf54263761973ba56365f3c18369682860f50f,25904238,1788528299,2026-09-04T13:24:59Z,191047,8387222170,1000000,520785820,3,144456,812706156,53860968,811706156
sep4-window,0x81498be9c05deb33e20442b7b5bdd2eff83f2b53db000a3a5cce0505bcefc3a6,25904239,1788528311,2026-09-04T13:25:11Z,191048,8355087740,1000000,520785820,3,144456,833497342,50923215,832497342
sep4-window,0xe63327d0ae1d42c7b26bf6944b0c112eb0f70cc51733c155456f51bd0aeb465a,25904241,1788528335,2026-09-04T13:25:35Z,191049,8127061560,1000000,538609680,3,144456,756375803,47966007,755375803
sep4-window,0x27336002a3a93f81bf7fb0292536669fd7023f5c068b78319bf8e4c39f88adc3,25904241,1788528335,2026-09-04T13:25:35Z,191050,8334973420,1000000,509232150,3,152885,756375803,47966007,755375803
sep4-window,0xff7ea81f59e2a8255238f4fc253f5e66895c498dd6f6c37865057893fb90b52a,25904243,1788528359,2026-09-04T13:25:59Z,191051,7563758030,1000000,479660070,3,144456,819802524,49793475,818802524
sep4-window,0xf0de45ca1e2c7b0a3f98450d753a025794c9c8c22806bfe752bcb90896753e45,25904244,1788528371,2026-09-04T13:26:11Z,191052,8020533550,1000000,496076410,3,144456,813411126,51690568,812411126
sep4-window,0xb3f4c5c2b38044c5003deffaf060f453bfc8b5f8bdc89527d115292f3c926e6c,25904245,1788528383,2026-09-04T13:26:23Z,191053,8198025240,1000000,497934750,3,144456,798143115,48326050,797143115
sep4-window,0x6a6ebc10c2b1d14a2836fd2c3252049df80a88f805a0b83a672d74a44500ff10,25904247,1788528407,2026-09-04T13:26:47Z,191054,8134111260,1000000,516905680,3,144456,783767604,49980006,782767604
sep4-window,0x847e35400d3849a0a3ea2f49e91b57dedd9865e7570038e647c15e9c80159fa7,25904248,1788528419,2026-09-04T13:26:59Z,191055,8192657660,1000000,499800060,3,144456,717593044,44676549,716593044
sep4-window,0xf502e8ecba2c4b45827381cedf6a1005ab846139f7ae0ebdf385c42dce990036,25904250,1788528443,2026-09-04T13:27:23Z,191056,7175930440,1000000,446765490,3,144456,774729761,46901870,773729761
sep4-window,0x59e3438bf2cfe86f2b95e188c1b324c00ff6ce34bb5ad1c723e4363ff541ecc0,25904251,1788528455,2026-09-04T13:27:35Z,191057,7656342830,1000000,462056010,3,144456,770772095,49607632,769772095
sep4-window,0xdd500da66e1377de9d211c755181f629388d6acfa2eaa26ddb9e3db2c1bd8c80,25904252,1788528467,2026-09-04T13:27:47Z,191058,7707720950,1000000,496076320,3,144456,741625156,44343688,740625156
sep4-window,0x234b9802d4a3a5c0028564d4e560e063ee9e1f21b1af3ce77545423b050ba108,25904253,1788528479,2026-09-04T13:27:59Z,191059,7416251560,1000000,443436880,3,144456,704409233,44843911,703409233
sep4-window,0x2500f9286038a1ba4767b9d3061a86c9686e839b9787ca2a536586d015ec5877,25904255,1788528503,2026-09-04T13:28:23Z,191060,7044092330,1000000,448439110,3,144456,722508044,43849045,721508044
sep4-window,0xc40002e2296d0b4026c4687603913933dc7948e21796a9300dfd14313dc46fe9,25904256,1788528515,2026-09-04T13:28:35Z,191061,7225080440,1000000,438490450,3,144456,657721646,44843911,656721646
sep4-window,0xb10523d1b742b292ce40ce0fc94b67850d31b11c0056c0ad37dbc8c0f97d0e3e,25904258,1788528539,2026-09-04T13:28:59Z,191062,6577216460,1000000,448439110,3,144456,652401654,38326584,651401654
sep4-window,0x50a639288b3a7019fd0af450daf2100a4fe960cbdcf0aa6eac8fc16c2e107949,25904259,1788528551,2026-09-04T13:29:11Z,191063,7171196150,1000000,448439110,3,144456,673875055,38758930,672875055
sep4-window,0x6979c3628d9ee009e234e50ab36bbea747c70348fe14879e6238d8d21bb41dc5,25904261,1788528575,2026-09-04T13:29:35Z,191064,6524016540,1000000,383265840,3,144456,634276579,41768566,633276579
sep4-window,0x80ed4c91f474cdb6dfd3277ba8c72e6d232cd68e86a291ca924d58006e50f542,25904262,1788528587,2026-09-04T13:29:47Z,191065,6786166230,1000000,413026480,3,144456,685808041,40841927,684808041
sep4-window,0x3497b02b42c100588d91b25e649333d40c101e75e36d5313bfa7d71ee89a3bf9,25904263,1788528599,2026-09-04T13:29:59Z,191066,6342765790,1000000,417685660,3,144456,685144562,42556803,684144562
