block,timestamp,time_utc,gas_used,tx_count_incl_arbos_internal
54266000,1788524985,2026-09-04T12:29:45Z,6550991,16
54266010,1788524986,2026-09-04T12:29:46Z,3551344,15
54266020,1788524987,2026-09-04T12:29:47Z,4298412,15
54266030,1788524988,2026-09-04T12:29:48Z,4859854,18
54266040,1788524989,2026-09-04T12:29:49Z,4297744,13
54266050,1788524990,2026-09-04T12:29:50Z,3517274,10
54266060,1788524991,2026-09-04T12:29:51Z,2074257,12
54266070,1788524992,2026-09-04T12:29:52Z,6383813,20
54266080,1788524993,2026-09-04T12:29:53Z,6606325,23
54266090,1788524994,2026-09-04T12:29:54Z,5020934,17
54266100,1788524995,2026-09-04T12:29:55Z,10702742,28
54266110,1788524997,2026-09-04T12:29:57Z,8327676,28
54266120,1788524998,2026-09-04T12:29:58Z,4950715,20
54266130,1788524999,2026-09-04T12:29:59Z,5328534,12
54266140,1788525000,2026-09-04T12:30:00Z,2743317,22
54266150,1788525001,2026-09-04T12:30:01Z,6325073,26
54266160,1788525002,2026-09-04T12:30:02Z,32073846,163
54266170,1788525003,2026-09-04T12:30:03Z,15416026,62
54266180,1788525004,2026-09-04T12:30:04Z,11253335,49
54266190,1788525005,2026-09-04T12:30:05Z,19421956,154
54266200,1788525007,2026-09-04T12:30:07Z,8796214,60
54266210,1788525008,2026-09-04T12:30:08Z,8993814,40
54266220,1788525009,2026-09-04T12:30:09Z,3732013,33
54266230,1788525010,2026-09-04T12:30:10Z,6040134,37
54266240,1788525011,2026-09-04T12:30:11Z,5691757,44
54266250,1788525012,2026-09-04T12:30:12Z,5047324,24
54266260,1788525013,2026-09-04T12:30:13Z,13677009,20
54266270,1788525014,2026-09-04T12:30:14Z,11975059,28
54266280,1788525015,2026-09-04T12:30:15Z,4394267,32
54266290,1788525016,2026-09-04T12:30:16Z,4498156,24
54266300,1788525017,2026-09-04T12:30:17Z,4625420,17
54266310,1788525018,2026-09-04T12:30:18Z,7941690,17
54266320,1788525019,2026-09-04T12:30:19Z,3725081,19
54266330,1788525020,2026-09-04T12:30:20Z,8767211,25
54266340,1788525021,2026-09-04T12:30:21Z,4835357,27
54266350,1788525022,2026-09-04T12:30:22Z,5509690,20
54266360,1788525023,2026-09-04T12:30:23Z,3882239,15
54266370,1788525024,2026-09-04T12:30:24Z,6649074,17
54266380,1788525025,2026-09-04T12:30:25Z,4323393,19
54266390,1788525026,2026-09-04T12:30:26Z,8237306,31
54266400,1788525027,2026-09-04T12:30:27Z,9174851,17
54266410,1788525028,2026-09-04T12:30:28Z,4467505,19
54266420,1788525029,2026-09-04T12:30:29Z,9962835,29
54266430,1788525030,2026-09-04T12:30:30Z,7763449,28
54266440,1788525031,2026-09-04T12:30:31Z,4134520,18
54266450,1788525032,2026-09-04T12:30:32Z,2022744,9
54266460,1788525033,2026-09-04T12:30:33Z,4331022,11
54266470,1788525034,2026-09-04T12:30:34Z,3408333,10
54266480,1788525035,2026-09-04T12:30:35Z,3171980,19
54266490,1788525036,2026-09-04T12:30:36Z,6347071,29
54266500,1788525037,2026-09-04T12:30:37Z,5850964,19
54266510,1788525038,2026-09-04T12:30:38Z,3975209,12
54266520,1788525039,2026-09-04T12:30:39Z,6664093,21
54266530,1788525040,2026-09-04T12:30:40Z,2054060,10
54266540,1788525041,2026-09-04T12:30:41Z,7445360,14
54266550,1788525042,2026-09-04T12:30:42Z,1742713,7
54266560,1788525045,2026-09-04T12:30:45Z,18757405,34
54266570,1788525046,2026-09-04T12:30:46Z,2024095,14
54266580,1788525047,2026-09-04T12:30:47Z,7356578,26
54266590,1788525048,2026-09-04T12:30:48Z,6011412,25
54266600,1788525049,2026-09-04T12:30:49Z,1752687,13
54266610,1788525050,2026-09-04T12:30:50Z,4458076,13
54266620,1788525051,2026-09-04T12:30:51Z,7516251,20
54266630,1788525052,2026-09-04T12:30:52Z,8946368,26
54266640,1788525053,2026-09-04T12:30:53Z,3093530,16
54266650,1788525054,2026-09-04T12:30:54Z,2716689,12
54266660,1788525055,2026-09-04T12:30:55Z,7623307,21
54266670,1788525056,2026-09-04T12:30:56Z,4497501,18
54266680,1788525057,2026-09-04T12:30:57Z,2626405,12
54266690,1788525058,2026-09-04T12:30:58Z,7992338,17
54266700,1788525059,2026-09-04T12:30:59Z,2587613,16
54266710,1788525060,2026-09-04T12:31:00Z,10541287,19
54266720,1788525061,2026-09-04T12:31:01Z,5234566,18
54266730,1788525062,2026-09-04T12:31:02Z,5802478,18
54266740,1788525063,2026-09-04T12:31:03Z,3700614,23
54266750,1788525064,2026-09-04T12:31:04Z,10934067,16
54266760,1788525065,2026-09-04T12:31:05Z,2049476,10
54266770,1788525066,2026-09-04T12:31:06Z,4911794,22
54266780,1788525067,2026-09-04T12:31:07Z,6703299,20
54266790,1788525068,2026-09-04T12:31:08Z,4254039,11
54266800,1788525069,2026-09-04T12:31:09Z,5859887,23
54266810,1788525070,2026-09-04T12:31:10Z,2458715,12
54266820,1788525071,2026-09-04T12:31:11Z,4393992,17
54266830,1788525072,2026-09-04T12:31:12Z,4866025,14
54266840,1788525073,2026-09-04T12:31:13Z,5967827,26
54266850,1788525074,2026-09-04T12:31:14Z,16611630,22
54266860,1788525075,2026-09-04T12:31:15Z,3960449,21
54266870,1788525076,2026-09-04T12:31:16Z,8307639,29
54266880,1788525077,2026-09-04T12:31:17Z,6346319,19
54266890,1788525078,2026-09-04T12:31:18Z,2288956,9
54266900,1788525079,2026-09-04T12:31:19Z,6145661,16
54266910,1788525081,2026-09-04T12:31:21Z,5889341,26
54266920,1788525082,2026-09-04T12:31:22Z,5228101,25
54266930,1788525083,2026-09-04T12:31:23Z,1555377,8
54266940,1788525084,2026-09-04T12:31:24Z,6939980,24
54266950,1788525085,2026-09-04T12:31:25Z,3725146,18
54266960,1788525086,2026-09-04T12:31:26Z,12331429,112
54266970,1788525087,2026-09-04T12:31:27Z,11495744,123
54266980,1788525088,2026-09-04T12:31:28Z,11609111,98
54266990,1788525089,2026-09-04T12:31:29Z,11048378,99
54267000,1788525090,2026-09-04T12:31:30Z,10640376,78
54267010,1788525091,2026-09-04T12:31:31Z,15697288,76
54267020,1788525092,2026-09-04T12:31:32Z,5219426,25
54267030,1788525093,2026-09-04T12:31:33Z,1948619,13
54267040,1788525094,2026-09-04T12:31:34Z,2810994,13
54267050,1788525095,2026-09-04T12:31:35Z,4502799,22
54267060,1788525096,2026-09-04T12:31:36Z,2286168,19
54267070,1788525097,2026-09-04T12:31:37Z,2877236,19
54267080,1788525098,2026-09-04T12:31:38Z,5028204,24
54267090,1788525099,2026-09-04T12:31:39Z,6332359,24
54267100,1788525100,2026-09-04T12:31:40Z,6654338,35
54267110,1788525101,2026-09-04T12:31:41Z,8190129,42
54267120,1788525102,2026-09-04T12:31:42Z,3249660,20
54267130,1788525103,2026-09-04T12:31:43Z,2561306,12
54267140,1788525104,2026-09-04T12:31:44Z,3357846,16
54267150,1788525105,2026-09-04T12:31:45Z,4087573,25
54267160,1788525106,2026-09-04T12:31:46Z,5554136,29
54267170,1788525107,2026-09-04T12:31:47Z,3802481,19
54267180,1788525108,2026-09-04T12:31:48Z,8867166,22
54267190,1788525109,2026-09-04T12:31:49Z,2872028,12
54267200,1788525110,2026-09-04T12:31:50Z,12795670,28
54267210,1788525111,2026-09-04T12:31:51Z,2402423,12
54267220,1788525113,2026-09-04T12:31:53Z,3054901,12
54267230,1788525114,2026-09-04T12:31:54Z,9431765,21
54267240,1788525115,2026-09-04T12:31:55Z,1864414,9
54267250,1788525116,2026-09-04T12:31:56Z,1463216,8
54267260,1788525117,2026-09-04T12:31:57Z,4758772,18
54267270,1788525118,2026-09-04T12:31:58Z,4388344,26
54267280,1788525119,2026-09-04T12:31:59Z,4624963,17
54267290,1788525120,2026-09-04T12:32:00Z,8370423,21
54267300,1788525121,2026-09-04T12:32:01Z,9212552,23
54267310,1788525122,2026-09-04T12:32:02Z,4475010,16
54267320,1788525123,2026-09-04T12:32:03Z,2990468,15
54267330,1788525124,2026-09-04T12:32:04Z,4775119,29
54267340,1788525125,2026-09-04T12:32:05Z,3397203,21
54267350,1788525126,2026-09-04T12:32:06Z,3649916,15
54267360,1788525127,2026-09-04T12:32:07Z,3161380,17
54267370,1788525128,2026-09-04T12:32:08Z,5864903,19
54267380,1788525129,2026-09-04T12:32:09Z,3336744,15
54267390,1788525130,2026-09-04T12:32:10Z,7985926,26
54267400,1788525131,2026-09-04T12:32:11Z,11169376,44
54267410,1788525132,2026-09-04T12:32:12Z,13106982,46
54267420,1788525133,2026-09-04T12:32:13Z,8893715,37
54267430,1788525134,2026-09-04T12:32:14Z,3401705,16
54267440,1788525135,2026-09-04T12:32:15Z,7638842,22
54267450,1788525136,2026-09-04T12:32:16Z,8218593,22
54267460,1788525137,2026-09-04T12:32:17Z,4321106,14
54267470,1788525138,2026-09-04T12:32:18Z,6310894,27
54267480,1788525139,2026-09-04T12:32:19Z,3457984,11
54267490,1788525140,2026-09-04T12:32:20Z,9666422,26
54267500,1788525141,2026-09-04T12:32:21Z,6487254,33
54267510,1788525142,2026-09-04T12:32:22Z,7043817,25
54267520,1788525143,2026-09-04T12:32:23Z,2545869,13
54267530,1788525144,2026-09-04T12:32:24Z,2684324,14
54267540,1788525145,2026-09-04T12:32:25Z,3260503,17
54267550,1788525146,2026-09-04T12:32:26Z,10591728,37
54267560,1788525147,2026-09-04T12:32:27Z,2914381,11
54267570,1788525148,2026-09-04T12:32:28Z,5216990,27
54267580,1788525149,2026-09-04T12:32:29Z,6613957,28
54267590,1788525150,2026-09-04T12:32:30Z,3080629,15
54267600,1788525151,2026-09-04T12:32:31Z,13432475,36
54267610,1788525152,2026-09-04T12:32:32Z,6058975,19
54267620,1788525153,2026-09-04T12:32:33Z,6073417,18
54267630,1788525154,2026-09-04T12:32:34Z,4917716,14
54267640,1788525155,2026-09-04T12:32:35Z,7190365,29
54267650,1788525156,2026-09-04T12:32:36Z,3064906,15
54267660,1788525157,2026-09-04T12:32:37Z,5111008,25
54267670,1788525159,2026-09-04T12:32:39Z,6037984,29
54267680,1788525160,2026-09-04T12:32:40Z,5883673,33
54267690,1788525161,2026-09-04T12:32:41Z,2749391,17
54267700,1788525162,2026-09-04T12:32:42Z,4936469,19
54267710,1788525163,2026-09-04T12:32:43Z,10832137,26
54267720,1788525164,2026-09-04T12:32:44Z,2296879,16
54267730,1788525164,2026-09-04T12:32:44Z,0,2
54267740,1788525164,2026-09-04T12:32:44Z,231444,3
54267750,1788525164,2026-09-04T12:32:44Z,0,2
54267760,1788525164,2026-09-04T12:32:44Z,0,2
54267770,1788525165,2026-09-04T12:32:45Z,1716507,16
54267780,1788525166,2026-09-04T12:32:46Z,1901906,12
54267790,1788525167,2026-09-04T12:32:47Z,2753390,14
54267800,1788525168,2026-09-04T12:32:48Z,3241285,14
54267810,1788525169,2026-09-04T12:32:49Z,12208258,118
54267820,1788525170,2026-09-04T12:32:50Z,21192231,38
54267830,1788525171,2026-09-04T12:32:51Z,3265662,15
54267840,1788525172,2026-09-04T12:32:52Z,1674283,10
54267850,1788525173,2026-09-04T12:32:53Z,5165930,20
54267860,1788525174,2026-09-04T12:32:54Z,8226229,24
54267870,1788525175,2026-09-04T12:32:55Z,1113159,11
54267880,1788525176,2026-09-04T12:32:56Z,11486034,37
54267890,1788525177,2026-09-04T12:32:57Z,9958436,23
54267900,1788525179,2026-09-04T12:32:59Z,5678310,19
54267910,1788525180,2026-09-04T12:33:00Z,4333408,16
54267920,1788525181,2026-09-04T12:33:01Z,3026999,13
54267930,1788525182,2026-09-04T12:33:02Z,1657622,6
54267940,1788525183,2026-09-04T12:33:03Z,4806300,17
54267950,1788525184,2026-09-04T12:33:04Z,2550088,14
54267960,1788525185,2026-09-04T12:33:05Z,2095933,9
54267970,1788525186,2026-09-04T12:33:06Z,4994639,17
54267980,1788525187,2026-09-04T12:33:07Z,3154998,16
54267990,1788525188,2026-09-04T12:33:08Z,2865562,11
54268000,1788525189,2026-09-04T12:33:09Z,7484635,21
54268010,1788525190,2026-09-04T12:33:10Z,4467543,29
54268020,1788525191,2026-09-04T12:33:11Z,4935438,16
54268030,1788525192,2026-09-04T12:33:12Z,6346668,29
54268040,1788525193,2026-09-04T12:33:13Z,7624441,29
54268050,1788525194,2026-09-04T12:33:14Z,7772857,19
54268060,1788525195,2026-09-04T12:33:15Z,6725739,27
54268070,1788525196,2026-09-04T12:33:16Z,4550834,15
54268080,1788525197,2026-09-04T12:33:17Z,6935771,22
54268090,1788525198,2026-09-04T12:33:18Z,4864321,21
54268100,1788525199,2026-09-04T12:33:19Z,4811025,23
54268110,1788525200,2026-09-04T12:33:20Z,6918188,73
54268120,1788525201,2026-09-04T12:33:21Z,9248327,19
54268130,1788525202,2026-09-04T12:33:22Z,6743210,110
54268140,1788525203,2026-09-04T12:33:23Z,3552621,14
54268150,1788525204,2026-09-04T12:33:24Z,8112022,24
54268160,1788525205,2026-09-04T12:33:25Z,5324215,19
54268170,1788525206,2026-09-04T12:33:26Z,4071401,14
54268180,1788525207,2026-09-04T12:33:27Z,4304886,19
54268190,1788525208,2026-09-04T12:33:28Z,5173761,24
54268200,1788525209,2026-09-04T12:33:29Z,5979557,29
54268210,1788525210,2026-09-04T12:33:30Z,4954765,20
54268220,1788525211,2026-09-04T12:33:31Z,7444716,13
54268230,1788525212,2026-09-04T12:33:32Z,4519771,16
54268240,1788525213,2026-09-04T12:33:33Z,4037959,13
54268250,1788525214,2026-09-04T12:33:34Z,6573796,22
54268260,1788525215,2026-09-04T12:33:35Z,4897979,13
54268270,1788525216,2026-09-04T12:33:36Z,4724829,25
54268280,1788525217,2026-09-04T12:33:37Z,4966463,19
54268290,1788525218,2026-09-04T12:33:38Z,7598432,20
54268300,1788525219,2026-09-04T12:33:39Z,6852921,18
54268310,1788525220,2026-09-04T12:33:40Z,8961643,28
54268320,1788525221,2026-09-04T12:33:41Z,4160668,15
54268330,1788525222,2026-09-04T12:33:42Z,1853859,11
54268340,1788525223,2026-09-04T12:33:43Z,4564876,13
54268350,1788525224,2026-09-04T12:33:44Z,3402239,12
54268360,1788525225,2026-09-04T12:33:45Z,8761864,29
54268370,1788525226,2026-09-04T12:33:46Z,4557889,14
54268380,1788525227,2026-09-04T12:33:47Z,7766790,15
54268390,1788525228,2026-09-04T12:33:48Z,8087364,27
54268400,1788525229,2026-09-04T12:33:49Z,3621472,18
54268410,1788525230,2026-09-04T12:33:50Z,2371003,11
54268420,1788525232,2026-09-04T12:33:52Z,8628036,33
54268430,1788525233,2026-09-04T12:33:53Z,6168136,28
54268440,1788525234,2026-09-04T12:33:54Z,3436635,17
54268450,1788525235,2026-09-04T12:33:55Z,5798751,14
54268460,1788525236,2026-09-04T12:33:56Z,9461097,22
54268470,1788525237,2026-09-04T12:33:57Z,4909679,36
54268480,1788525238,2026-09-04T12:33:58Z,7001283,29
54268490,1788525239,2026-09-04T12:33:59Z,2854982,9
54268500,1788525240,2026-09-04T12:34:00Z,18356278,17
54268510,1788525241,2026-09-04T12:34:01Z,9555460,21
54268520,1788525242,2026-09-04T12:34:02Z,3025240,11
54268530,1788525243,2026-09-04T12:34:03Z,13865267,30
54268540,1788525244,2026-09-04T12:34:04Z,8785152,25
54268550,1788525245,2026-09-04T12:34:05Z,7802432,17
54268560,1788525246,2026-09-04T12:34:06Z,14945199,21
54268570,1788525247,2026-09-04T12:34:07Z,6354863,22
54268580,1788525248,2026-09-04T12:34:08Z,9779518,20
54268590,1788525249,2026-09-04T12:34:09Z,5140378,19
54268600,1788525250,2026-09-04T12:34:10Z,3688474,12
54268610,1788525251,2026-09-04T12:34:11Z,7172339,28
54268620,1788525252,2026-09-04T12:34:12Z,5788978,24
54268630,1788525253,2026-09-04T12:34:13Z,2852303,12
54268640,1788525254,2026-09-04T12:34:14Z,2814827,16
54268650,1788525255,2026-09-04T12:34:15Z,6371266,18
54268660,1788525256,2026-09-04T12:34:16Z,5493737,15
54268670,1788525257,2026-09-04T12:34:17Z,12106750,15
54268680,1788525258,2026-09-04T12:34:18Z,14004007,28
54268690,1788525259,2026-09-04T12:34:19Z,8933474,20
54268700,1788525260,2026-09-04T12:34:20Z,3604573,11
54268710,1788525261,2026-09-04T12:34:21Z,6334238,22
54268720,1788525262,2026-09-04T12:34:22Z,2690385,14
54268730,1788525263,2026-09-04T12:34:23Z,7399131,19
54268740,1788525264,2026-09-04T12:34:24Z,6232478,26
54268750,1788525265,2026-09-04T12:34:25Z,18806743,31
54268760,1788525266,2026-09-04T12:34:26Z,4048427,17
54268770,1788525267,2026-09-04T12:34:27Z,5400604,12
54268780,1788525268,2026-09-04T12:34:28Z,6956551,21
54268790,1788525269,2026-09-04T12:34:29Z,7777842,25
54268800,1788525270,2026-09-04T12:34:30Z,4236985,12
54268810,1788525271,2026-09-04T12:34:31Z,2946695,9
54268820,1788525272,2026-09-04T12:34:32Z,7493007,21
54268830,1788525273,2026-09-04T12:34:33Z,7411768,23
54268840,1788525274,2026-09-04T12:34:34Z,1855916,8
54268850,1788525275,2026-09-04T12:34:35Z,3204896,13
54268860,1788525276,2026-09-04T12:34:36Z,7425799,18
54268870,1788525277,2026-09-04T12:34:37Z,5858100,28
54268880,1788525278,2026-09-04T12:34:38Z,8337265,22
54268890,1788525279,2026-09-04T12:34:39Z,4487647,14
54268900,1788525281,2026-09-04T12:34:41Z,4690625,27
54268910,1788525282,2026-09-04T12:34:42Z,4067375,16
54268920,1788525283,2026-09-04T12:34:43Z,10733846,23
54268930,1788525284,2026-09-04T12:34:44Z,9168635,21
54268940,1788525285,2026-09-04T12:34:45Z,10698372,18
54268950,1788525286,2026-09-04T12:34:46Z,4818213,16
54268960,1788525287,2026-09-04T12:34:47Z,6054546,24
54268970,1788525288,2026-09-04T12:34:48Z,7217241,21
54268980,1788525289,2026-09-04T12:34:49Z,8929948,24
54268990,1788525290,2026-09-04T12:34:50Z,6947184,30
54269000,1788525291,2026-09-04T12:34:51Z,7163752,28
54269010,1788525292,2026-09-04T12:34:52Z,7691615,21
54269020,1788525293,2026-09-04T12:34:53Z,2452895,18
54269030,1788525294,2026-09-04T12:34:54Z,7231014,38
54269040,1788525295,2026-09-04T12:34:55Z,15107398,59
54269050,1788525296,2026-09-04T12:34:56Z,4933953,26
54269060,1788525297,2026-09-04T12:34:57Z,7651710,27
54269070,1788525298,2026-09-04T12:34:58Z,9367430,33
54269080,1788525299,2026-09-04T12:34:59Z,7697068,23
54269090,1788525300,2026-09-04T12:35:00Z,4737697,17
54269100,1788525301,2026-09-04T12:35:01Z,4288797,13
54269110,1788525302,2026-09-04T12:35:02Z,10259816,17
54269120,1788525303,2026-09-04T12:35:03Z,6525918,21
54269130,1788525304,2026-09-04T12:35:04Z,5903872,20
54269140,1788525305,2026-09-04T12:35:05Z,6136417,20
54269150,1788525306,2026-09-04T12:35:06Z,2694503,12
54269160,1788525308,2026-09-04T12:35:08Z,6558048,18
54269170,1788525309,2026-09-04T12:35:09Z,6600218,22
54269180,1788525310,2026-09-04T12:35:10Z,1153525,10
54269190,1788525311,2026-09-04T12:35:11Z,8602595,26
54269200,1788525312,2026-09-04T12:35:12Z,9557673,30
54269210,1788525313,2026-09-04T12:35:13Z,4236634,13
54269220,1788525314,2026-09-04T12:35:14Z,7002398,12
54269230,1788525315,2026-09-04T12:35:15Z,2605533,12
54269240,1788525316,2026-09-04T12:35:16Z,7816147,24
54269250,1788525317,2026-09-04T12:35:17Z,3821363,13
54269260,1788525318,2026-09-04T12:35:18Z,9174672,16
54269270,1788525319,2026-09-04T12:35:19Z,8597617,23
54269280,1788525320,2026-09-04T12:35:20Z,18345233,44
54269290,1788525321,2026-09-04T12:35:21Z,10821541,28
54269300,1788525322,2026-09-04T12:35:22Z,2617217,10
54269310,1788525323,2026-09-04T12:35:23Z,5136060,12
54269320,1788525324,2026-09-04T12:35:24Z,20213309,37
54269330,1788525325,2026-09-04T12:35:25Z,5846345,17
54269340,1788525326,2026-09-04T12:35:26Z,4383194,16
54269350,1788525327,2026-09-04T12:35:27Z,7575427,14
54269360,1788525328,2026-09-04T12:35:28Z,9257672,38
54269370,1788525329,2026-09-04T12:35:29Z,13118180,24
54269380,1788525330,2026-09-04T12:35:30Z,4143515,12
54269390,1788525331,2026-09-04T12:35:31Z,14713224,33
54269400,1788525332,2026-09-04T12:35:32Z,9257606,23
54269410,1788525333,2026-09-04T12:35:33Z,6261403,16
54269420,1788525334,2026-09-04T12:35:34Z,2360357,10
54269430,1788525335,2026-09-04T12:35:35Z,4723700,15
54269440,1788525336,2026-09-04T12:35:36Z,16625092,35
54269450,1788525337,2026-09-04T12:35:37Z,11946368,27
54269460,1788525339,2026-09-04T12:35:39Z,6261981,15
54269470,1788525340,2026-09-04T12:35:40Z,9094936,23
54269480,1788525341,2026-09-04T12:35:41Z,7890213,18
54269490,1788525342,2026-09-04T12:35:42Z,6766955,15
54269500,1788525343,2026-09-04T12:35:43Z,5535292,15
54269510,1788525344,2026-09-04T12:35:44Z,6348968,22
54269520,1788525345,2026-09-04T12:35:45Z,5083466,19
54269530,1788525346,2026-09-04T12:35:46Z,2853069,12
54269540,1788525347,2026-09-04T12:35:47Z,5198571,15
54269550,1788525348,2026-09-04T12:35:48Z,6942927,18
54269560,1788525349,2026-09-04T12:35:49Z,7554760,22
54269570,1788525350,2026-09-04T12:35:50Z,16921945,47
54269580,1788525351,2026-09-04T12:35:51Z,18357102,50
54269590,1788525352,2026-09-04T12:35:52Z,12842426,25
54269600,1788525353,2026-09-04T12:35:53Z,6950729,14
54269610,1788525354,2026-09-04T12:35:54Z,16066226,34
54269620,1788525355,2026-09-04T12:35:55Z,6408088,13
54269630,1788525356,2026-09-04T12:35:56Z,5373821,17
54269640,1788525357,2026-09-04T12:35:57Z,8702935,18
54269650,1788525358,2026-09-04T12:35:58Z,9308834,23
54269660,1788525359,2026-09-04T12:35:59Z,2762901,8
54269670,1788525360,2026-09-04T12:36:00Z,19921163,26
54269680,1788525361,2026-09-04T12:36:01Z,23585660,38
54269690,1788525362,2026-09-04T12:36:02Z,4497170,14
54269700,1788525363,2026-09-04T12:36:03Z,5069178,15
54269710,1788525364,2026-09-04T12:36:04Z,6384392,13
54269720,1788525365,2026-09-04T12:36:05Z,6400005,17
54269730,1788525366,2026-09-04T12:36:06Z,8562972,19
54269740,1788525367,2026-09-04T12:36:07Z,4983470,10
54269750,1788525368,2026-09-04T12:36:08Z,1280844,8
54269760,1788525369,2026-09-04T12:36:09Z,2571066,9
54269770,1788525370,2026-09-04T12:36:10Z,12939958,29
54269780,1788525371,2026-09-04T12:36:11Z,5137526,11
54269790,1788525372,2026-09-04T12:36:12Z,6003250,16
54269800,1788525374,2026-09-04T12:36:14Z,13479458,38
54269810,1788525375,2026-09-04T12:36:15Z,10453753,19
54269820,1788525376,2026-09-04T12:36:16Z,11064806,21
54269830,1788525377,2026-09-04T12:36:17Z,8496700,20
54269840,1788525378,2026-09-04T12:36:18Z,9381692,21
54269850,1788525379,2026-09-04T12:36:19Z,7003232,18
54269860,1788525380,2026-09-04T12:36:20Z,6956641,31
54269870,1788525381,2026-09-04T12:36:21Z,22017598,38
54269880,1788525382,2026-09-04T12:36:22Z,10318557,21
54269890,1788525383,2026-09-04T12:36:23Z,4280587,14
54269900,1788525384,2026-09-04T12:36:24Z,8572002,24
54269910,1788525385,2026-09-04T12:36:25Z,9721198,19
54269920,1788525386,2026-09-04T12:36:26Z,8630049,19
54269930,1788525387,2026-09-04T12:36:27Z,4635138,14
54269940,1788525388,2026-09-04T12:36:28Z,6604231,15
54269950,1788525389,2026-09-04T12:36:29Z,5142653,15
54269960,1788525390,2026-09-04T12:36:30Z,3062978,14
54269970,1788525391,2026-09-04T12:36:31Z,9094067,21
54269980,1788525392,2026-09-04T12:36:32Z,7782874,17
54269990,1788525393,2026-09-04T12:36:33Z,15563893,41
54270000,1788525394,2026-09-04T12:36:34Z,6539028,14
54270010,1788525395,2026-09-04T12:36:35Z,2392135,9
54270020,1788525397,2026-09-04T12:36:37Z,7195484,17
54270030,1788525398,2026-09-04T12:36:38Z,10532761,27
54270040,1788525399,2026-09-04T12:36:39Z,6723210,14
54270050,1788525400,2026-09-04T12:36:40Z,12186268,26
54270060,1788525401,2026-09-04T12:36:41Z,5264869,24
54270070,1788525402,2026-09-04T12:36:42Z,5329320,19
54270080,1788525403,2026-09-04T12:36:43Z,7286852,16
54270090,1788525404,2026-09-04T12:36:44Z,9217057,21
54270100,1788525405,2026-09-04T12:36:45Z,6120341,11
54270110,1788525406,2026-09-04T12:36:46Z,4101178,12
54270120,1788525407,2026-09-04T12:36:47Z,13370948,25
54270130,1788525408,2026-09-04T12:36:48Z,5320987,17
54270140,1788525409,2026-09-04T12:36:49Z,17217850,31
54270150,1788525410,2026-09-04T12:36:50Z,2461341,11
54270160,1788525411,2026-09-04T12:36:51Z,19404696,39
54270170,1788525412,2026-09-04T12:36:52Z,2023057,13
54270180,1788525413,2026-09-04T12:36:53Z,4361695,19
54270190,1788525414,2026-09-04T12:36:54Z,9877759,24
54270200,1788525415,2026-09-04T12:36:55Z,4499971,17
54270210,1788525416,2026-09-04T12:36:56Z,3561765,12
54270220,1788525417,2026-09-04T12:36:57Z,4484750,20
54270230,1788525418,2026-09-04T12:36:58Z,8597151,29
54270240,1788525419,2026-09-04T12:36:59Z,1994220,8
54270250,1788525420,2026-09-04T12:37:00Z,5809856,17
54270260,1788525421,2026-09-04T12:37:01Z,3056818,16
54270270,1788525422,2026-09-04T12:37:02Z,5384632,17
54270280,1788525423,2026-09-04T12:37:03Z,5627371,13
54270290,1788525424,2026-09-04T12:37:04Z,9843722,27
54270300,1788525425,2026-09-04T12:37:05Z,3428208,12
54270310,1788525426,2026-09-04T12:37:06Z,4422928,9
54270320,1788525427,2026-09-04T12:37:07Z,2079625,10
54270330,1788525428,2026-09-04T12:37:08Z,7969611,12
54270340,1788525429,2026-09-04T12:37:09Z,5414306,25
54270350,1788525430,2026-09-04T12:37:10Z,7514032,20
54270360,1788525431,2026-09-04T12:37:11Z,8894830,25
54270370,1788525432,2026-09-04T12:37:12Z,5280852,15
54270380,1788525433,2026-09-04T12:37:13Z,4146220,15
54270390,1788525434,2026-09-04T12:37:14Z,7987737,21
54270400,1788525435,2026-09-04T12:37:15Z,10265638,28
54270410,1788525436,2026-09-04T12:37:16Z,6284462,15
54270420,1788525438,2026-09-04T12:37:18Z,10818887,63
54270430,1788525439,2026-09-04T12:37:19Z,10113524,45
54270440,1788525440,2026-09-04T12:37:20Z,8709015,39
54270450,1788525441,2026-09-04T12:37:21Z,6765319,24
54270460,1788525442,2026-09-04T12:37:22Z,10232722,32
54270470,1788525443,2026-09-04T12:37:23Z,6119024,13
54270480,1788525444,2026-09-04T12:37:24Z,9289951,20
54270490,1788525445,2026-09-04T12:37:25Z,8509219,26
54270500,1788525446,2026-09-04T12:37:26Z,12142409,29
54270510,1788525447,2026-09-04T12:37:27Z,5092167,24
54270520,1788525448,2026-09-04T12:37:28Z,1942437,12
54270530,1788525449,2026-09-04T12:37:29Z,3221114,10
54270540,1788525450,2026-09-04T12:37:30Z,6286612,14
54270550,1788525451,2026-09-04T12:37:31Z,1771366,15
54270560,1788525452,2026-09-04T12:37:32Z,4494559,15
54270570,1788525453,2026-09-04T12:37:33Z,16424471,86
54270580,1788525454,2026-09-04T12:37:34Z,5039439,20
54270590,1788525455,2026-09-04T12:37:35Z,5474384,19
54270600,1788525456,2026-09-04T12:37:36Z,10231124,30
54270610,1788525457,2026-09-04T12:37:37Z,9332721,30
54270620,1788525458,2026-09-04T12:37:38Z,3860452,14
54270630,1788525459,2026-09-04T12:37:39Z,4122367,14
54270640,1788525460,2026-09-04T12:37:40Z,5578988,18
54270650,1788525461,2026-09-04T12:37:41Z,2798250,12
54270660,1788525462,2026-09-04T12:37:42Z,3387557,20
54270670,1788525463,2026-09-04T12:37:43Z,4145347,16
54270680,1788525464,2026-09-04T12:37:44Z,6167924,27
54270690,1788525465,2026-09-04T12:37:45Z,3294843,11
54270700,1788525466,2026-09-04T12:37:46Z,7107422,28
54270710,1788525468,2026-09-04T12:37:48Z,3145273,18
54270720,1788525469,2026-09-04T12:37:49Z,9650849,31
54270730,1788525470,2026-09-04T12:37:50Z,5935897,22
54270740,1788525471,2026-09-04T12:37:51Z,5078562,22
54270750,1788525472,2026-09-04T12:37:52Z,5090986,15
54270760,1788525473,2026-09-04T12:37:53Z,5252127,19
54270770,1788525474,2026-09-04T12:37:54Z,8209574,28
54270780,1788525475,2026-09-04T12:37:55Z,5424787,19
54270790,1788525476,2026-09-04T12:37:56Z,4546135,15
54270800,1788525477,2026-09-04T12:37:57Z,3917348,21
54270810,1788525478,2026-09-04T12:37:58Z,8226537,31
54270820,1788525479,2026-09-04T12:37:59Z,5715360,18
54270830,1788525480,2026-09-04T12:38:00Z,4961251,20
54270840,1788525481,2026-09-04T12:38:01Z,7907795,13
54270850,1788525482,2026-09-04T12:38:02Z,8872822,25
54270860,1788525483,2026-09-04T12:38:03Z,6253026,67
54270870,1788525484,2026-09-04T12:38:04Z,4659928,40
54270880,1788525485,2026-09-04T12:38:05Z,11190490,38
54270890,1788525486,2026-09-04T12:38:06Z,5219337,11
54270900,1788525487,2026-09-04T12:38:07Z,1936369,11
54270910,1788525488,2026-09-04T12:38:08Z,4860116,13
54270920,1788525489,2026-09-04T12:38:09Z,6690596,21
54270930,1788525490,2026-09-04T12:38:10Z,6059908,43
54270940,1788525491,2026-09-04T12:38:11Z,20108618,37
54270950,1788525492,2026-09-04T12:38:12Z,8125343,21
54270960,1788525493,2026-09-04T12:38:13Z,2163389,13
54270970,1788525494,2026-09-04T12:38:14Z,5678481,16
54270980,1788525495,2026-09-04T12:38:15Z,6343671,25
54270990,1788525496,2026-09-04T12:38:16Z,2690357,12
54271000,1788525497,2026-09-04T12:38:17Z,6062016,33
54271010,1788525498,2026-09-04T12:38:18Z,2716615,16
54271020,1788525499,2026-09-04T12:38:19Z,1400730,16
54271030,1788525500,2026-09-04T12:38:20Z,4814221,17
54271040,1788525501,2026-09-04T12:38:21Z,3775901,15
54271050,1788525502,2026-09-04T12:38:22Z,4139344,25
54271060,1788525503,2026-09-04T12:38:23Z,14027129,44
54271070,1788525504,2026-09-04T12:38:24Z,7812055,30
54271080,1788525505,2026-09-04T12:38:25Z,7542415,22
54271090,1788525507,2026-09-04T12:38:27Z,3642678,24
54271100,1788525508,2026-09-04T12:38:28Z,1201031,9
54271110,1788525509,2026-09-04T12:38:29Z,1330758,17
54271120,1788525510,2026-09-04T12:38:30Z,4752905,13
54271130,1788525511,2026-09-04T12:38:31Z,5402526,24
54271140,1788525512,2026-09-04T12:38:32Z,2298749,13
54271150,1788525513,2026-09-04T12:38:33Z,7834374,15
54271160,1788525514,2026-09-04T12:38:34Z,5256279,25
54271170,1788525515,2026-09-04T12:38:35Z,12920301,17
54271180,1788525516,2026-09-04T12:38:36Z,1617423,8
54271190,1788525517,2026-09-04T12:38:37Z,5723802,12
54271200,1788525518,2026-09-04T12:38:38Z,6218848,27
54271210,1788525519,2026-09-04T12:38:39Z,6785792,21
54271220,1788525520,2026-09-04T12:38:40Z,1616012,8
54271230,1788525521,2026-09-04T12:38:41Z,1099933,6
54271240,1788525522,2026-09-04T12:38:42Z,4339364,11
54271250,1788525523,2026-09-04T12:38:43Z,3010948,15
54271260,1788525524,2026-09-04T12:38:44Z,1969659,17
54271270,1788525525,2026-09-04T12:38:45Z,2129043,10
54271280,1788525526,2026-09-04T12:38:46Z,3336433,16
54271290,1788525527,2026-09-04T12:38:47Z,2154693,24
54271300,1788525528,2026-09-04T12:38:48Z,1812779,6
54271310,1788525529,2026-09-04T12:38:49Z,10666050,29
54271320,1788525530,2026-09-04T12:38:50Z,8815464,23
54271330,1788525531,2026-09-04T12:38:51Z,4627191,10
54271340,1788525532,2026-09-04T12:38:52Z,4650825,12
54271350,1788525533,2026-09-04T12:38:53Z,7436167,31
54271360,1788525534,2026-09-04T12:38:54Z,8766567,26
54271370,1788525535,2026-09-04T12:38:55Z,3719188,22
54271380,1788525536,2026-09-04T12:38:56Z,4122003,22
54271390,1788525537,2026-09-04T12:38:57Z,5512346,11
54271400,1788525538,2026-09-04T12:38:58Z,1507254,6
54271410,1788525539,2026-09-04T12:38:59Z,2439326,7
54271420,1788525539,2026-09-04T12:38:59Z,0,2
54271430,1788525539,2026-09-04T12:38:59Z,0,2
54271440,1788525540,2026-09-04T12:39:00Z,0,2
54271450,1788525540,2026-09-04T12:39:00Z,5191888,15
54271460,1788525541,2026-09-04T12:39:01Z,3649551,17
54271470,1788525542,2026-09-04T12:39:02Z,1899319,7
54271480,1788525543,2026-09-04T12:39:03Z,5005602,20
54271490,1788525544,2026-09-04T12:39:04Z,1035499,8
54271500,1788525545,2026-09-04T12:39:05Z,508282,5
54271510,1788525546,2026-09-04T12:39:06Z,869262,3
54271520,1788525547,2026-09-04T12:39:07Z,4118467,19
54271530,1788525548,2026-09-04T12:39:08Z,875757,8
54271540,1788525549,2026-09-04T12:39:09Z,1627879,17
54271550,1788525550,2026-09-04T12:39:10Z,3272564,14
54271560,1788525551,2026-09-04T12:39:11Z,1970841,7
54271570,1788525552,2026-09-04T12:39:12Z,1597147,15
54271580,1788525553,2026-09-04T12:39:13Z,2674703,10
54271590,1788525554,2026-09-04T12:39:14Z,2016072,16
54271600,1788525555,2026-09-04T12:39:15Z,1174453,8
54271610,1788525556,2026-09-04T12:39:16Z,2660728,8
54271620,1788525557,2026-09-04T12:39:17Z,4129645,13
54271630,1788525558,2026-09-04T12:39:18Z,2265180,16
54271640,1788525559,2026-09-04T12:39:19Z,3057102,12
54271650,1788525560,2026-09-04T12:39:20Z,2895627,10
54271660,1788525561,2026-09-04T12:39:21Z,1093563,8
54271670,1788525562,2026-09-04T12:39:22Z,1992119,12
54271680,1788525563,2026-09-04T12:39:23Z,183335,5
54271690,1788525564,2026-09-04T12:39:24Z,1156844,7
54271700,1788525565,2026-09-04T12:39:25Z,3302492,14
54271710,1788525566,2026-09-04T12:39:26Z,2302874,13
54271720,1788525567,2026-09-04T12:39:27Z,4751457,24
54271730,1788525568,2026-09-04T12:39:28Z,5951842,20
54271740,1788525569,2026-09-04T12:39:29Z,4165046,20
54271750,1788525570,2026-09-04T12:39:30Z,376174,10
54271760,1788525571,2026-09-04T12:39:31Z,2035750,6
54271770,1788525572,2026-09-04T12:39:32Z,3248554,14
54271780,1788525573,2026-09-04T12:39:33Z,4418410,19
54271790,1788525574,2026-09-04T12:39:34Z,1760574,5
54271800,1788525575,2026-09-04T12:39:35Z,2155774,10
54271810,1788525576,2026-09-04T12:39:36Z,726244,7
54271820,1788525577,2026-09-04T12:39:37Z,2627352,9
54271830,1788525578,2026-09-04T12:39:38Z,1427066,10
54271840,1788525579,2026-09-04T12:39:39Z,837783,7
54271850,1788525581,2026-09-04T12:39:41Z,4968592,15
54271860,1788525582,2026-09-04T12:39:42Z,4546019,14
54271870,1788525583,2026-09-04T12:39:43Z,1768306,17
54271880,1788525584,2026-09-04T12:39:44Z,2886822,13
54271890,1788525585,2026-09-04T12:39:45Z,3093985,6
54271900,1788525586,2026-09-04T12:39:46Z,1341012,8
54271910,1788525587,2026-09-04T12:39:47Z,8237853,23
54271920,1788525588,2026-09-04T12:39:48Z,2120596,10
54271930,1788525589,2026-09-04T12:39:49Z,1440347,8
54271940,1788525590,2026-09-04T12:39:50Z,3570147,8
54271950,1788525591,2026-09-04T12:39:51Z,792048,5
54271960,1788525592,2026-09-04T12:39:52Z,922957,5
54271970,1788525593,2026-09-04T12:39:53Z,2054126,10
54271980,1788525594,2026-09-04T12:39:54Z,1432460,7
54271990,1788525595,2026-09-04T12:39:55Z,1057167,7
54272000,1788525596,2026-09-04T12:39:56Z,8111650,20
54272010,1788525597,2026-09-04T12:39:57Z,754195,10
54272020,1788525598,2026-09-04T12:39:58Z,4941500,21
54272030,1788525599,2026-09-04T12:39:59Z,708848,4
54272040,1788525600,2026-09-04T12:40:00Z,4436976,17
54272050,1788525601,2026-09-04T12:40:01Z,1400512,10
54272060,1788525602,2026-09-04T12:40:02Z,8086928,19
54272070,1788525603,2026-09-04T12:40:03Z,3331332,23
54272080,1788525604,2026-09-04T12:40:04Z,4014437,17
54272090,1788525605,2026-09-04T12:40:05Z,7121839,12
54272100,1788525606,2026-09-04T12:40:06Z,8963586,27
54272110,1788525607,2026-09-04T12:40:07Z,4979129,20
54272120,1788525608,2026-09-04T12:40:08Z,3475137,14
54272130,1788525610,2026-09-04T12:40:10Z,8355418,15
54272140,1788525611,2026-09-04T12:40:11Z,4253309,11
54272150,1788525612,2026-09-04T12:40:12Z,4264171,20
54272160,1788525613,2026-09-04T12:40:13Z,6471988,19
54272170,1788525614,2026-09-04T12:40:14Z,4480617,14
54272180,1788525615,2026-09-04T12:40:15Z,3299345,23
54272190,1788525616,2026-09-04T12:40:16Z,3675142,19
54272200,1788525617,2026-09-04T12:40:17Z,3093828,13
54272210,1788525618,2026-09-04T12:40:18Z,5243258,14
54272220,1788525619,2026-09-04T12:40:19Z,6054041,28
54272230,1788525620,2026-09-04T12:40:20Z,4447838,11
54272240,1788525621,2026-09-04T12:40:21Z,5551971,20
54272250,1788525622,2026-09-04T12:40:22Z,10051737,20
54272260,1788525623,2026-09-04T12:40:23Z,4484253,16
54272270,1788525624,2026-09-04T12:40:24Z,9168123,19
54272280,1788525625,2026-09-04T12:40:25Z,6123050,19
54272290,1788525626,2026-09-04T12:40:26Z,3113458,21
54272300,1788525627,2026-09-04T12:40:27Z,3319348,19
54272310,1788525628,2026-09-04T12:40:28Z,4304748,15
54272320,1788525629,2026-09-04T12:40:29Z,734996,9
54272330,1788525630,2026-09-04T12:40:30Z,4762532,19
54272340,1788525631,2026-09-04T12:40:31Z,1630935,7
54272350,1788525632,2026-09-04T12:40:32Z,3305998,15
54272360,1788525633,2026-09-04T12:40:33Z,5098151,19
54272370,1788525634,2026-09-04T12:40:34Z,8892189,19
54272380,1788525635,2026-09-04T12:40:35Z,3264149,13
54272390,1788525636,2026-09-04T12:40:36Z,4350097,16
54272400,1788525637,2026-09-04T12:40:37Z,347888,6
54272410,1788525638,2026-09-04T12:40:38Z,5274277,20
54272420,1788525639,2026-09-04T12:40:39Z,3109201,11
54272430,1788525640,2026-09-04T12:40:40Z,2942020,11
54272440,1788525641,2026-09-04T12:40:41Z,2557634,13
54272450,1788525642,2026-09-04T12:40:42Z,1124638,6
54272460,1788525643,2026-09-04T12:40:43Z,936688,6
54272470,1788525644,2026-09-04T12:40:44Z,2970861,9
54272480,1788525645,2026-09-04T12:40:45Z,1857918,13
54272490,1788525646,2026-09-04T12:40:46Z,4024233,19
54272500,1788525647,2026-09-04T12:40:47Z,5110787,10
54272510,1788525648,2026-09-04T12:40:48Z,2107923,7
54272520,1788525649,2026-09-04T12:40:49Z,4391458,13
54272530,1788525650,2026-09-04T12:40:50Z,2051646,8
54272540,1788525651,2026-09-04T12:40:51Z,1586398,6
54272550,1788525652,2026-09-04T12:40:52Z,906306,6
54272560,1788525653,2026-09-04T12:40:53Z,2042809,9
54272570,1788525654,2026-09-04T12:40:54Z,3327543,19
54272580,1788525655,2026-09-04T12:40:55Z,5922757,16
54272590,1788525656,2026-09-04T12:40:56Z,2773220,10
54272600,1788525657,2026-09-04T12:40:57Z,1525260,10
54272610,1788525658,2026-09-04T12:40:58Z,2438271,9
54272620,1788525659,2026-09-04T12:40:59Z,7036872,10
54272630,1788525660,2026-09-04T12:41:00Z,8097590,22
54272640,1788525661,2026-09-04T12:41:01Z,2715856,11
54272650,1788525662,2026-09-04T12:41:02Z,4985241,12
54272660,1788525663,2026-09-04T12:41:03Z,2701007,10
54272670,1788525666,2026-09-04T12:41:06Z,907073,13
54272680,1788525667,2026-09-04T12:41:07Z,4421441,27
54272690,1788525668,2026-09-04T12:41:08Z,2506259,11
54272700,1788525669,2026-09-04T12:41:09Z,2642337,13
54272710,1788525670,2026-09-04T12:41:10Z,4661529,12
54272720,1788525671,2026-09-04T12:41:11Z,28783152,49
54272730,1788525672,2026-09-04T12:41:12Z,2800239,11
54272740,1788525673,2026-09-04T12:41:13Z,2936488,10
54272750,1788525674,2026-09-04T12:41:14Z,6506431,28
54272760,1788525675,2026-09-04T12:41:15Z,4077478,16
54272770,1788525676,2026-09-04T12:41:16Z,4274217,10
54272780,1788525677,2026-09-04T12:41:17Z,9684515,14
54272790,1788525678,2026-09-04T12:41:18Z,5296569,20
54272800,1788525679,2026-09-04T12:41:19Z,1351111,10
54272810,1788525680,2026-09-04T12:41:20Z,2174421,10
54272820,1788525681,2026-09-04T12:41:21Z,1552367,8
54272830,1788525682,2026-09-04T12:41:22Z,8957953,23
54272840,1788525683,2026-09-04T12:41:23Z,3294388,8
54272850,1788525684,2026-09-04T12:41:24Z,5395226,18
54272860,1788525685,2026-09-04T12:41:25Z,3657282,16
54272870,1788525686,2026-09-04T12:41:26Z,3009768,15
54272880,1788525687,2026-09-04T12:41:27Z,4026082,7
54272890,1788525688,2026-09-04T12:41:28Z,1663880,7
54272900,1788525689,2026-09-04T12:41:29Z,635711,6
54272910,1788525690,2026-09-04T12:41:30Z,2305292,7
54272920,1788525691,2026-09-04T12:41:31Z,463945,6
54272930,1788525692,2026-09-04T12:41:32Z,3057153,7
54272940,1788525693,2026-09-04T12:41:33Z,6512560,15
54272950,1788525694,2026-09-04T12:41:34Z,3660155,10
54272960,1788525695,2026-09-04T12:41:35Z,3006369,8
54272970,1788525696,2026-09-04T12:41:36Z,2432292,20
54272980,1788525697,2026-09-04T12:41:37Z,6137652,26
54272990,1788525698,2026-09-04T12:41:38Z,2111518,15
54273000,1788525699,2026-09-04T12:41:39Z,2983898,14
54273010,1788525700,2026-09-04T12:41:40Z,4705235,9
54273020,1788525701,2026-09-04T12:41:41Z,5184854,12
54273030,1788525702,2026-09-04T12:41:42Z,4865193,17
54273040,1788525703,2026-09-04T12:41:43Z,1945121,10
54273050,1788525704,2026-09-04T12:41:44Z,1838576,12
54273060,1788525705,2026-09-04T12:41:45Z,4072993,8
54273070,1788525706,2026-09-04T12:41:46Z,1756382,8
54273080,1788525707,2026-09-04T12:41:47Z,4593137,15
54273090,1788525708,2026-09-04T12:41:48Z,1607023,9
54273100,1788525709,2026-09-04T12:41:49Z,5201389,18
54273110,1788525710,2026-09-04T12:41:50Z,4926674,13
54273120,1788525711,2026-09-04T12:41:51Z,2931085,10
54273130,1788525712,2026-09-04T12:41:52Z,6433816,18
54273140,1788525713,2026-09-04T12:41:53Z,2952379,8
54273150,1788525714,2026-09-04T12:41:54Z,5441388,17
54273160,1788525715,2026-09-04T12:41:55Z,3667978,15
54273170,1788525716,2026-09-04T12:41:56Z,3487153,10
54273180,1788525717,2026-09-04T12:41:57Z,4261022,10
54273190,1788525718,2026-09-04T12:41:58Z,3269224,17
54273200,1788525719,2026-09-04T12:41:59Z,774362,6
54273210,1788525720,2026-09-04T12:42:00Z,3940730,13
54273220,1788525721,2026-09-04T12:42:01Z,3372255,8
54273230,1788525722,2026-09-04T12:42:02Z,7410529,18
54273240,1788525723,2026-09-04T12:42:03Z,2464292,10
54273250,1788525724,2026-09-04T12:42:04Z,7037020,12
54273260,1788525725,2026-09-04T12:42:05Z,497016,5
54273270,1788525726,2026-09-04T12:42:06Z,7148553,16
54273280,1788525727,2026-09-04T12:42:07Z,3912511,15
54273290,1788525728,2026-09-04T12:42:08Z,2098100,11
54273300,1788525729,2026-09-04T12:42:09Z,833285,6
54273310,1788525730,2026-09-04T12:42:10Z,4057373,11
54273320,1788525731,2026-09-04T12:42:11Z,5323815,16
54273330,1788525732,2026-09-04T12:42:12Z,6149822,18
54273340,1788525733,2026-09-04T12:42:13Z,2145773,6
54273350,1788525734,2026-09-04T12:42:14Z,2539727,7
54273360,1788525735,2026-09-04T12:42:15Z,9879498,31
54273370,1788525736,2026-09-04T12:42:16Z,4264941,17
54273380,1788525738,2026-09-04T12:42:18Z,898806,11
54273390,1788525739,2026-09-04T12:42:19Z,2870148,8
54273400,1788525740,2026-09-04T12:42:20Z,8433734,17
54273410,1788525741,2026-09-04T12:42:21Z,1488845,8
54273420,1788525742,2026-09-04T12:42:22Z,877012,7
54273430,1788525743,2026-09-04T12:42:23Z,5717427,12
54273440,1788525744,2026-09-04T12:42:24Z,455556,2
54273450,1788525745,2026-09-04T12:42:25Z,5343487,21
54273460,1788525746,2026-09-04T12:42:26Z,3146970,14
54273470,1788525747,2026-09-04T12:42:27Z,4965341,13
54273480,1788525748,2026-09-04T12:42:28Z,4282406,15
54273490,1788525749,2026-09-04T12:42:29Z,4397352,13
54273500,1788525750,2026-09-04T12:42:30Z,3613574,10
54273510,1788525751,2026-09-04T12:42:31Z,2634128,11
54273520,1788525752,2026-09-04T12:42:32Z,5947069,18
54273530,1788525753,2026-09-04T12:42:33Z,7416874,22
54273540,1788525754,2026-09-04T12:42:34Z,4073788,12
54273550,1788525755,2026-09-04T12:42:35Z,5634758,14
54273560,1788525756,2026-09-04T12:42:36Z,2138130,14
54273570,1788525757,2026-09-04T12:42:37Z,5857584,19
54273580,1788525758,2026-09-04T12:42:38Z,6798703,28
54273590,1788525759,2026-09-04T12:42:39Z,689450,6
54273600,1788525760,2026-09-04T12:42:40Z,9867251,20
54273610,1788525761,2026-09-04T12:42:41Z,4045246,9
54273620,1788525762,2026-09-04T12:42:42Z,1583050,6
54273630,1788525763,2026-09-04T12:42:43Z,8441927,19
54273640,1788525764,2026-09-04T12:42:44Z,3026642,12
54273650,1788525765,2026-09-04T12:42:45Z,6999373,11
54273660,1788525766,2026-09-04T12:42:46Z,6749210,22
54273670,1788525767,2026-09-04T12:42:47Z,5846740,16
54273680,1788525768,2026-09-04T12:42:48Z,5303066,20
54273690,1788525769,2026-09-04T12:42:49Z,3301053,8
54273700,1788525770,2026-09-04T12:42:50Z,3471891,22
54273710,1788525771,2026-09-04T12:42:51Z,9646791,24
54273720,1788525772,2026-09-04T12:42:52Z,4130924,17
54273730,1788525773,2026-09-04T12:42:53Z,5169602,110
54273740,1788525774,2026-09-04T12:42:54Z,13965980,36
54273750,1788525775,2026-09-04T12:42:55Z,6877448,15
54273760,1788525776,2026-09-04T12:42:56Z,1249028,6
54273770,1788525777,2026-09-04T12:42:57Z,2413329,7
54273780,1788525778,2026-09-04T12:42:58Z,10814003,20
54273790,1788525779,2026-09-04T12:42:59Z,12102739,41
54273800,1788525780,2026-09-04T12:43:00Z,4247461,22
54273810,1788525781,2026-09-04T12:43:01Z,1785136,10
54273820,1788525782,2026-09-04T12:43:02Z,3465216,17
54273830,1788525783,2026-09-04T12:43:03Z,8118096,22
54273840,1788525784,2026-09-04T12:43:04Z,6266997,19
54273850,1788525785,2026-09-04T12:43:05Z,5469352,14
54273860,1788525786,2026-09-04T12:43:06Z,4401139,12
54273870,1788525788,2026-09-04T12:43:08Z,6674314,18
54273880,1788525789,2026-09-04T12:43:09Z,2053886,11
54273890,1788525790,2026-09-04T12:43:10Z,5944982,13
54273900,1788525791,2026-09-04T12:43:11Z,917589,4
54273910,1788525792,2026-09-04T12:43:12Z,8628013,12
54273920,1788525793,2026-09-04T12:43:13Z,4050695,12
54273930,1788525794,2026-09-04T12:43:14Z,4024302,11
54273940,1788525795,2026-09-04T12:43:15Z,10867119,26
54273950,1788525796,2026-09-04T12:43:16Z,3477727,14
54273960,1788525797,2026-09-04T12:43:17Z,3088216,10
54273970,1788525798,2026-09-04T12:43:18Z,961359,6
54273980,1788525799,2026-09-04T12:43:19Z,5186206,20
54273990,1788525800,2026-09-04T12:43:20Z,4717661,9
54274000,1788525801,2026-09-04T12:43:21Z,5959906,22
54274010,1788525802,2026-09-04T12:43:22Z,8154584,20
54274020,1788525803,2026-09-04T12:43:23Z,1467991,14
54274030,1788525804,2026-09-04T12:43:24Z,5763498,21
54274040,1788525805,2026-09-04T12:43:25Z,6584044,13
54274050,1788525806,2026-09-04T12:43:26Z,8237112,18
54274060,1788525807,2026-09-04T12:43:27Z,9377442,27
54274070,1788525808,2026-09-04T12:43:28Z,11505183,18
54274080,1788525809,2026-09-04T12:43:29Z,8480025,19
54274090,1788525810,2026-09-04T12:43:30Z,7178878,16
54274100,1788525811,2026-09-04T12:43:31Z,12627311,11
54274110,1788525812,2026-09-04T12:43:32Z,7635030,25
54274120,1788525813,2026-09-04T12:43:33Z,9385592,34
54274130,1788525814,2026-09-04T12:43:34Z,1526701,10
54274140,1788525815,2026-09-04T12:43:35Z,11050411,31
54274150,1788525816,2026-09-04T12:43:36Z,8014371,27
54274160,1788525817,2026-09-04T12:43:37Z,5769481,24
54274170,1788525818,2026-09-04T12:43:38Z,10008880,20
54274180,1788525819,2026-09-04T12:43:39Z,9889777,19
54274190,1788525820,2026-09-04T12:43:40Z,6788833,22
54274200,1788525821,2026-09-04T12:43:41Z,5816192,13
54274210,1788525822,2026-09-04T12:43:42Z,2382094,8
54274220,1788525823,2026-09-04T12:43:43Z,3490678,11
54274230,1788525824,2026-09-04T12:43:44Z,9230260,30
54274240,1788525825,2026-09-04T12:43:45Z,7625597,23
54274250,1788525826,2026-09-04T12:43:46Z,2254678,7
54274260,1788525828,2026-09-04T12:43:48Z,7058977,23
54274270,1788525829,2026-09-04T12:43:49Z,1448393,6
54274280,1788525830,2026-09-04T12:43:50Z,2752896,8
54274290,1788525831,2026-09-04T12:43:51Z,3872060,17
54274300,1788525832,2026-09-04T12:43:52Z,3883334,18
54274310,1788525833,2026-09-04T12:43:53Z,5890239,22
54274320,1788525834,2026-09-04T12:43:54Z,1340993,2
54274330,1788525835,2026-09-04T12:43:55Z,1635159,9
54274340,1788525836,2026-09-04T12:43:56Z,5290857,18
54274350,1788525837,2026-09-04T12:43:57Z,9827281,73
54274360,1788525838,2026-09-04T12:43:58Z,5431251,29
54274370,1788525839,2026-09-04T12:43:59Z,6096849,48
54274380,1788525840,2026-09-04T12:44:00Z,5525865,27
54274390,1788525841,2026-09-04T12:44:01Z,5423504,20
54274400,1788525842,2026-09-04T12:44:02Z,2567068,16
54274410,1788525843,2026-09-04T12:44:03Z,13702376,36
54274420,1788525844,2026-09-04T12:44:04Z,7246794,20
54274430,1788525845,2026-09-04T12:44:05Z,2654189,13
54274440,1788525846,2026-09-04T12:44:06Z,1541721,9
54274450,1788525847,2026-09-04T12:44:07Z,1766346,8
54274460,1788525848,2026-09-04T12:44:08Z,1730696,8
54274470,1788525849,2026-09-04T12:44:09Z,3258059,19
54274480,1788525850,2026-09-04T12:44:10Z,2506366,10
54274490,1788525851,2026-09-04T12:44:11Z,4740491,16
54274500,1788525852,2026-09-04T12:44:12Z,2189872,9
54274510,1788525853,2026-09-04T12:44:13Z,6296285,11
54274520,1788525854,2026-09-04T12:44:14Z,3061173,9
54274530,1788525855,2026-09-04T12:44:15Z,3900681,10
54274540,1788525856,2026-09-04T12:44:16Z,1660722,9
54274550,1788525857,2026-09-04T12:44:17Z,544487,5
54274560,1788525858,2026-09-04T12:44:18Z,6879921,22
54274570,1788525859,2026-09-04T12:44:19Z,3957574,11
54274580,1788525860,2026-09-04T12:44:20Z,2391108,10
54274590,1788525861,2026-09-04T12:44:21Z,2064147,10
54274600,1788525862,2026-09-04T12:44:22Z,1838383,6
54274610,1788525863,2026-09-04T12:44:23Z,4153904,15
54274620,1788525864,2026-09-04T12:44:24Z,2264645,9
54274630,1788525865,2026-09-04T12:44:25Z,1860280,7
54274640,1788525866,2026-09-04T12:44:26Z,4425263,10
54274650,1788525867,2026-09-04T12:44:27Z,3825108,14
54274660,1788525868,2026-09-04T12:44:28Z,952887,7
54274670,1788525869,2026-09-04T12:44:29Z,5855853,13
54274680,1788525870,2026-09-04T12:44:30Z,4586581,15
54274690,1788525871,2026-09-04T12:44:31Z,1067278,7
54274700,1788525872,2026-09-04T12:44:32Z,2661486,11
54274710,1788525873,2026-09-04T12:44:33Z,3289050,20
54274720,1788525874,2026-09-04T12:44:34Z,4526866,31
54274730,1788525875,2026-09-04T12:44:35Z,6132222,24
54274740,1788525876,2026-09-04T12:44:36Z,4246382,15
54274750,1788525877,2026-09-04T12:44:37Z,2181170,11
54274760,1788525878,2026-09-04T12:44:38Z,1279061,14
54274770,1788525879,2026-09-04T12:44:39Z,2957903,9
54274780,1788525880,2026-09-04T12:44:40Z,2358943,9
54274790,1788525881,2026-09-04T12:44:41Z,8126333,8
54274800,1788525883,2026-09-04T12:44:43Z,4444783,11
54274810,1788525884,2026-09-04T12:44:44Z,1350935,8
54274820,1788525885,2026-09-04T12:44:45Z,1380317,4
54274830,1788525886,2026-09-04T12:44:46Z,3172919,10
54274840,1788525887,2026-09-04T12:44:47Z,4963240,14
54274850,1788525888,2026-09-04T12:44:48Z,527040,3
54274860,1788525889,2026-09-04T12:44:49Z,4254978,9
54274870,1788525890,2026-09-04T12:44:50Z,1501442,7
54274880,1788525891,2026-09-04T12:44:51Z,2679345,14
54274890,1788525892,2026-09-04T12:44:52Z,3180587,12
54274900,1788525893,2026-09-04T12:44:53Z,534243,7
54274910,1788525894,2026-09-04T12:44:54Z,3106915,9
54274920,1788525895,2026-09-04T12:44:55Z,1419140,15
54274930,1788525896,2026-09-04T12:44:56Z,4790295,17
54274940,1788525897,2026-09-04T12:44:57Z,11964874,23
54274950,1788525898,2026-09-04T12:44:58Z,4630712,14
54274960,1788525899,2026-09-04T12:44:59Z,758313,5
54274970,1788525900,2026-09-04T12:45:00Z,4130100,12
54274980,1788525901,2026-09-04T12:45:01Z,7035621,16
54274990,1788525902,2026-09-04T12:45:02Z,3891515,26
54275000,1788525903,2026-09-04T12:45:03Z,3349393,12
54275010,1788525904,2026-09-04T12:45:04Z,7588564,41
54275020,1788525905,2026-09-04T12:45:05Z,9960085,75
54275030,1788525906,2026-09-04T12:45:06Z,6487655,43
54275040,1788525907,2026-09-04T12:45:07Z,3562599,15
54275050,1788525908,2026-09-04T12:45:08Z,3676968,12
54275060,1788525909,2026-09-04T12:45:09Z,760602,7
54275070,1788525910,2026-09-04T12:45:10Z,4604793,14
54275080,1788525911,2026-09-04T12:45:11Z,2145461,19
54275090,1788525912,2026-09-04T12:45:12Z,2205938,11
54275100,1788525913,2026-09-04T12:45:13Z,1119307,5
54275110,1788525914,2026-09-04T12:45:14Z,1593107,5
54275120,1788525915,2026-09-04T12:45:15Z,1192910,7
54275130,1788525916,2026-09-04T12:45:16Z,5929702,21
54275140,1788525917,2026-09-04T12:45:17Z,5457765,20
54275150,1788525918,2026-09-04T12:45:18Z,2252840,13
54275160,1788525919,2026-09-04T12:45:19Z,3176663,13
54275170,1788525920,2026-09-04T12:45:20Z,1704746,11
54275180,1788525921,2026-09-04T12:45:21Z,141062,2
54275190,1788525922,2026-09-04T12:45:22Z,2060911,7
54275200,1788525923,2026-09-04T12:45:23Z,2083601,12
54275210,1788525924,2026-09-04T12:45:24Z,5103479,15
54275220,1788525925,2026-09-04T12:45:25Z,18203726,72
54275230,1788525926,2026-09-04T12:45:26Z,7840057,47
54275240,1788525927,2026-09-04T12:45:27Z,5327079,13
54275250,1788525928,2026-09-04T12:45:28Z,4680042,25
54275260,1788525929,2026-09-04T12:45:29Z,2840025,14
54275270,1788525930,2026-09-04T12:45:30Z,289267,3
54275280,1788525931,2026-09-04T12:45:31Z,1770413,10
54275290,1788525932,2026-09-04T12:45:32Z,4894016,17
54275300,1788525933,2026-09-04T12:45:33Z,7440622,16
54275310,1788525934,2026-09-04T12:45:34Z,7483433,21
54275320,1788525935,2026-09-04T12:45:35Z,2248096,14
54275330,1788525936,2026-09-04T12:45:36Z,7435730,15
54275340,1788525937,2026-09-04T12:45:37Z,2900035,13
54275350,1788525938,2026-09-04T12:45:38Z,912151,10
54275360,1788525939,2026-09-04T12:45:39Z,5470855,18
54275370,1788525940,2026-09-04T12:45:40Z,13334972,20
54275380,1788525941,2026-09-04T12:45:41Z,6089069,28
54275390,1788525942,2026-09-04T12:45:42Z,3498129,22
54275400,1788525943,2026-09-04T12:45:43Z,1260511,8
54275410,1788525944,2026-09-04T12:45:44Z,3281149,23
54275420,1788525945,2026-09-04T12:45:45Z,6473063,20
54275430,1788525946,2026-09-04T12:45:46Z,3196833,23
54275440,1788525947,2026-09-04T12:45:47Z,3679545,24
54275450,1788525948,2026-09-04T12:45:48Z,1885408,10
54275460,1788525949,2026-09-04T12:45:49Z,21213416,22
54275470,1788525950,2026-09-04T12:45:50Z,5133225,17
54275480,1788525951,2026-09-04T12:45:51Z,1171275,11
54275490,1788525952,2026-09-04T12:45:52Z,6387409,18
54275500,1788525953,2026-09-04T12:45:53Z,2483833,14
54275510,1788525954,2026-09-04T12:45:54Z,10154866,28
54275520,1788525955,2026-09-04T12:45:55Z,5433075,17
54275530,1788525956,2026-09-04T12:45:56Z,4013314,15
54275540,1788525957,2026-09-04T12:45:57Z,3731642,16
54275550,1788525958,2026-09-04T12:45:58Z,2299271,19
54275560,1788525959,2026-09-04T12:45:59Z,3251377,12
54275570,1788525960,2026-09-04T12:46:00Z,2156987,9
54275580,1788525961,2026-09-04T12:46:01Z,2784347,14
54275590,1788525962,2026-09-04T12:46:02Z,7668796,28
54275600,1788525963,2026-09-04T12:46:03Z,913797,8
54275610,1788525964,2026-09-04T12:46:04Z,2339400,10
54275620,1788525965,2026-09-04T12:46:05Z,6197521,42
54275630,1788525966,2026-09-04T12:46:06Z,6872909,40
54275640,1788525967,2026-09-04T12:46:07Z,2311167,5
54275650,1788525968,2026-09-04T12:46:08Z,1848192,12
54275660,1788525969,2026-09-04T12:46:09Z,5949882,31
54275670,1788525970,2026-09-04T12:46:10Z,3002939,27
54275680,1788525971,2026-09-04T12:46:11Z,3521030,11
54275690,1788525972,2026-09-04T12:46:12Z,2838296,12
54275700,1788525973,2026-09-04T12:46:13Z,4282412,14
54275710,1788525974,2026-09-04T12:46:14Z,8189217,33
54275720,1788525975,2026-09-04T12:46:15Z,4140141,10
54275730,1788525976,2026-09-04T12:46:16Z,3897681,13
54275740,1788525977,2026-09-04T12:46:17Z,5031139,17
54275750,1788525978,2026-09-04T12:46:18Z,1566111,11
54275760,1788525979,2026-09-04T12:46:19Z,3026906,13
54275770,1788525980,2026-09-04T12:46:20Z,1266020,9
54275780,1788525982,2026-09-04T12:46:22Z,1304198,8
54275790,1788525983,2026-09-04T12:46:23Z,2188904,9
54275800,1788525984,2026-09-04T12:46:24Z,3637431,18
54275810,1788525985,2026-09-04T12:46:25Z,1810889,15
54275820,1788525986,2026-09-04T12:46:26Z,5226532,16
54275830,1788525987,2026-09-04T12:46:27Z,1641261,5
54275840,1788525988,2026-09-04T12:46:28Z,2496951,13
54275850,1788525989,2026-09-04T12:46:29Z,5972940,27
54275860,1788525990,2026-09-04T12:46:30Z,3229274,16
54275870,1788525991,2026-09-04T12:46:31Z,3055136,35
54275880,1788525992,2026-09-04T12:46:32Z,7431786,10
54275890,1788525993,2026-09-04T12:46:33Z,3936200,11
54275900,1788525994,2026-09-04T12:46:34Z,1966894,14
54275910,1788525995,2026-09-04T12:46:35Z,1679677,15
54275920,1788525996,2026-09-04T12:46:36Z,8728765,14
54275930,1788525997,2026-09-04T12:46:37Z,3552531,11
54275940,1788525998,2026-09-04T12:46:38Z,7363241,41
54275950,1788525999,2026-09-04T12:46:39Z,3434325,12
54275960,1788526000,2026-09-04T12:46:40Z,17668939,39
54275970,1788526001,2026-09-04T12:46:41Z,7625667,23
54275980,1788526002,2026-09-04T12:46:42Z,8024215,13
54275990,1788526003,2026-09-04T12:46:43Z,6089406,21
54276000,1788526004,2026-09-04T12:46:44Z,4626509,19
54276010,1788526005,2026-09-04T12:46:45Z,2152912,13
54276020,1788526006,2026-09-04T12:46:46Z,5718880,21
54276030,1788526007,2026-09-04T12:46:47Z,1984923,12
54276040,1788526008,2026-09-04T12:46:48Z,4835630,24
54276050,1788526009,2026-09-04T12:46:49Z,4092538,12
54276060,1788526010,2026-09-04T12:46:50Z,3741486,24
54276070,1788526011,2026-09-04T12:46:51Z,4658073,14
54276080,1788526012,2026-09-04T12:46:52Z,2529724,24
54276090,1788526013,2026-09-04T12:46:53Z,2692289,26
54276100,1788526014,2026-09-04T12:46:54Z,3882547,26
54276110,1788526015,2026-09-04T12:46:55Z,5223870,9
54276120,1788526016,2026-09-04T12:46:56Z,6712227,36
54276130,1788526017,2026-09-04T12:46:57Z,3862182,17
54276140,1788526018,2026-09-04T12:46:58Z,4564604,38
54276150,1788526019,2026-09-04T12:46:59Z,2144049,10
54276160,1788526020,2026-09-04T12:47:00Z,2437344,28
54276170,1788526021,2026-09-04T12:47:01Z,3472827,13
54276180,1788526022,2026-09-04T12:47:02Z,5868505,27
54276190,1788526023,2026-09-04T12:47:03Z,2932003,20
54276200,1788526024,2026-09-04T12:47:04Z,1123758,5
54276210,1788526025,2026-09-04T12:47:05Z,5523009,16
54276220,1788526026,2026-09-04T12:47:06Z,2519329,17
54276230,1788526027,2026-09-04T12:47:07Z,1990508,11
54276240,1788526028,2026-09-04T12:47:08Z,7755224,24
54276250,1788526029,2026-09-04T12:47:09Z,8813158,35
54276260,1788526030,2026-09-04T12:47:10Z,8335389,20
54276270,1788526031,2026-09-04T12:47:11Z,13028348,20
54276280,1788526032,2026-09-04T12:47:12Z,13305069,29
54276290,1788526033,2026-09-04T12:47:13Z,3933195,24
54276300,1788526034,2026-09-04T12:47:14Z,5115798,32
54276310,1788526035,2026-09-04T12:47:15Z,9381178,27
54276320,1788526036,2026-09-04T12:47:16Z,1630244,7
54276330,1788526037,2026-09-04T12:47:17Z,660522,3
54276340,1788526038,2026-09-04T12:47:18Z,3985147,21
54276350,1788526039,2026-09-04T12:47:19Z,1295513,8
54276360,1788526041,2026-09-04T12:47:21Z,3127149,11
54276370,1788526042,2026-09-04T12:47:22Z,2047469,12
54276380,1788526043,2026-09-04T12:47:23Z,15011454,27
54276390,1788526044,2026-09-04T12:47:24Z,2480357,10
54276400,1788526045,2026-09-04T12:47:25Z,2899779,11
54276410,1788526046,2026-09-04T12:47:26Z,1739515,12
54276420,1788526047,2026-09-04T12:47:27Z,2402620,8
54276430,1788526048,2026-09-04T12:47:28Z,3460353,13
54276440,1788526049,2026-09-04T12:47:29Z,10706073,39
54276450,1788526050,2026-09-04T12:47:30Z,2733872,6
54276460,1788526051,2026-09-04T12:47:31Z,2049544,11
54276470,1788526052,2026-09-04T12:47:32Z,12431443,34
54276480,1788526053,2026-09-04T12:47:33Z,4452735,21
54276490,1788526054,2026-09-04T12:47:34Z,1320590,9
54276500,1788526055,2026-09-04T12:47:35Z,5129122,20
54276510,1788526056,2026-09-04T12:47:36Z,1890072,10
54276520,1788526057,2026-09-04T12:47:37Z,4207477,10
54276530,1788526058,2026-09-04T12:47:38Z,2105116,8
54276540,1788526059,2026-09-04T12:47:39Z,2371001,16
54276550,1788526060,2026-09-04T12:47:40Z,2862767,14
54276560,1788526061,2026-09-04T12:47:41Z,4144126,16
54276570,1788526062,2026-09-04T12:47:42Z,2680401,21
54276580,1788526063,2026-09-04T12:47:43Z,1301978,8
54276590,1788526064,2026-09-04T12:47:44Z,5776069,14
54276600,1788526065,2026-09-04T12:47:45Z,2119069,12
54276610,1788526066,2026-09-04T12:47:46Z,1883457,18
54276620,1788526067,2026-09-04T12:47:47Z,10124927,31
54276630,1788526068,2026-09-04T12:47:48Z,4592620,26
54276640,1788526069,2026-09-04T12:47:49Z,4055419,14
54276650,1788526070,2026-09-04T12:47:50Z,554945,4
54276660,1788526071,2026-09-04T12:47:51Z,3598458,28
54276670,1788526072,2026-09-04T12:47:52Z,3481680,14
54276680,1788526073,2026-09-04T12:47:53Z,3648504,24
54276690,1788526074,2026-09-04T12:47:54Z,1914997,21
54276700,1788526075,2026-09-04T12:47:55Z,5500594,27
54276710,1788526076,2026-09-04T12:47:56Z,2748045,10
54276720,1788526077,2026-09-04T12:47:57Z,8291402,32
54276730,1788526078,2026-09-04T12:47:58Z,347936,3
54276740,1788526079,2026-09-04T12:47:59Z,1389778,17
54276750,1788526080,2026-09-04T12:48:00Z,1949464,17
54276760,1788526081,2026-09-04T12:48:01Z,1954627,17
54276770,1788526082,2026-09-04T12:48:02Z,5769639,26
54276780,1788526083,2026-09-04T12:48:03Z,4356164,13
54276790,1788526084,2026-09-04T12:48:04Z,2602104,12
54276800,1788526085,2026-09-04T12:48:05Z,1350141,9
54276810,1788526086,2026-09-04T12:48:06Z,6011826,12
54276820,1788526087,2026-09-04T12:48:07Z,37450,2
54276830,1788526088,2026-09-04T12:48:08Z,719228,11
54276840,1788526089,2026-09-04T12:48:09Z,3523710,9
54276850,1788526090,2026-09-04T12:48:10Z,1341088,4
54276860,1788526091,2026-09-04T12:48:11Z,5700249,27
54276870,1788526092,2026-09-04T12:48:12Z,2541405,11
54276880,1788526093,2026-09-04T12:48:13Z,1429408,9
54276890,1788526094,2026-09-04T12:48:14Z,1937304,11
54276900,1788526095,2026-09-04T12:48:15Z,7278602,33
54276910,1788526096,2026-09-04T12:48:16Z,2239744,9
54276920,1788526097,2026-09-04T12:48:17Z,5154261,25
54276930,1788526098,2026-09-04T12:48:18Z,5484873,22
54276940,1788526099,2026-09-04T12:48:19Z,4581508,17
54276950,1788526100,2026-09-04T12:48:20Z,8212679,19
54276960,1788526101,2026-09-04T12:48:21Z,4720927,16
54276970,1788526102,2026-09-04T12:48:22Z,5441291,33
54276980,1788526103,2026-09-04T12:48:23Z,4748575,28
54276990,1788526104,2026-09-04T12:48:24Z,2511149,7
54277000,1788526105,2026-09-04T12:48:25Z,3368635,14
54277010,1788526106,2026-09-04T12:48:26Z,2354367,14
54277020,1788526107,2026-09-04T12:48:27Z,5486339,23
54277030,1788526109,2026-09-04T12:48:29Z,4329690,6
54277040,1788526110,2026-09-04T12:48:30Z,4823638,14
54277050,1788526111,2026-09-04T12:48:31Z,2023260,9
54277060,1788526112,2026-09-04T12:48:32Z,12147320,24
54277070,1788526113,2026-09-04T12:48:33Z,5491939,12
54277080,1788526114,2026-09-04T12:48:34Z,2993155,21
54277090,1788526115,2026-09-04T12:48:35Z,2312853,15
54277100,1788526116,2026-09-04T12:48:36Z,4308395,12
54277110,1788526117,2026-09-04T12:48:37Z,6516227,26
54277120,1788526118,2026-09-04T12:48:38Z,7541641,25
54277130,1788526119,2026-09-04T12:48:39Z,5736364,10
54277140,1788526120,2026-09-04T12:48:40Z,1301039,10
54277150,1788526121,2026-09-04T12:48:41Z,3399247,7
54277160,1788526122,2026-09-04T12:48:42Z,5058195,18
54277170,1788526123,2026-09-04T12:48:43Z,2315541,9
54277180,1788526124,2026-09-04T12:48:44Z,2730063,11
54277190,1788526125,2026-09-04T12:48:45Z,3427235,25
54277200,1788526126,2026-09-04T12:48:46Z,4453843,12
54277210,1788526127,2026-09-04T12:48:47Z,4838506,22
54277220,1788526128,2026-09-04T12:48:48Z,5252015,21
54277230,1788526129,2026-09-04T12:48:49Z,6033476,19
54277240,1788526130,2026-09-04T12:48:50Z,3381413,15
54277250,1788526131,2026-09-04T12:48:51Z,4929990,16
54277260,1788526132,2026-09-04T12:48:52Z,15147476,671
54277270,1788526133,2026-09-04T12:48:53Z,1220613,13
54277280,1788526134,2026-09-04T12:48:54Z,689193,11
54277290,1788526135,2026-09-04T12:48:55Z,2297158,12
54277300,1788526136,2026-09-04T12:48:56Z,1825858,10
54277310,1788526137,2026-09-04T12:48:57Z,1355691,10
54277320,1788526138,2026-09-04T12:48:58Z,3165967,15
54277330,1788526139,2026-09-04T12:48:59Z,4273094,17
54277340,1788526140,2026-09-04T12:49:00Z,2216913,8
54277350,1788526141,2026-09-04T12:49:01Z,5137371,20
54277360,1788526142,2026-09-04T12:49:02Z,2187735,11
54277370,1788526143,2026-09-04T12:49:03Z,1728115,21
54277380,1788526144,2026-09-04T12:49:04Z,2204592,8
54277390,1788526145,2026-09-04T12:49:05Z,3335595,18
54277400,1788526146,2026-09-04T12:49:06Z,1654572,10
54277410,1788526147,2026-09-04T12:49:07Z,2293756,13
54277420,1788526148,2026-09-04T12:49:08Z,3926390,12
54277430,1788526149,2026-09-04T12:49:09Z,6916845,17
54277440,1788526150,2026-09-04T12:49:10Z,1729419,4
54277450,1788526151,2026-09-04T12:49:11Z,6371649,14
54277460,1788526152,2026-09-04T12:49:12Z,7494421,35
54277470,1788526153,2026-09-04T12:49:13Z,1998994,8
54277480,1788526154,2026-09-04T12:49:14Z,1573691,6
54277490,1788526155,2026-09-04T12:49:15Z,8896923,34
54277500,1788526156,2026-09-04T12:49:16Z,2358023,11
54277510,1788526157,2026-09-04T12:49:17Z,770363,5
54277520,1788526158,2026-09-04T12:49:18Z,2980859,8
54277530,1788526159,2026-09-04T12:49:19Z,1499864,7
54277540,1788526160,2026-09-04T12:49:20Z,1149029,11
54277550,1788526162,2026-09-04T12:49:22Z,2731933,16
54277560,1788526163,2026-09-04T12:49:23Z,7530012,23
54277570,1788526164,2026-09-04T12:49:24Z,6369697,21
54277580,1788526165,2026-09-04T12:49:25Z,4914707,14
54277590,1788526166,2026-09-04T12:49:26Z,3338750,16
54277600,1788526167,2026-09-04T12:49:27Z,3807752,13
54277610,1788526168,2026-09-04T12:49:28Z,787796,8
54277620,1788526169,2026-09-04T12:49:29Z,5947764,19
54277630,1788526170,2026-09-04T12:49:30Z,5591613,12
54277640,1788526171,2026-09-04T12:49:31Z,3067788,9
54277650,1788526172,2026-09-04T12:49:32Z,3446421,15
54277660,1788526173,2026-09-04T12:49:33Z,1803290,7
54277670,1788526174,2026-09-04T12:49:34Z,2328668,9
54277680,1788526175,2026-09-04T12:49:35Z,4901629,13
54277690,1788526176,2026-09-04T12:49:36Z,2435593,10
54277700,1788526177,2026-09-04T12:49:37Z,477986,7
54277710,1788526178,2026-09-04T12:49:38Z,5324802,17
54277720,1788526179,2026-09-04T12:49:39Z,2630052,12
54277730,1788526180,2026-09-04T12:49:40Z,5549445,20
54277740,1788526181,2026-09-04T12:49:41Z,4380023,17
54277750,1788526182,2026-09-04T12:49:42Z,1412666,9
54277760,1788526183,2026-09-04T12:49:43Z,1035566,9
54277770,1788526184,2026-09-04T12:49:44Z,2390764,8
54277780,1788526185,2026-09-04T12:49:45Z,7829537,32
54277790,1788526186,2026-09-04T12:49:46Z,2250178,12
54277800,1788526187,2026-09-04T12:49:47Z,2398428,16
54277810,1788526188,2026-09-04T12:49:48Z,2529095,14
54277820,1788526189,2026-09-04T12:49:49Z,2936561,19
54277830,1788526190,2026-09-04T12:49:50Z,1206854,6
54277840,1788526191,2026-09-04T12:49:51Z,1980027,15
54277850,1788526192,2026-09-04T12:49:52Z,3505785,16
54277860,1788526193,2026-09-04T12:49:53Z,888975,9
54277870,1788526194,2026-09-04T12:49:54Z,4503930,26
54277880,1788526195,2026-09-04T12:49:55Z,1937262,12
54277890,1788526196,2026-09-04T12:49:56Z,1422647,14
54277900,1788526197,2026-09-04T12:49:57Z,1427422,19
54277910,1788526198,2026-09-04T12:49:58Z,1845716,7
54277920,1788526199,2026-09-04T12:49:59Z,2451977,19
54277930,1788526200,2026-09-04T12:50:00Z,1707842,15
54277940,1788526201,2026-09-04T12:50:01Z,2307763,14
54277950,1788526202,2026-09-04T12:50:02Z,5708187,8
54277960,1788526203,2026-09-04T12:50:03Z,7421920,13
54277970,1788526204,2026-09-04T12:50:04Z,3167248,10
54277980,1788526205,2026-09-04T12:50:05Z,2651109,12
54277990,1788526206,2026-09-04T12:50:06Z,975214,9
54278000,1788526207,2026-09-04T12:50:07Z,1462900,15
54278010,1788526208,2026-09-04T12:50:08Z,1173223,8
54278020,1788526209,2026-09-04T12:50:09Z,2622006,12
54278030,1788526210,2026-09-04T12:50:10Z,1850805,7
54278040,1788526211,2026-09-04T12:50:11Z,1255112,10
54278050,1788526212,2026-09-04T12:50:12Z,1909135,16
54278060,1788526213,2026-09-04T12:50:13Z,1624314,15
54278070,1788526214,2026-09-04T12:50:14Z,1882889,12
54278080,1788526215,2026-09-04T12:50:15Z,2787603,16
54278090,1788526216,2026-09-04T12:50:16Z,4010788,15
54278100,1788526217,2026-09-04T12:50:17Z,1037436,10
54278110,1788526218,2026-09-04T12:50:18Z,2342005,13
54278120,1788526219,2026-09-04T12:50:19Z,2091941,12
54278130,1788526220,2026-09-04T12:50:20Z,2639734,17
54278140,1788526221,2026-09-04T12:50:21Z,6354819,9
54278150,1788526222,2026-09-04T12:50:22Z,1489780,16
54278160,1788526223,2026-09-04T12:50:23Z,4462534,19
54278170,1788526224,2026-09-04T12:50:24Z,7614664,21
54278180,1788526225,2026-09-04T12:50:25Z,1698936,16
54278190,1788526226,2026-09-04T12:50:26Z,4058575,17
54278200,1788526227,2026-09-04T12:50:27Z,1799943,20
54278210,1788526228,2026-09-04T12:50:28Z,2825561,16
54278220,1788526229,2026-09-04T12:50:29Z,2512543,19
54278230,1788526230,2026-09-04T12:50:30Z,2024873,10
54278240,1788526231,2026-09-04T12:50:31Z,2968565,23
54278250,1788526232,2026-09-04T12:50:32Z,2003747,10
54278260,1788526233,2026-09-04T12:50:33Z,2918084,23
54278270,1788526234,2026-09-04T12:50:34Z,4033142,13
54278280,1788526235,2026-09-04T12:50:35Z,3011701,17
54278290,1788526236,2026-09-04T12:50:36Z,2722402,17
54278300,1788526237,2026-09-04T12:50:37Z,4430978,24
54278310,1788526238,2026-09-04T12:50:38Z,2233961,34
54278320,1788526239,2026-09-04T12:50:39Z,3224723,21
54278330,1788526240,2026-09-04T12:50:40Z,3573480,28
54278340,1788526241,2026-09-04T12:50:41Z,1036849,11
54278350,1788526242,2026-09-04T12:50:42Z,2114898,16
54278360,1788526243,2026-09-04T12:50:43Z,1517042,8
54278370,1788526244,2026-09-04T12:50:44Z,1547142,12
54278380,1788526245,2026-09-04T12:50:45Z,773364,7
54278390,1788526246,2026-09-04T12:50:46Z,1579186,16
54278400,1788526247,2026-09-04T12:50:47Z,3766991,12
54278410,1788526248,2026-09-04T12:50:48Z,1580761,13
54278420,1788526250,2026-09-04T12:50:50Z,3010693,16
54278430,1788526251,2026-09-04T12:50:51Z,1347187,14
54278440,1788526252,2026-09-04T12:50:52Z,1726155,19
54278450,1788526253,2026-09-04T12:50:53Z,3048894,16
54278460,1788526254,2026-09-04T12:50:54Z,3321224,12
54278470,1788526255,2026-09-04T12:50:55Z,4765467,25
54278480,1788526256,2026-09-04T12:50:56Z,4220791,26
54278490,1788526257,2026-09-04T12:50:57Z,414088,7
54278500,1788526258,2026-09-04T12:50:58Z,2008104,8
54278510,1788526259,2026-09-04T12:50:59Z,3511329,15
54278520,1788526260,2026-09-04T12:51:00Z,292958,5
54278530,1788526261,2026-09-04T12:51:01Z,302943,2
54278540,1788526262,2026-09-04T12:51:02Z,2959954,9
54278550,1788526263,2026-09-04T12:51:03Z,3955147,44
54278560,1788526264,2026-09-04T12:51:04Z,2069589,11
54278570,1788526265,2026-09-04T12:51:05Z,2028772,10
54278580,1788526266,2026-09-04T12:51:06Z,1003489,12
54278590,1788526267,2026-09-04T12:51:07Z,3661547,17
54278600,1788526268,2026-09-04T12:51:08Z,3388454,14
54278610,1788526269,2026-09-04T12:51:09Z,707076,7
54278620,1788526270,2026-09-04T12:51:10Z,3344667,13
54278630,1788526271,2026-09-04T12:51:11Z,5820399,28
54278640,1788526272,2026-09-04T12:51:12Z,1593754,14
54278650,1788526273,2026-09-04T12:51:13Z,532426,7
54278660,1788526274,2026-09-04T12:51:14Z,2763767,9
54278670,1788526275,2026-09-04T12:51:15Z,847341,10
54278680,1788526276,2026-09-04T12:51:16Z,1056922,9
54278690,1788526277,2026-09-04T12:51:17Z,5235266,21
54278700,1788526278,2026-09-04T12:51:18Z,2589371,19
54278710,1788526279,2026-09-04T12:51:19Z,1102566,8
54278720,1788526280,2026-09-04T12:51:20Z,2710355,16
54278730,1788526281,2026-09-04T12:51:21Z,1826366,9
54278740,1788526282,2026-09-04T12:51:22Z,1079147,8
54278750,1788526283,2026-09-04T12:51:23Z,2871980,8
54278760,1788526284,2026-09-04T12:51:24Z,3607855,8
54278770,1788526285,2026-09-04T12:51:25Z,4959196,29
54278780,1788526286,2026-09-04T12:51:26Z,673009,7
54278790,1788526288,2026-09-04T12:51:28Z,6431999,27
54278800,1788526289,2026-09-04T12:51:29Z,667988,5
54278810,1788526290,2026-09-04T12:51:30Z,1641462,10
54278820,1788526291,2026-09-04T12:51:31Z,756743,6
54278830,1788526292,2026-09-04T12:51:32Z,3047944,20
54278840,1788526293,2026-09-04T12:51:33Z,2757592,11
54278850,1788526294,2026-09-04T12:51:34Z,486484,4
54278860,1788526295,2026-09-04T12:51:35Z,147061,2
54278870,1788526296,2026-09-04T12:51:36Z,2268494,11
54278880,1788526297,2026-09-04T12:51:37Z,3110015,16
54278890,1788526298,2026-09-04T12:51:38Z,2094928,9
54278900,1788526299,2026-09-04T12:51:39Z,2105403,7
54278910,1788526300,2026-09-04T12:51:40Z,1265079,13
54278920,1788526301,2026-09-04T12:51:41Z,455686,6
54278930,1788526302,2026-09-04T12:51:42Z,6094011,21
54278940,1788526303,2026-09-04T12:51:43Z,1386482,7
54278950,1788526304,2026-09-04T12:51:44Z,3313500,6
54278960,1788526305,2026-09-04T12:51:45Z,1140327,6
54278970,1788526306,2026-09-04T12:51:46Z,2554383,17
54278980,1788526307,2026-09-04T12:51:47Z,598459,5
54278990,1788526308,2026-09-04T12:51:48Z,1126212,10
54279000,1788526309,2026-09-04T12:51:49Z,2998556,12
54279010,1788526310,2026-09-04T12:51:50Z,1206525,15
54279020,1788526311,2026-09-04T12:51:51Z,972330,8
54279030,1788526313,2026-09-04T12:51:53Z,1753074,12
54279040,1788526314,2026-09-04T12:51:54Z,2887934,10
54279050,1788526315,2026-09-04T12:51:55Z,1884336,7
54279060,1788526316,2026-09-04T12:51:56Z,1223158,14
54279070,1788526317,2026-09-04T12:51:57Z,1653290,13
54279080,1788526318,2026-09-04T12:51:58Z,1167964,9
54279090,1788526319,2026-09-04T12:51:59Z,2264521,14
54279100,1788526320,2026-09-04T12:52:00Z,4082570,5
54279110,1788526320,2026-09-04T12:52:00Z,0,2
54279120,1788526320,2026-09-04T12:52:00Z,1282029,12
54279130,1788526320,2026-09-04T12:52:00Z,0,2
54279140,1788526321,2026-09-04T12:52:01Z,2818047,13
54279150,1788526322,2026-09-04T12:52:02Z,1350042,11
54279160,1788526323,2026-09-04T12:52:03Z,2981147,10
54279170,1788526324,2026-09-04T12:52:04Z,530912,5
54279180,1788526325,2026-09-04T12:52:05Z,905390,8
54279190,1788526326,2026-09-04T12:52:06Z,3078040,20
54279200,1788526327,2026-09-04T12:52:07Z,2659279,10
54279210,1788526328,2026-09-04T12:52:08Z,547689,7
54279220,1788526329,2026-09-04T12:52:09Z,1346946,20
54279230,1788526330,2026-09-04T12:52:10Z,1894445,10
54279240,1788526331,2026-09-04T12:52:11Z,1872817,9
54279250,1788526332,2026-09-04T12:52:12Z,1765793,14
54279260,1788526333,2026-09-04T12:52:13Z,288085,5
54279270,1788526334,2026-09-04T12:52:14Z,2033414,17
54279280,1788526335,2026-09-04T12:52:15Z,3252815,15
54279290,1788526336,2026-09-04T12:52:16Z,7805001,34
54279300,1788526337,2026-09-04T12:52:17Z,946802,8
54279310,1788526338,2026-09-04T12:52:18Z,2918341,11
54279320,1788526339,2026-09-04T12:52:19Z,2161720,8
54279330,1788526340,2026-09-04T12:52:20Z,768679,9
54279340,1788526341,2026-09-04T12:52:21Z,1045900,12
54279350,1788526342,2026-09-04T12:52:22Z,986264,20
54279360,1788526343,2026-09-04T12:52:23Z,3079571,12
54279370,1788526344,2026-09-04T12:52:24Z,968076,6
54279380,1788526345,2026-09-04T12:52:25Z,793847,6
54279390,1788526346,2026-09-04T12:52:26Z,1511407,11
54279400,1788526347,2026-09-04T12:52:27Z,1221532,8
54279410,1788526348,2026-09-04T12:52:28Z,998050,6
54279420,1788526349,2026-09-04T12:52:29Z,632563,8
54279430,1788526350,2026-09-04T12:52:30Z,1735709,22
54279440,1788526351,2026-09-04T12:52:31Z,409794,6
54279450,1788526352,2026-09-04T12:52:32Z,2059989,12
54279460,1788526353,2026-09-04T12:52:33Z,141003,3
54279470,1788526354,2026-09-04T12:52:34Z,952087,8
54279480,1788526355,2026-09-04T12:52:35Z,2729593,17
54279490,1788526356,2026-09-04T12:52:36Z,1129285,11
54279500,1788526357,2026-09-04T12:52:37Z,1017781,4
54279510,1788526358,2026-09-04T12:52:38Z,2245967,5
54279520,1788526359,2026-09-04T12:52:39Z,2940250,5
54279530,1788526360,2026-09-04T12:52:40Z,603894,6
54279540,1788526361,2026-09-04T12:52:41Z,441130,6
54279550,1788526362,2026-09-04T12:52:42Z,613436,7
54279560,1788526363,2026-09-04T12:52:43Z,750916,4
54279570,1788526364,2026-09-04T12:52:44Z,1261132,12
54279580,1788526365,2026-09-04T12:52:45Z,79046,2
54279590,1788526366,2026-09-04T12:52:46Z,1023223,6
54279600,1788526367,2026-09-04T12:52:47Z,2398375,14
54279610,1788526368,2026-09-04T12:52:48Z,1892932,9
54279620,1788526369,2026-09-04T12:52:49Z,940530,9
54279630,1788526370,2026-09-04T12:52:50Z,684540,5
54279640,1788526371,2026-09-04T12:52:51Z,1504671,7
54279650,1788526372,2026-09-04T12:52:52Z,1252322,7
54279660,1788526373,2026-09-04T12:52:53Z,2444014,6
54279670,1788526374,2026-09-04T12:52:54Z,2278183,13
54279680,1788526375,2026-09-04T12:52:55Z,77358,2
54279690,1788526376,2026-09-04T12:52:56Z,1740109,8
54279700,1788526377,2026-09-04T12:52:57Z,2500127,12
54279710,1788526378,2026-09-04T12:52:58Z,1690788,6
54279720,1788526379,2026-09-04T12:52:59Z,1556139,15
54279730,1788526380,2026-09-04T12:53:00Z,2632630,11
54279740,1788526381,2026-09-04T12:53:01Z,1094908,12
54279750,1788526382,2026-09-04T12:53:02Z,589860,7
54279760,1788526383,2026-09-04T12:53:03Z,1666527,12
54279770,1788526384,2026-09-04T12:53:04Z,2507114,9
54279780,1788526385,2026-09-04T12:53:05Z,995936,5
54279790,1788526386,2026-09-04T12:53:06Z,363001,6
54279800,1788526387,2026-09-04T12:53:07Z,2144327,11
54279810,1788526388,2026-09-04T12:53:08Z,579274,7
54279820,1788526389,2026-09-04T12:53:09Z,1486556,8
54279830,1788526391,2026-09-04T12:53:11Z,2333074,7
54279840,1788526392,2026-09-04T12:53:12Z,661272,8
54279850,1788526393,2026-09-04T12:53:13Z,604120,8
54279860,1788526394,2026-09-04T12:53:14Z,2867366,11
54279870,1788526395,2026-09-04T12:53:15Z,2687922,16
54279880,1788526396,2026-09-04T12:53:16Z,733916,4
54279890,1788526397,2026-09-04T12:53:17Z,1684063,10
54279900,1788526398,2026-09-04T12:53:18Z,2206722,13
54279910,1788526399,2026-09-04T12:53:19Z,415529,6
54279920,1788526400,2026-09-04T12:53:20Z,789657,4
54279930,1788526401,2026-09-04T12:53:21Z,1056942,8
54279940,1788526402,2026-09-04T12:53:22Z,966066,9
54279950,1788526403,2026-09-04T12:53:23Z,127845,4
54279960,1788526404,2026-09-04T12:53:24Z,1019948,9
54279970,1788526405,2026-09-04T12:53:25Z,2845156,11
54279980,1788526406,2026-09-04T12:53:26Z,762390,8
54279990,1788526407,2026-09-04T12:53:27Z,2267415,9
54280000,1788526408,2026-09-04T12:53:28Z,2142481,9
54280010,1788526409,2026-09-04T12:53:29Z,2218947,10
54280020,1788526410,2026-09-04T12:53:30Z,1059070,8
54280030,1788526411,2026-09-04T12:53:31Z,731893,5
54280040,1788526412,2026-09-04T12:53:32Z,1497310,6
54280050,1788526413,2026-09-04T12:53:33Z,1587933,11
54280060,1788526414,2026-09-04T12:53:34Z,2266319,4
54280070,1788526415,2026-09-04T12:53:35Z,1143149,7
54280080,1788526416,2026-09-04T12:53:36Z,1587683,11
54280090,1788526417,2026-09-04T12:53:37Z,2984748,11
54280100,1788526418,2026-09-04T12:53:38Z,3323576,10
54280110,1788526419,2026-09-04T12:53:39Z,3489816,13
54280120,1788526420,2026-09-04T12:53:40Z,2170385,11
54280130,1788526421,2026-09-04T12:53:41Z,1736610,5
54280140,1788526422,2026-09-04T12:53:42Z,1856953,4
54280150,1788526423,2026-09-04T12:53:43Z,960048,6
54280160,1788526424,2026-09-04T12:53:44Z,1568817,6
54280170,1788526425,2026-09-04T12:53:45Z,898802,6
54280180,1788526426,2026-09-04T12:53:46Z,1221206,8
54280190,1788526427,2026-09-04T12:53:47Z,864167,9
54280200,1788526428,2026-09-04T12:53:48Z,1392740,5
54280210,1788526429,2026-09-04T12:53:49Z,2285547,13
54280220,1788526430,2026-09-04T12:53:50Z,1120938,10
54280230,1788526431,2026-09-04T12:53:51Z,4432959,5
54280240,1788526432,2026-09-04T12:53:52Z,1019319,7
54280250,1788526433,2026-09-04T12:53:53Z,3273895,9
54280260,1788526434,2026-09-04T12:53:54Z,435364,5
54280270,1788526435,2026-09-04T12:53:55Z,680574,6
54280280,1788526436,2026-09-04T12:53:56Z,2573250,12
54280290,1788526437,2026-09-04T12:53:57Z,2167105,10
54280300,1788526438,2026-09-04T12:53:58Z,1775669,8
54280310,1788526439,2026-09-04T12:53:59Z,3605909,12
54280320,1788526440,2026-09-04T12:54:00Z,3264046,10
54280330,1788526441,2026-09-04T12:54:01Z,737271,11
54280340,1788526442,2026-09-04T12:54:02Z,2088069,12
54280350,1788526443,2026-09-04T12:54:03Z,937383,8
54280360,1788526444,2026-09-04T12:54:04Z,1037644,3
54280370,1788526445,2026-09-04T12:54:05Z,693595,4
54280380,1788526446,2026-09-04T12:54:06Z,2370349,9
54280390,1788526447,2026-09-04T12:54:07Z,2271922,5
54280400,1788526448,2026-09-04T12:54:08Z,789553,7
54280410,1788526449,2026-09-04T12:54:09Z,247563,4
54280420,1788526450,2026-09-04T12:54:10Z,1561215,11
54280430,1788526451,2026-09-04T12:54:11Z,2009710,8
54280440,1788526452,2026-09-04T12:54:12Z,720158,5
54280450,1788526453,2026-09-04T12:54:13Z,1033273,9
54280460,1788526454,2026-09-04T12:54:14Z,1068316,10
54280470,1788526455,2026-09-04T12:54:15Z,1778209,13
54280480,1788526456,2026-09-04T12:54:16Z,907700,5
54280490,1788526457,2026-09-04T12:54:17Z,557518,4
54280500,1788526458,2026-09-04T12:54:18Z,296342,4
54280510,1788526459,2026-09-04T12:54:19Z,2777379,8
54280520,1788526460,2026-09-04T12:54:20Z,2031054,12
54280530,1788526461,2026-09-04T12:54:21Z,643337,4
54280540,1788526462,2026-09-04T12:54:22Z,1414159,7
54280550,1788526463,2026-09-04T12:54:23Z,2164209,8
54280560,1788526464,2026-09-04T12:54:24Z,1248608,7
54280570,1788526465,2026-09-04T12:54:25Z,1225460,5
54280580,1788526466,2026-09-04T12:54:26Z,181815,3
54280590,1788526467,2026-09-04T12:54:27Z,1057209,6
54280600,1788526468,2026-09-04T12:54:28Z,874924,6
54280610,1788526469,2026-09-04T12:54:29Z,3047145,14
54280620,1788526470,2026-09-04T12:54:30Z,1135370,8
54280630,1788526471,2026-09-04T12:54:31Z,521858,3
54280640,1788526472,2026-09-04T12:54:32Z,712882,5
54280650,1788526473,2026-09-04T12:54:33Z,1264120,15
54280660,1788526475,2026-09-04T12:54:35Z,2018706,15
54280670,1788526476,2026-09-04T12:54:36Z,1710280,11
54280680,1788526477,2026-09-04T12:54:37Z,3323211,9
54280690,1788526478,2026-09-04T12:54:38Z,3744502,17
54280700,1788526479,2026-09-04T12:54:39Z,566344,5
54280710,1788526480,2026-09-04T12:54:40Z,1162484,6
54280720,1788526481,2026-09-04T12:54:41Z,1456863,7
54280730,1788526482,2026-09-04T12:54:42Z,47426,2
54280740,1788526483,2026-09-04T12:54:43Z,1922647,13
54280750,1788526484,2026-09-04T12:54:44Z,450739,7
54280760,1788526485,2026-09-04T12:54:45Z,732763,7
54280770,1788526486,2026-09-04T12:54:46Z,881045,9
54280780,1788526487,2026-09-04T12:54:47Z,1199284,6
54280790,1788526488,2026-09-04T12:54:48Z,3491429,10
54280800,1788526489,2026-09-04T12:54:49Z,2440562,15
54280810,1788526490,2026-09-04T12:54:50Z,1381977,7
54280820,1788526491,2026-09-04T12:54:51Z,2739473,10
54280830,1788526492,2026-09-04T12:54:52Z,742558,7
54280840,1788526493,2026-09-04T12:54:53Z,366018,4
54280850,1788526494,2026-09-04T12:54:54Z,1316690,7
54280860,1788526495,2026-09-04T12:54:55Z,4810848,21
54280870,1788526496,2026-09-04T12:54:56Z,2466648,14
54280880,1788526497,2026-09-04T12:54:57Z,2253526,16
54280890,1788526498,2026-09-04T12:54:58Z,2602064,9
54280900,1788526499,2026-09-04T12:54:59Z,3297528,11
54280910,1788526500,2026-09-04T12:55:00Z,4468112,15
54280920,1788526501,2026-09-04T12:55:01Z,716702,5
54280930,1788526502,2026-09-04T12:55:02Z,4456317,14
54280940,1788526503,2026-09-04T12:55:03Z,853168,4
54280950,1788526504,2026-09-04T12:55:04Z,2717465,6
54280960,1788526505,2026-09-04T12:55:05Z,1837813,16
54280970,1788526506,2026-09-04T12:55:06Z,6458320,21
54280980,1788526507,2026-09-04T12:55:07Z,2473948,8
54280990,1788526508,2026-09-04T12:55:08Z,1647840,9
54281000,1788526509,2026-09-04T12:55:09Z,3347248,13
54281010,1788526510,2026-09-04T12:55:10Z,1788046,10
54281020,1788526511,2026-09-04T12:55:11Z,3779860,12
54281030,1788526512,2026-09-04T12:55:12Z,1064451,6
54281040,1788526513,2026-09-04T12:55:13Z,752100,4
54281050,1788526514,2026-09-04T12:55:14Z,589098,6
54281060,1788526515,2026-09-04T12:55:15Z,260536,3
54281070,1788526516,2026-09-04T12:55:16Z,2148739,9
54281080,1788526517,2026-09-04T12:55:17Z,4142314,13
54281090,1788526518,2026-09-04T12:55:18Z,3388084,15
54281100,1788526519,2026-09-04T12:55:19Z,182088,2
54281110,1788526520,2026-09-04T12:55:20Z,2123267,10
54281120,1788526521,2026-09-04T12:55:21Z,2467307,10
54281130,1788526522,2026-09-04T12:55:22Z,2378832,11
54281140,1788526523,2026-09-04T12:55:23Z,2019819,13
54281150,1788526524,2026-09-04T12:55:24Z,784063,7
54281160,1788526525,2026-09-04T12:55:25Z,1812111,7
54281170,1788526526,2026-09-04T12:55:26Z,2789698,23
54281180,1788526527,2026-09-04T12:55:27Z,1452464,4
54281190,1788526528,2026-09-04T12:55:28Z,479442,7
54281200,1788526529,2026-09-04T12:55:29Z,3237560,10
54281210,1788526530,2026-09-04T12:55:30Z,611657,5
54281220,1788526531,2026-09-04T12:55:31Z,5623766,9
54281230,1788526532,2026-09-04T12:55:32Z,4118350,20
54281240,1788526533,2026-09-04T12:55:33Z,4349675,22
54281250,1788526534,2026-09-04T12:55:34Z,1187635,5
54281260,1788526535,2026-09-04T12:55:35Z,1600804,5
54281270,1788526536,2026-09-04T12:55:36Z,2248006,17
54281280,1788526537,2026-09-04T12:55:37Z,705009,5
54281290,1788526538,2026-09-04T12:55:38Z,4368244,19
54281300,1788526539,2026-09-04T12:55:39Z,2024357,7
54281310,1788526540,2026-09-04T12:55:40Z,39608,2
54281320,1788526541,2026-09-04T12:55:41Z,1012616,4
54281330,1788526542,2026-09-04T12:55:42Z,518408,4
54281340,1788526543,2026-09-04T12:55:43Z,945062,6
54281350,1788526544,2026-09-04T12:55:44Z,2091671,9
54281360,1788526545,2026-09-04T12:55:45Z,770967,5
54281370,1788526546,2026-09-04T12:55:46Z,3582908,8
54281380,1788526547,2026-09-04T12:55:47Z,1378502,4
54281390,1788526548,2026-09-04T12:55:48Z,706782,5
54281400,1788526549,2026-09-04T12:55:49Z,940180,4
54281410,1788526551,2026-09-04T12:55:51Z,1912379,5
54281420,1788526552,2026-09-04T12:55:52Z,2252921,7
54281430,1788526553,2026-09-04T12:55:53Z,1222336,5
54281440,1788526554,2026-09-04T12:55:54Z,473241,2
54281450,1788526555,2026-09-04T12:55:55Z,5376410,16
54281460,1788526556,2026-09-04T12:55:56Z,2306442,6
54281470,1788526557,2026-09-04T12:55:57Z,3194736,9
54281480,1788526558,2026-09-04T12:55:58Z,1108389,4
54281490,1788526559,2026-09-04T12:55:59Z,637548,4
54281500,1788526560,2026-09-04T12:56:00Z,725269,7
54281510,1788526561,2026-09-04T12:56:01Z,3918815,5
54281520,1788526562,2026-09-04T12:56:02Z,2334539,9
54281530,1788526563,2026-09-04T12:56:03Z,4626161,12
54281540,1788526564,2026-09-04T12:56:04Z,1738531,8
54281550,1788526565,2026-09-04T12:56:05Z,2923889,10
54281560,1788526566,2026-09-04T12:56:06Z,1430777,6
54281570,1788526567,2026-09-04T12:56:07Z,3688078,23
54281580,1788526568,2026-09-04T12:56:08Z,652710,9
54281590,1788526569,2026-09-04T12:56:09Z,2996536,19
54281600,1788526570,2026-09-04T12:56:10Z,78280,3
54281610,1788526571,2026-09-04T12:56:11Z,1803434,16
54281620,1788526572,2026-09-04T12:56:12Z,2646378,10
54281630,1788526573,2026-09-04T12:56:13Z,3024514,10
54281640,1788526574,2026-09-04T12:56:14Z,2794883,10
54281650,1788526575,2026-09-04T12:56:15Z,2647327,18
54281660,1788526576,2026-09-04T12:56:16Z,3633594,10
54281670,1788526577,2026-09-04T12:56:17Z,4597190,19
54281680,1788526578,2026-09-04T12:56:18Z,5499926,13
54281690,1788526579,2026-09-04T12:56:19Z,3132469,16
54281700,1788526580,2026-09-04T12:56:20Z,1747802,12
54281710,1788526581,2026-09-04T12:56:21Z,2543357,15
54281720,1788526582,2026-09-04T12:56:22Z,114204,3
54281730,1788526583,2026-09-04T12:56:23Z,2710736,7
54281740,1788526584,2026-09-04T12:56:24Z,665057,8
54281750,1788526585,2026-09-04T12:56:25Z,5460243,21
54281760,1788526586,2026-09-04T12:56:26Z,1003081,7
54281770,1788526587,2026-09-04T12:56:27Z,3448124,18
54281780,1788526588,2026-09-04T12:56:28Z,405607,2
54281790,1788526589,2026-09-04T12:56:29Z,2268312,8
54281800,1788526590,2026-09-04T12:56:30Z,2765550,13
54281810,1788526591,2026-09-04T12:56:31Z,4846014,22
54281820,1788526592,2026-09-04T12:56:32Z,3519359,13
54281830,1788526593,2026-09-04T12:56:33Z,1854760,7
54281840,1788526594,2026-09-04T12:56:34Z,745793,9
54281850,1788526595,2026-09-04T12:56:35Z,830025,8
54281860,1788526596,2026-09-04T12:56:36Z,1101925,4
54281870,1788526597,2026-09-04T12:56:37Z,280036,3
54281880,1788526598,2026-09-04T12:56:38Z,3688059,10
54281890,1788526599,2026-09-04T12:56:39Z,544232,2
54281900,1788526600,2026-09-04T12:56:40Z,433838,4
54281910,1788526601,2026-09-04T12:56:41Z,47524,2
54281920,1788526602,2026-09-04T12:56:42Z,3199840,11
54281930,1788526603,2026-09-04T12:56:43Z,1851389,4
54281940,1788526604,2026-09-04T12:56:44Z,1307385,6
54281950,1788526605,2026-09-04T12:56:45Z,3031313,8
54281960,1788526606,2026-09-04T12:56:46Z,2576608,7
54281970,1788526607,2026-09-04T12:56:47Z,1361140,10
54281980,1788526608,2026-09-04T12:56:48Z,1047705,8
54281990,1788526609,2026-09-04T12:56:49Z,1731374,6
54282000,1788526610,2026-09-04T12:56:50Z,1669440,14
54282010,1788526611,2026-09-04T12:56:51Z,1213669,4
54282020,1788526612,2026-09-04T12:56:52Z,113361,4
54282030,1788526613,2026-09-04T12:56:53Z,2055857,6
54282040,1788526614,2026-09-04T12:56:54Z,4426096,9
54282050,1788526615,2026-09-04T12:56:55Z,3551744,9
54282060,1788526616,2026-09-04T12:56:56Z,666359,4
54282070,1788526617,2026-09-04T12:56:57Z,1662463,8
54282080,1788526618,2026-09-04T12:56:58Z,2636768,5
54282090,1788526619,2026-09-04T12:56:59Z,1453643,4
54282100,1788526620,2026-09-04T12:57:00Z,1275236,5
54282110,1788526621,2026-09-04T12:57:01Z,2215477,8
54282120,1788526622,2026-09-04T12:57:02Z,286401,3
54282130,1788526623,2026-09-04T12:57:03Z,920289,4
54282140,1788526624,2026-09-04T12:57:04Z,3275579,13
54282150,1788526626,2026-09-04T12:57:06Z,1045268,4
54282160,1788526627,2026-09-04T12:57:07Z,2227471,10
54282170,1788526628,2026-09-04T12:57:08Z,2765980,7
54282180,1788526629,2026-09-04T12:57:09Z,1910482,5
54282190,1788526630,2026-09-04T12:57:10Z,2420533,7
54282200,1788526631,2026-09-04T12:57:11Z,3169792,8
54282210,1788526632,2026-09-04T12:57:12Z,5695721,15
54282220,1788526633,2026-09-04T12:57:13Z,1810031,7
54282230,1788526634,2026-09-04T12:57:14Z,1752986,6
54282240,1788526635,2026-09-04T12:57:15Z,3945978,12
54282250,1788526636,2026-09-04T12:57:16Z,1383399,7
54282260,1788526637,2026-09-04T12:57:17Z,2503281,12
54282270,1788526638,2026-09-04T12:57:18Z,2136852,5
54282280,1788526639,2026-09-04T12:57:19Z,2514446,9
54282290,1788526640,2026-09-04T12:57:20Z,3328023,9
54282300,1788526641,2026-09-04T12:57:21Z,2146895,5
54282310,1788526642,2026-09-04T12:57:22Z,744187,4
54282320,1788526643,2026-09-04T12:57:23Z,2299975,7
54282330,1788526644,2026-09-04T12:57:24Z,845161,6
54282340,1788526645,2026-09-04T12:57:25Z,342504,3
54282350,1788526646,2026-09-04T12:57:26Z,2203917,11
54282360,1788526647,2026-09-04T12:57:27Z,1850140,11
54282370,1788526648,2026-09-04T12:57:28Z,1291253,7
54282380,1788526649,2026-09-04T12:57:29Z,1063832,7
54282390,1788526650,2026-09-04T12:57:30Z,2911898,12
54282400,1788526651,2026-09-04T12:57:31Z,1602025,5
54282410,1788526652,2026-09-04T12:57:32Z,2807027,17
54282420,1788526653,2026-09-04T12:57:33Z,47420,2
54282430,1788526654,2026-09-04T12:57:34Z,2101827,9
54282440,1788526655,2026-09-04T12:57:35Z,1377593,7
54282450,1788526656,2026-09-04T12:57:36Z,2434019,13
54282460,1788526657,2026-09-04T12:57:37Z,2491530,13
54282470,1788526658,2026-09-04T12:57:38Z,1611736,6
54282480,1788526659,2026-09-04T12:57:39Z,1812431,17
54282490,1788526660,2026-09-04T12:57:40Z,1114677,7
54282500,1788526661,2026-09-04T12:57:41Z,3115748,15
54282510,1788526662,2026-09-04T12:57:42Z,987839,5
54282520,1788526663,2026-09-04T12:57:43Z,3235376,26
54282530,1788526664,2026-09-04T12:57:44Z,3899240,22
54282540,1788526665,2026-09-04T12:57:45Z,6210352,6
54282550,1788526666,2026-09-04T12:57:46Z,7587594,36
54282560,1788526667,2026-09-04T12:57:47Z,3443579,11
54282570,1788526668,2026-09-04T12:57:48Z,2582813,15
54282580,1788526669,2026-09-04T12:57:49Z,450131,7
54282590,1788526670,2026-09-04T12:57:50Z,1217093,5
54282600,1788526671,2026-09-04T12:57:51Z,5931201,22
54282610,1788526672,2026-09-04T12:57:52Z,4334140,16
54282620,1788526673,2026-09-04T12:57:53Z,3253426,11
54282630,1788526674,2026-09-04T12:57:54Z,2256235,8
54282640,1788526675,2026-09-04T12:57:55Z,2387343,8
54282650,1788526676,2026-09-04T12:57:56Z,2902733,10
54282660,1788526677,2026-09-04T12:57:57Z,2169828,12
54282670,1788526678,2026-09-04T12:57:58Z,1422777,15
54282680,1788526679,2026-09-04T12:57:59Z,4725084,10
54282690,1788526680,2026-09-04T12:58:00Z,2031609,12
54282700,1788526681,2026-09-04T12:58:01Z,216115,4
54282710,1788526682,2026-09-04T12:58:02Z,944075,8
54282720,1788526683,2026-09-04T12:58:03Z,1689772,8
54282730,1788526684,2026-09-04T12:58:04Z,1539148,11
54282740,1788526685,2026-09-04T12:58:05Z,6899693,18
54282750,1788526686,2026-09-04T12:58:06Z,1084399,10
54282760,1788526687,2026-09-04T12:58:07Z,2813105,15
54282770,1788526688,2026-09-04T12:58:08Z,931229,8
54282780,1788526689,2026-09-04T12:58:09Z,2314263,12
54282790,1788526690,2026-09-04T12:58:10Z,2889609,10
54282800,1788526691,2026-09-04T12:58:11Z,2653990,12
54282810,1788526692,2026-09-04T12:58:12Z,605404,8
54282820,1788526693,2026-09-04T12:58:13Z,387951,4
54282830,1788526694,2026-09-04T12:58:14Z,511615,5
54282840,1788526695,2026-09-04T12:58:15Z,0,2
54282850,1788526695,2026-09-04T12:58:15Z,0,2
54282860,1788526696,2026-09-04T12:58:16Z,0,2
54282870,1788526696,2026-09-04T12:58:16Z,0,2
54282880,1788526696,2026-09-04T12:58:16Z,3493798,20
54282890,1788526697,2026-09-04T12:58:17Z,1001763,6
54282900,1788526698,2026-09-04T12:58:18Z,1081967,6
54282910,1788526699,2026-09-04T12:58:19Z,1606043,10
54282920,1788526700,2026-09-04T12:58:20Z,1650006,7
54282930,1788526701,2026-09-04T12:58:21Z,1458778,7
54282940,1788526702,2026-09-04T12:58:22Z,700833,8
54282950,1788526703,2026-09-04T12:58:23Z,806408,6
54282960,1788526704,2026-09-04T12:58:24Z,2098584,13
54282970,1788526705,2026-09-04T12:58:25Z,2301030,10
54282980,1788526706,2026-09-04T12:58:26Z,98423,2
54282990,1788526707,2026-09-04T12:58:27Z,2318221,15
54283000,1788526708,2026-09-04T12:58:28Z,1520511,5
54283010,1788526709,2026-09-04T12:58:29Z,309350,3
54283020,1788526710,2026-09-04T12:58:30Z,381811,5
54283030,1788526711,2026-09-04T12:58:31Z,110983,2
54283040,1788526712,2026-09-04T12:58:32Z,773731,10
54283050,1788526713,2026-09-04T12:58:33Z,2310043,7
54283060,1788526714,2026-09-04T12:58:34Z,1260541,8
54283070,1788526715,2026-09-04T12:58:35Z,2095474,7
54283080,1788526716,2026-09-04T12:58:36Z,562070,6
54283090,1788526717,2026-09-04T12:58:37Z,307339,3
54283100,1788526718,2026-09-04T12:58:38Z,1636472,6
54283110,1788526719,2026-09-04T12:58:39Z,82382,3
54283120,1788526720,2026-09-04T12:58:40Z,987058,6
54283130,1788526721,2026-09-04T12:58:41Z,630053,6
54283140,1788526722,2026-09-04T12:58:42Z,801302,4
54283150,1788526723,2026-09-04T12:58:43Z,748602,6
54283160,1788526724,2026-09-04T12:58:44Z,1878631,16
54283170,1788526725,2026-09-04T12:58:45Z,351358,3
54283180,1788526726,2026-09-04T12:58:46Z,1368651,9
54283190,1788526727,2026-09-04T12:58:47Z,3087563,12
54283200,1788526728,2026-09-04T12:58:48Z,684343,10
54283210,1788526729,2026-09-04T12:58:49Z,942101,7
54283220,1788526730,2026-09-04T12:58:50Z,88311,3
54283230,1788526731,2026-09-04T12:58:51Z,952512,6
54283240,1788526732,2026-09-04T12:58:52Z,839791,6
54283250,1788526733,2026-09-04T12:58:53Z,1389346,5
54283260,1788526734,2026-09-04T12:58:54Z,2879535,11
54283270,1788526735,2026-09-04T12:58:55Z,1910649,5
54283280,1788526736,2026-09-04T12:58:56Z,134349,3
54283290,1788526738,2026-09-04T12:58:58Z,1079149,8
54283300,1788526739,2026-09-04T12:58:59Z,103180,4
54283310,1788526740,2026-09-04T12:59:00Z,1693088,8
54283320,1788526741,2026-09-04T12:59:01Z,1039928,10
54283330,1788526742,2026-09-04T12:59:02Z,1921395,11
54283340,1788526743,2026-09-04T12:59:03Z,161211,3
54283350,1788526744,2026-09-04T12:59:04Z,741813,5
54283360,1788526745,2026-09-04T12:59:05Z,1611688,5
54283370,1788526746,2026-09-04T12:59:06Z,2413571,15
54283380,1788526747,2026-09-04T12:59:07Z,2988726,15
54283390,1788526748,2026-09-04T12:59:08Z,3011787,10
54283400,1788526749,2026-09-04T12:59:09Z,1559983,7
54283410,1788526750,2026-09-04T12:59:10Z,2081012,6
54283420,1788526751,2026-09-04T12:59:11Z,4482676,12
54283430,1788526752,2026-09-04T12:59:12Z,6290159,8
54283440,1788526753,2026-09-04T12:59:13Z,1168996,6
54283450,1788526754,2026-09-04T12:59:14Z,2117660,6
54283460,1788526755,2026-09-04T12:59:15Z,2459244,5
54283470,1788526756,2026-09-04T12:59:16Z,1578414,4
54283480,1788526757,2026-09-04T12:59:17Z,2151136,11
54283490,1788526758,2026-09-04T12:59:18Z,3689004,13
54283500,1788526759,2026-09-04T12:59:19Z,2758090,9
54283510,1788526760,2026-09-04T12:59:20Z,4175267,22
54283520,1788526761,2026-09-04T12:59:21Z,2099126,16
54283530,1788526762,2026-09-04T12:59:22Z,10377508,31
54283540,1788526763,2026-09-04T12:59:23Z,3243139,14
54283550,1788526764,2026-09-04T12:59:24Z,2662602,11
54283560,1788526765,2026-09-04T12:59:25Z,2684412,16
54283570,1788526766,2026-09-04T12:59:26Z,2976881,8
54283580,1788526767,2026-09-04T12:59:27Z,5894002,16
54283590,1788526768,2026-09-04T12:59:28Z,5309956,16
54283600,1788526769,2026-09-04T12:59:29Z,8350757,14
54283610,1788526770,2026-09-04T12:59:30Z,8105265,22
54283620,1788526771,2026-09-04T12:59:31Z,7626619,15
54283630,1788526772,2026-09-04T12:59:32Z,2983820,9
54283640,1788526773,2026-09-04T12:59:33Z,1976567,9
54283650,1788526774,2026-09-04T12:59:34Z,1577715,6
54283660,1788526775,2026-09-04T12:59:35Z,4600228,10
54283670,1788526776,2026-09-04T12:59:36Z,2836981,14
54283680,1788526777,2026-09-04T12:59:37Z,1663521,6
54283690,1788526778,2026-09-04T12:59:38Z,637507,3
54283700,1788526779,2026-09-04T12:59:39Z,2596620,11
54283710,1788526780,2026-09-04T12:59:40Z,855160,9
54283720,1788526781,2026-09-04T12:59:41Z,5171660,13
54283730,1788526782,2026-09-04T12:59:42Z,3911245,10
54283740,1788526783,2026-09-04T12:59:43Z,1148654,10
54283750,1788526784,2026-09-04T12:59:44Z,2237907,11
54283760,1788526785,2026-09-04T12:59:45Z,2506012,19
54283770,1788526786,2026-09-04T12:59:46Z,7883764,15
54283780,1788526787,2026-09-04T12:59:47Z,1556997,9
54283790,1788526788,2026-09-04T12:59:48Z,503568,3
54283800,1788526789,2026-09-04T12:59:49Z,500774,5
54283810,1788526790,2026-09-04T12:59:50Z,823215,3
54283820,1788526791,2026-09-04T12:59:51Z,569586,7
54283830,1788526792,2026-09-04T12:59:52Z,560489,7
54283840,1788526793,2026-09-04T12:59:53Z,965440,7
54283850,1788526794,2026-09-04T12:59:54Z,801167,5
54283860,1788526795,2026-09-04T12:59:55Z,1286118,7
54283870,1788526796,2026-09-04T12:59:56Z,673912,5
54283880,1788526797,2026-09-04T12:59:57Z,690946,4
54283890,1788526798,2026-09-04T12:59:58Z,821442,7
54283900,1788526799,2026-09-04T12:59:59Z,504710,6
54283910,1788526800,2026-09-04T13:00:00Z,801855,6
54283920,1788526801,2026-09-04T13:00:01Z,7993989,17
54283930,1788526803,2026-09-04T13:00:03Z,19536263,37
54283940,1788526804,2026-09-04T13:00:04Z,3626096,27
54283950,1788526805,2026-09-04T13:00:05Z,3914840,19
54283960,1788526806,2026-09-04T13:00:06Z,4844891,12
54283970,1788526807,2026-09-04T13:00:07Z,1288958,7
54283980,1788526808,2026-09-04T13:00:08Z,2008180,7
54283990,1788526809,2026-09-04T13:00:09Z,1255480,8
54284000,1788526810,2026-09-04T13:00:10Z,1640303,11
54284010,1788526811,2026-09-04T13:00:11Z,3419818,7
54284020,1788526812,2026-09-04T13:00:12Z,4573827,6
54284030,1788526813,2026-09-04T13:00:13Z,5487402,8
54284040,1788526814,2026-09-04T13:00:14Z,747955,7
54284050,1788526815,2026-09-04T13:00:15Z,926735,10
54284060,1788526816,2026-09-04T13:00:16Z,1152636,9
54284070,1788526817,2026-09-04T13:00:17Z,1882610,6
54284080,1788526818,2026-09-04T13:00:18Z,974098,6
54284090,1788526819,2026-09-04T13:00:19Z,1053345,6
54284100,1788526820,2026-09-04T13:00:20Z,985319,8
54284110,1788526821,2026-09-04T13:00:21Z,914262,7
54284120,1788526822,2026-09-04T13:00:22Z,6401369,9
54284130,1788526823,2026-09-04T13:00:23Z,1468204,4
54284140,1788526824,2026-09-04T13:00:24Z,355459,5
54284150,1788526825,2026-09-04T13:00:25Z,452158,5
54284160,1788526826,2026-09-04T13:00:26Z,864575,6
54284170,1788526827,2026-09-04T13:00:27Z,307113,4
54284180,1788526828,2026-09-04T13:00:28Z,1351305,6
54284190,1788526829,2026-09-04T13:00:29Z,1060552,6
54284200,1788526830,2026-09-04T13:00:30Z,121000,3
54284210,1788526831,2026-09-04T13:00:31Z,26439,2
54284220,1788526832,2026-09-04T13:00:32Z,1962382,10
54284230,1788526833,2026-09-04T13:00:33Z,227436,4
54284240,1788526834,2026-09-04T13:00:34Z,797260,6
54284250,1788526835,2026-09-04T13:00:35Z,143215,5
54284260,1788526836,2026-09-04T13:00:36Z,216084,3
54284270,1788526837,2026-09-04T13:00:37Z,366141,4
54284280,1788526838,2026-09-04T13:00:38Z,786464,7
54284290,1788526839,2026-09-04T13:00:39Z,1342812,6
54284300,1788526840,2026-09-04T13:00:40Z,11267125,10
54284310,1788526841,2026-09-04T13:00:41Z,2286078,15
54284320,1788526842,2026-09-04T13:00:42Z,48393,2
54284330,1788526843,2026-09-04T13:00:43Z,8080550,3
54284340,1788526844,2026-09-04T13:00:44Z,309811,5
54284350,1788526845,2026-09-04T13:00:45Z,1018757,6
54284360,1788526846,2026-09-04T13:00:46Z,1258919,4
54284370,1788526847,2026-09-04T13:00:47Z,201727,4
54284380,1788526848,2026-09-04T13:00:48Z,658314,5
54284390,1788526849,2026-09-04T13:00:49Z,304857,2
54284400,1788526850,2026-09-04T13:00:50Z,270558,6
54284410,1788526851,2026-09-04T13:00:51Z,1215700,2
54284420,1788526852,2026-09-04T13:00:52Z,402801,3
54284430,1788526853,2026-09-04T13:00:53Z,100878,3
54284440,1788526854,2026-09-04T13:00:54Z,3313187,6
54284450,1788526855,2026-09-04T13:00:55Z,677154,4
54284460,1788526856,2026-09-04T13:00:56Z,1189055,3
54284470,1788526857,2026-09-04T13:00:57Z,530679,2
54284480,1788526859,2026-09-04T13:00:59Z,1153492,6
54284490,1788526860,2026-09-04T13:01:00Z,699725,5
54284500,1788526861,2026-09-04T13:01:01Z,871391,9
54284510,1788526862,2026-09-04T13:01:02Z,102909,3
54284520,1788526863,2026-09-04T13:01:03Z,822272,5
54284530,1788526864,2026-09-04T13:01:04Z,2038284,7
54284540,1788526865,2026-09-04T13:01:05Z,819672,6
54284550,1788526866,2026-09-04T13:01:06Z,466098,3
54284560,1788526867,2026-09-04T13:01:07Z,348327,2
54284570,1788526868,2026-09-04T13:01:08Z,1244306,8
54284580,1788526869,2026-09-04T13:01:09Z,109736,4
54284590,1788526870,2026-09-04T13:01:10Z,1514977,3
54284600,1788526871,2026-09-04T13:01:11Z,6362225,16
54284610,1788526872,2026-09-04T13:01:12Z,892695,6
54284620,1788526873,2026-09-04T13:01:13Z,1997182,6
54284630,1788526874,2026-09-04T13:01:14Z,1079658,3
54284640,1788526875,2026-09-04T13:01:15Z,403009,4
54284650,1788526876,2026-09-04T13:01:16Z,638959,5
54284660,1788526877,2026-09-04T13:01:17Z,1801463,6
54284670,1788526878,2026-09-04T13:01:18Z,953885,4
54284680,1788526879,2026-09-04T13:01:19Z,206784,2
54284690,1788526880,2026-09-04T13:01:20Z,179787,2
54284700,1788526881,2026-09-04T13:01:21Z,1371416,7
54284710,1788526882,2026-09-04T13:01:22Z,828919,6
54284720,1788526883,2026-09-04T13:01:23Z,1131001,5
54284730,1788526884,2026-09-04T13:01:24Z,7472610,22
54284740,1788526885,2026-09-04T13:01:25Z,1009660,6
54284750,1788526886,2026-09-04T13:01:26Z,1798333,3
54284760,1788526887,2026-09-04T13:01:27Z,699428,5
54284770,1788526888,2026-09-04T13:01:28Z,496941,7
54284780,1788526889,2026-09-04T13:01:29Z,1541736,4
54284790,1788526890,2026-09-04T13:01:30Z,1916097,15
54284800,1788526891,2026-09-04T13:01:31Z,9641643,29
54284810,1788526892,2026-09-04T13:01:32Z,3700233,7
54284820,1788526893,2026-09-04T13:01:33Z,626503,4
54284830,1788526894,2026-09-04T13:01:34Z,576013,11
54284840,1788526895,2026-09-04T13:01:35Z,117773,2
54284850,1788526896,2026-09-04T13:01:36Z,2101966,5
54284860,1788526897,2026-09-04T13:01:37Z,336157,4
54284870,1788526898,2026-09-04T13:01:38Z,981982,13
54284880,1788526899,2026-09-04T13:01:39Z,752223,8
54284890,1788526900,2026-09-04T13:01:40Z,62357,2
54284900,1788526902,2026-09-04T13:01:42Z,9534431,21
54284910,1788526903,2026-09-04T13:01:43Z,778253,7
54284920,1788526904,2026-09-04T13:01:44Z,4515268,19
54284930,1788526905,2026-09-04T13:01:45Z,2913300,10
54284940,1788526906,2026-09-04T13:01:46Z,992310,4
54284950,1788526907,2026-09-04T13:01:47Z,1175260,5
54284960,1788526908,2026-09-04T13:01:48Z,4933590,7
54284970,1788526909,2026-09-04T13:01:49Z,556576,4
54284980,1788526910,2026-09-04T13:01:50Z,1181944,4
54284990,1788526911,2026-09-04T13:01:51Z,1305590,7
54285000,1788526912,2026-09-04T13:01:52Z,7160597,17
54285010,1788526913,2026-09-04T13:01:53Z,733835,5
54285020,1788526914,2026-09-04T13:01:54Z,843284,4
54285030,1788526915,2026-09-04T13:01:55Z,5058370,14
54285040,1788526916,2026-09-04T13:01:56Z,2880515,20
54285050,1788526917,2026-09-04T13:01:57Z,2086972,7
54285060,1788526918,2026-09-04T13:01:58Z,971684,6
54285070,1788526919,2026-09-04T13:01:59Z,6374192,7
54285080,1788526920,2026-09-04T13:02:00Z,2249728,7
54285090,1788526921,2026-09-04T13:02:01Z,2898997,11
54285100,1788526922,2026-09-04T13:02:02Z,2036047,9
54285110,1788526923,2026-09-04T13:02:03Z,700495,3
54285120,1788526924,2026-09-04T13:02:04Z,958717,6
54285130,1788526925,2026-09-04T13:02:05Z,555565,5
54285140,1788526926,2026-09-04T13:02:06Z,1181078,8
54285150,1788526927,2026-09-04T13:02:07Z,2048236,6
54285160,1788526928,2026-09-04T13:02:08Z,1493934,6
54285170,1788526929,2026-09-04T13:02:09Z,229550,4
54285180,1788526930,2026-09-04T13:02:10Z,1247274,6
54285190,1788526931,2026-09-04T13:02:11Z,6112055,13
54285200,1788526932,2026-09-04T13:02:12Z,461224,4
54285210,1788526933,2026-09-04T13:02:13Z,1796105,8
54285220,1788526934,2026-09-04T13:02:14Z,30853,2
54285230,1788526935,2026-09-04T13:02:15Z,2916362,9
54285240,1788526936,2026-09-04T13:02:16Z,428725,4
54285250,1788526937,2026-09-04T13:02:17Z,1353820,17
54285260,1788526938,2026-09-04T13:02:18Z,1679980,9
54285270,1788526939,2026-09-04T13:02:19Z,3161417,9
54285280,1788526940,2026-09-04T13:02:20Z,793610,8
54285290,1788526941,2026-09-04T13:02:21Z,818485,6
54285300,1788526943,2026-09-04T13:02:23Z,942022,4
54285310,1788526944,2026-09-04T13:02:24Z,63937,2
54285320,1788526945,2026-09-04T13:02:25Z,1948597,6
54285330,1788526946,2026-09-04T13:02:26Z,2090680,16
54285340,1788526947,2026-09-04T13:02:27Z,2917092,11
54285350,1788526948,2026-09-04T13:02:28Z,938722,9
54285360,1788526949,2026-09-04T13:02:29Z,1399502,8
54285370,1788526950,2026-09-04T13:02:30Z,2840434,11
54285380,1788526951,2026-09-04T13:02:31Z,4705652,20
54285390,1788526952,2026-09-04T13:02:32Z,394465,5
54285400,1788526953,2026-09-04T13:02:33Z,243190,5
54285410,1788526954,2026-09-04T13:02:34Z,2958275,8
54285420,1788526955,2026-09-04T13:02:35Z,627524,6
54285430,1788526956,2026-09-04T13:02:36Z,774269,3
54285440,1788526957,2026-09-04T13:02:37Z,5676182,9
54285450,1788526958,2026-09-04T13:02:38Z,2656897,5
54285460,1788526959,2026-09-04T13:02:39Z,1507076,15
54285470,1788526960,2026-09-04T13:02:40Z,952563,6
54285480,1788526961,2026-09-04T13:02:41Z,203447,4
54285490,1788526962,2026-09-04T13:02:42Z,737664,7
54285500,1788526963,2026-09-04T13:02:43Z,1779637,12
54285510,1788526964,2026-09-04T13:02:44Z,1257597,13
54285520,1788526965,2026-09-04T13:02:45Z,4546884,15
54285530,1788526966,2026-09-04T13:02:46Z,2969955,18
54285540,1788526967,2026-09-04T13:02:47Z,1941220,5
54285550,1788526968,2026-09-04T13:02:48Z,940330,8
54285560,1788526969,2026-09-04T13:02:49Z,1083134,6
54285570,1788526970,2026-09-04T13:02:50Z,5369121,16
54285580,1788526971,2026-09-04T13:02:51Z,2458596,3
54285590,1788526972,2026-09-04T13:02:52Z,369567,4
54285600,1788526973,2026-09-04T13:02:53Z,2845584,8
54285610,1788526974,2026-09-04T13:02:54Z,500538,4
54285620,1788526975,2026-09-04T13:02:55Z,1552768,4
54285630,1788526976,2026-09-04T13:02:56Z,1935650,9
54285640,1788526977,2026-09-04T13:02:57Z,613221,4
54285650,1788526978,2026-09-04T13:02:58Z,2291628,12
54285660,1788526979,2026-09-04T13:02:59Z,1622465,11
54285670,1788526980,2026-09-04T13:03:00Z,3755947,11
54285680,1788526981,2026-09-04T13:03:01Z,762736,11
54285690,1788526982,2026-09-04T13:03:02Z,964121,6
54285700,1788526983,2026-09-04T13:03:03Z,8136808,8
54285710,1788526984,2026-09-04T13:03:04Z,205231,3
54285720,1788526985,2026-09-04T13:03:05Z,746698,6
54285730,1788526986,2026-09-04T13:03:06Z,2343494,12
54285740,1788526987,2026-09-04T13:03:07Z,2821546,5
54285750,1788526988,2026-09-04T13:03:08Z,982140,3
54285760,1788526989,2026-09-04T13:03:09Z,1393148,9
54285770,1788526990,2026-09-04T13:03:10Z,299744,4
54285780,1788526991,2026-09-04T13:03:11Z,1381411,8
54285790,1788526992,2026-09-04T13:03:12Z,4906136,19
54285800,1788526993,2026-09-04T13:03:13Z,1872351,6
54285810,1788526994,2026-09-04T13:03:14Z,2040003,7
54285820,1788526995,2026-09-04T13:03:15Z,2488643,6
54285830,1788526996,2026-09-04T13:03:16Z,2593441,6
54285840,1788526997,2026-09-04T13:03:17Z,642692,6
54285850,1788526998,2026-09-04T13:03:18Z,384624,4
54285860,1788527000,2026-09-04T13:03:20Z,638324,4
54285870,1788527001,2026-09-04T13:03:21Z,1150172,7
54285880,1788527002,2026-09-04T13:03:22Z,8864196,9
54285890,1788527003,2026-09-04T13:03:23Z,1986994,6
54285900,1788527004,2026-09-04T13:03:24Z,2927500,2
54285910,1788527005,2026-09-04T13:03:25Z,1454462,7
54285920,1788527006,2026-09-04T13:03:26Z,2157077,8
54285930,1788527007,2026-09-04T13:03:27Z,912042,7
54285940,1788527008,2026-09-04T13:03:28Z,3711238,7
54285950,1788527009,2026-09-04T13:03:29Z,732516,10
54285960,1788527010,2026-09-04T13:03:30Z,2810655,8
54285970,1788527011,2026-09-04T13:03:31Z,1882732,12
54285980,1788527012,2026-09-04T13:03:32Z,297541,3
54285990,1788527013,2026-09-04T13:03:33Z,4030194,12
54286000,1788527014,2026-09-04T13:03:34Z,1506087,8
54286010,1788527015,2026-09-04T13:03:35Z,1677704,7
54286020,1788527016,2026-09-04T13:03:36Z,2325879,6
54286030,1788527017,2026-09-04T13:03:37Z,2550187,13
54286040,1788527018,2026-09-04T13:03:38Z,791640,8
54286050,1788527019,2026-09-04T13:03:39Z,3559589,14
54286060,1788527020,2026-09-04T13:03:40Z,3144818,11
54286070,1788527021,2026-09-04T13:03:41Z,3523672,11
54286080,1788527022,2026-09-04T13:03:42Z,3290991,9
54286090,1788527023,2026-09-04T13:03:43Z,4053764,11
54286100,1788527024,2026-09-04T13:03:44Z,4588075,12
54286110,1788527025,2026-09-04T13:03:45Z,860028,6
54286120,1788527026,2026-09-04T13:03:46Z,230265,3
54286130,1788527027,2026-09-04T13:03:47Z,1716865,12
54286140,1788527028,2026-09-04T13:03:48Z,746566,3
54286150,1788527029,2026-09-04T13:03:49Z,1414481,11
54286160,1788527030,2026-09-04T13:03:50Z,3750640,12
54286170,1788527031,2026-09-04T13:03:51Z,4632675,13
54286180,1788527032,2026-09-04T13:03:52Z,3667295,14
54286190,1788527033,2026-09-04T13:03:53Z,4734429,10
54286200,1788527034,2026-09-04T13:03:54Z,2438835,8
54286210,1788527035,2026-09-04T13:03:55Z,2048492,16
54286220,1788527036,2026-09-04T13:03:56Z,696335,3
54286230,1788527037,2026-09-04T13:03:57Z,545743,4
54286240,1788527038,2026-09-04T13:03:58Z,448132,6
54286250,1788527039,2026-09-04T13:03:59Z,2979927,7
54286260,1788527040,2026-09-04T13:04:00Z,5313159,19
54286270,1788527041,2026-09-04T13:04:01Z,5221131,14
54286280,1788527042,2026-09-04T13:04:02Z,5259749,13
54286290,1788527043,2026-09-04T13:04:03Z,124648,4
54286300,1788527044,2026-09-04T13:04:04Z,3192602,20
54286310,1788527045,2026-09-04T13:04:05Z,2323365,9
54286320,1788527046,2026-09-04T13:04:06Z,2273711,8
54286330,1788527047,2026-09-04T13:04:07Z,983559,5
54286340,1788527048,2026-09-04T13:04:08Z,571593,5
54286350,1788527049,2026-09-04T13:04:09Z,4958993,11
54286360,1788527050,2026-09-04T13:04:10Z,4864081,12
54286370,1788527051,2026-09-04T13:04:11Z,1353734,6
54286380,1788527052,2026-09-04T13:04:12Z,9330353,8
54286390,1788527053,2026-09-04T13:04:13Z,1984525,7
54286400,1788527055,2026-09-04T13:04:15Z,6355631,12
54286410,1788527056,2026-09-04T13:04:16Z,3877902,18
54286420,1788527057,2026-09-04T13:04:17Z,647304,6
54286430,1788527058,2026-09-04T13:04:18Z,6501222,11
54286440,1788527059,2026-09-04T13:04:19Z,5617297,14
54286450,1788527060,2026-09-04T13:04:20Z,1071416,4
54286460,1788527061,2026-09-04T13:04:21Z,3128964,13
54286470,1788527062,2026-09-04T13:04:22Z,3459477,7
54286480,1788527063,2026-09-04T13:04:23Z,3375563,10
54286490,1788527064,2026-09-04T13:04:24Z,8617488,20
54286500,1788527065,2026-09-04T13:04:25Z,2476678,8
54286510,1788527066,2026-09-04T13:04:26Z,1696495,30
54286520,1788527067,2026-09-04T13:04:27Z,4242594,14
54286530,1788527068,2026-09-04T13:04:28Z,747794,5
54286540,1788527069,2026-09-04T13:04:29Z,940265,2
54286550,1788527070,2026-09-04T13:04:30Z,1946838,14
54286560,1788527071,2026-09-04T13:04:31Z,506304,7
54286570,1788527072,2026-09-04T13:04:32Z,521587,7
54286580,1788527073,2026-09-04T13:04:33Z,12094442,38
54286590,1788527074,2026-09-04T13:04:34Z,729319,5
54286600,1788527075,2026-09-04T13:04:35Z,1374205,11
54286610,1788527076,2026-09-04T13:04:36Z,1800680,9
54286620,1788527077,2026-09-04T13:04:37Z,4414959,12
54286630,1788527078,2026-09-04T13:04:38Z,2858257,11
54286640,1788527079,2026-09-04T13:04:39Z,5175916,14
54286650,1788527080,2026-09-04T13:04:40Z,2600076,11
54286660,1788527081,2026-09-04T13:04:41Z,1861270,8
54286670,1788527082,2026-09-04T13:04:42Z,3496471,13
54286680,1788527083,2026-09-04T13:04:43Z,522386,5
54286690,1788527084,2026-09-04T13:04:44Z,780636,9
54286700,1788527085,2026-09-04T13:04:45Z,2963223,12
54286710,1788527086,2026-09-04T13:04:46Z,0,2
54286720,1788527086,2026-09-04T13:04:46Z,0,2
54286730,1788527086,2026-09-04T13:04:46Z,0,2
54286740,1788527086,2026-09-04T13:04:46Z,0,2
54286750,1788527086,2026-09-04T13:04:46Z,0,2
54286760,1788527086,2026-09-04T13:04:46Z,0,2
54286770,1788527086,2026-09-04T13:04:46Z,48511,3
54286780,1788527087,2026-09-04T13:04:47Z,1536651,6
54286790,1788527087,2026-09-04T13:04:47Z,1628353,8
54286800,1788527088,2026-09-04T13:04:48Z,1208986,10
54286810,1788527089,2026-09-04T13:04:49Z,7326705,11
54286820,1788527090,2026-09-04T13:04:50Z,839573,4
54286830,1788527091,2026-09-04T13:04:51Z,4612228,10
54286840,1788527092,2026-09-04T13:04:52Z,2822631,12
54286850,1788527093,2026-09-04T13:04:53Z,2805592,12
54286860,1788527094,2026-09-04T13:04:54Z,3743849,12
54286870,1788527095,2026-09-04T13:04:55Z,5426128,12
54286880,1788527096,2026-09-04T13:04:56Z,1968789,7
54286890,1788527097,2026-09-04T13:04:57Z,2805592,7
54286900,1788527098,2026-09-04T13:04:58Z,2953469,7
54286910,1788527099,2026-09-04T13:04:59Z,842562,6
54286920,1788527100,2026-09-04T13:05:00Z,630961,9
54286930,1788527101,2026-09-04T13:05:01Z,564045,5
54286940,1788527102,2026-09-04T13:05:02Z,3596417,13
54286950,1788527103,2026-09-04T13:05:03Z,1612442,2
54286960,1788527104,2026-09-04T13:05:04Z,3232577,9
54286970,1788527105,2026-09-04T13:05:05Z,1760592,8
54286980,1788527106,2026-09-04T13:05:06Z,1121488,7
54286990,1788527107,2026-09-04T13:05:07Z,499391,6
54287000,1788527108,2026-09-04T13:05:08Z,376558,3
54287010,1788527109,2026-09-04T13:05:09Z,1746155,9
54287020,1788527110,2026-09-04T13:05:10Z,2422282,8
54287030,1788527111,2026-09-04T13:05:11Z,2016490,12
54287040,1788527112,2026-09-04T13:05:12Z,4234497,14
54287050,1788527114,2026-09-04T13:05:14Z,59003,2
54287060,1788527115,2026-09-04T13:05:15Z,2935933,7
54287070,1788527116,2026-09-04T13:05:16Z,514872,4
54287080,1788527117,2026-09-04T13:05:17Z,4329623,7
54287090,1788527118,2026-09-04T13:05:18Z,1001534,3
54287100,1788527119,2026-09-04T13:05:19Z,2360375,7
54287110,1788527120,2026-09-04T13:05:20Z,746643,6
54287120,1788527121,2026-09-04T13:05:21Z,2346572,6
54287130,1788527122,2026-09-04T13:05:22Z,652366,8
54287140,1788527123,2026-09-04T13:05:23Z,5196927,20
54287150,1788527124,2026-09-04T13:05:24Z,245758,4
54287160,1788527125,2026-09-04T13:05:25Z,1068223,5
54287170,1788527126,2026-09-04T13:05:26Z,986767,5
54287180,1788527127,2026-09-04T13:05:27Z,48714,2
54287190,1788527128,2026-09-04T13:05:28Z,151406,3
54287200,1788527129,2026-09-04T13:05:29Z,602189,8
54287210,1788527130,2026-09-04T13:05:30Z,416716,6
54287220,1788527131,2026-09-04T13:05:31Z,4340772,15
54287230,1788527132,2026-09-04T13:05:32Z,716763,5
54287240,1788527133,2026-09-04T13:05:33Z,762740,3
54287250,1788527134,2026-09-04T13:05:34Z,1577616,11
54287260,1788527135,2026-09-04T13:05:35Z,1986002,7
54287270,1788527136,2026-09-04T13:05:36Z,1156141,8
54287280,1788527137,2026-09-04T13:05:37Z,1236903,7
54287290,1788527138,2026-09-04T13:05:38Z,1163663,6
54287300,1788527139,2026-09-04T13:05:39Z,1491645,8
54287310,1788527140,2026-09-04T13:05:40Z,5133053,15
54287320,1788527141,2026-09-04T13:05:41Z,3665022,7
54287330,1788527142,2026-09-04T13:05:42Z,1761253,6
54287340,1788527143,2026-09-04T13:05:43Z,2306616,17
54287350,1788527144,2026-09-04T13:05:44Z,665942,4
54287360,1788527145,2026-09-04T13:05:45Z,3867249,9
54287370,1788527146,2026-09-04T13:05:46Z,2158301,13
54287380,1788527147,2026-09-04T13:05:47Z,2651037,11
54287390,1788527148,2026-09-04T13:05:48Z,1570504,4
54287400,1788527149,2026-09-04T13:05:49Z,5998847,26
54287410,1788527150,2026-09-04T13:05:50Z,4154078,7
54287420,1788527151,2026-09-04T13:05:51Z,843599,3
54287430,1788527152,2026-09-04T13:05:52Z,2718547,5
54287440,1788527153,2026-09-04T13:05:53Z,136374,2
54287450,1788527154,2026-09-04T13:05:54Z,4309096,8
54287460,1788527155,2026-09-04T13:05:55Z,13578261,93
54287470,1788527156,2026-09-04T13:05:56Z,1373194,6
54287480,1788527157,2026-09-04T13:05:57Z,2919468,22
54287490,1788527158,2026-09-04T13:05:58Z,1586215,6
54287500,1788527159,2026-09-04T13:05:59Z,1585792,14
54287510,1788527160,2026-09-04T13:06:00Z,5056048,42
54287520,1788527161,2026-09-04T13:06:01Z,1708900,6
54287530,1788527162,2026-09-04T13:06:02Z,359302,7
54287540,1788527163,2026-09-04T13:06:03Z,1553047,6
54287550,1788527164,2026-09-04T13:06:04Z,1586838,7
54287560,1788527165,2026-09-04T13:06:05Z,354527,7
54287570,1788527166,2026-09-04T13:06:06Z,1008804,9
54287580,1788527167,2026-09-04T13:06:07Z,839704,6
54287590,1788527168,2026-09-04T13:06:08Z,297028,5
54287600,1788527169,2026-09-04T13:06:09Z,1770757,6
54287610,1788527170,2026-09-04T13:06:10Z,3242171,16
54287620,1788527171,2026-09-04T13:06:11Z,1323524,5
54287630,1788527172,2026-09-04T13:06:12Z,1034368,6
54287640,1788527173,2026-09-04T13:06:13Z,2659332,8
54287650,1788527174,2026-09-04T13:06:14Z,5534615,11
54287660,1788527175,2026-09-04T13:06:15Z,4868341,17
54287670,1788527176,2026-09-04T13:06:16Z,5358375,12
54287680,1788527177,2026-09-04T13:06:17Z,3424821,12
54287690,1788527178,2026-09-04T13:06:18Z,2455642,6
54287700,1788527179,2026-09-04T13:06:19Z,2363308,12
54287710,1788527180,2026-09-04T13:06:20Z,1561067,8
54287720,1788527181,2026-09-04T13:06:21Z,7663618,19
54287730,1788527183,2026-09-04T13:06:23Z,1743329,9
54287740,1788527184,2026-09-04T13:06:24Z,7608922,21
54287750,1788527185,2026-09-04T13:06:25Z,6221992,22
54287760,1788527186,2026-09-04T13:06:26Z,7164735,27
54287770,1788527187,2026-09-04T13:06:27Z,1961806,9
54287780,1788527188,2026-09-04T13:06:28Z,663498,5
54287790,1788527189,2026-09-04T13:06:29Z,1957431,19
54287800,1788527190,2026-09-04T13:06:30Z,6261328,17
54287810,1788527191,2026-09-04T13:06:31Z,6641612,13
54287820,1788527192,2026-09-04T13:06:32Z,3386362,14
54287830,1788527193,2026-09-04T13:06:33Z,5824266,20
54287840,1788527194,2026-09-04T13:06:34Z,3651854,15
54287850,1788527195,2026-09-04T13:06:35Z,1023963,5
54287860,1788527196,2026-09-04T13:06:36Z,2229624,12
54287870,1788527197,2026-09-04T13:06:37Z,3242896,24
54287880,1788527198,2026-09-04T13:06:38Z,2559104,9
54287890,1788527199,2026-09-04T13:06:39Z,2365745,10
54287900,1788527200,2026-09-04T13:06:40Z,3540749,28
54287910,1788527201,2026-09-04T13:06:41Z,6772957,29
54287920,1788527202,2026-09-04T13:06:42Z,3623264,16
54287930,1788527203,2026-09-04T13:06:43Z,1486872,14
54287940,1788527204,2026-09-04T13:06:44Z,3180000,12
54287950,1788527205,2026-09-04T13:06:45Z,3201309,13
54287960,1788527206,2026-09-04T13:06:46Z,1462719,12
54287970,1788527207,2026-09-04T13:06:47Z,3641026,20
54287980,1788527208,2026-09-04T13:06:48Z,6491733,18
54287990,1788527209,2026-09-04T13:06:49Z,4603846,28
54288000,1788527210,2026-09-04T13:06:50Z,2619188,11
54288010,1788527211,2026-09-04T13:06:51Z,3405054,15
54288020,1788527212,2026-09-04T13:06:52Z,4181913,13
54288030,1788527213,2026-09-04T13:06:53Z,1730854,12
54288040,1788527214,2026-09-04T13:06:54Z,4824718,12
54288050,1788527215,2026-09-04T13:06:55Z,1590956,6
54288060,1788527216,2026-09-04T13:06:56Z,4724399,15
54288070,1788527217,2026-09-04T13:06:57Z,3451378,12
54288080,1788527218,2026-09-04T13:06:58Z,2792189,9
54288090,1788527219,2026-09-04T13:06:59Z,871674,4
54288100,1788527220,2026-09-04T13:07:00Z,2501002,11
54288110,1788527221,2026-09-04T13:07:01Z,3692767,15
54288120,1788527222,2026-09-04T13:07:02Z,8270584,40
54288130,1788527223,2026-09-04T13:07:03Z,2949086,10
54288140,1788527224,2026-09-04T13:07:04Z,3730186,11
54288150,1788527225,2026-09-04T13:07:05Z,1974228,7
54288160,1788527226,2026-09-04T13:07:06Z,6825899,25
54288170,1788527227,2026-09-04T13:07:07Z,6291468,14
54288180,1788527228,2026-09-04T13:07:08Z,2151782,10
54288190,1788527229,2026-09-04T13:07:09Z,8502998,23
54288200,1788527230,2026-09-04T13:07:10Z,2209897,5
54288210,1788527231,2026-09-04T13:07:11Z,3363002,15
54288220,1788527232,2026-09-04T13:07:12Z,1474555,8
54288230,1788527233,2026-09-04T13:07:13Z,3249352,17
54288240,1788527234,2026-09-04T13:07:14Z,2433059,9
54288250,1788527235,2026-09-04T13:07:15Z,9176048,13
54288260,1788527236,2026-09-04T13:07:16Z,4196463,16
54288270,1788527237,2026-09-04T13:07:17Z,5852870,20
54288280,1788527238,2026-09-04T13:07:18Z,9627087,44
54288290,1788527239,2026-09-04T13:07:19Z,2530313,22
54288300,1788527240,2026-09-04T13:07:20Z,9030291,39
54288310,1788527241,2026-09-04T13:07:21Z,931888,8
54288320,1788527242,2026-09-04T13:07:22Z,2654637,17
54288330,1788527243,2026-09-04T13:07:23Z,6795823,21
54288340,1788527244,2026-09-04T13:07:24Z,3051172,11
54288350,1788527245,2026-09-04T13:07:25Z,1007970,7
54288360,1788527246,2026-09-04T13:07:26Z,3476395,18
54288370,1788527247,2026-09-04T13:07:27Z,4009226,9
54288380,1788527248,2026-09-04T13:07:28Z,3005219,12
54288390,1788527249,2026-09-04T13:07:29Z,4981492,21
54288400,1788527251,2026-09-04T13:07:31Z,7199939,46
54288410,1788527252,2026-09-04T13:07:32Z,5994259,25
54288420,1788527253,2026-09-04T13:07:33Z,5041053,20
54288430,1788527254,2026-09-04T13:07:34Z,6788390,35
54288440,1788527255,2026-09-04T13:07:35Z,5235642,35
54288450,1788527256,2026-09-04T13:07:36Z,2382397,13
54288460,1788527257,2026-09-04T13:07:37Z,7255219,27
54288470,1788527258,2026-09-04T13:07:38Z,8504870,35
54288480,1788527259,2026-09-04T13:07:39Z,4129462,21
54288490,1788527260,2026-09-04T13:07:40Z,5490011,36
54288500,1788527261,2026-09-04T13:07:41Z,6695432,26
54288510,1788527262,2026-09-04T13:07:42Z,7969836,33
54288520,1788527263,2026-09-04T13:07:43Z,3491741,20
54288530,1788527264,2026-09-04T13:07:44Z,5009705,15
54288540,1788527265,2026-09-04T13:07:45Z,6690276,28
54288550,1788527266,2026-09-04T13:07:46Z,3522347,25
54288560,1788527267,2026-09-04T13:07:47Z,3896635,26
54288570,1788527268,2026-09-04T13:07:48Z,4231198,16
54288580,1788527269,2026-09-04T13:07:49Z,3230569,10
54288590,1788527270,2026-09-04T13:07:50Z,3371523,13
54288600,1788527271,2026-09-04T13:07:51Z,1791239,11
54288610,1788527272,2026-09-04T13:07:52Z,12014423,10
54288620,1788527273,2026-09-04T13:07:53Z,12312848,18
54288630,1788527274,2026-09-04T13:07:54Z,2567156,9
54288640,1788527275,2026-09-04T13:07:55Z,2222036,10
54288650,1788527276,2026-09-04T13:07:56Z,4741912,20
54288660,1788527277,2026-09-04T13:07:57Z,3167737,13
54288670,1788527278,2026-09-04T13:07:58Z,2698333,18
54288680,1788527279,2026-09-04T13:07:59Z,2527935,10
54288690,1788527280,2026-09-04T13:08:00Z,17172424,19
54288700,1788527281,2026-09-04T13:08:01Z,5441823,18
54288710,1788527282,2026-09-04T13:08:02Z,5847000,13
54288720,1788527283,2026-09-04T13:08:03Z,2290653,19
54288730,1788527284,2026-09-04T13:08:04Z,4305307,18
54288740,1788527285,2026-09-04T13:08:05Z,4504228,25
54288750,1788527286,2026-09-04T13:08:06Z,7327974,23
54288760,1788527287,2026-09-04T13:08:07Z,4841247,16
54288770,1788527288,2026-09-04T13:08:08Z,4031039,15
54288780,1788527289,2026-09-04T13:08:09Z,10081667,28
54288790,1788527290,2026-09-04T13:08:10Z,2691005,6
54288800,1788527291,2026-09-04T13:08:11Z,5323330,16
54288810,1788527292,2026-09-04T13:08:12Z,6640650,38
54288820,1788527293,2026-09-04T13:08:13Z,5479709,35
54288830,1788527294,2026-09-04T13:08:14Z,1840617,28
54288840,1788527295,2026-09-04T13:08:15Z,5328565,18
54288850,1788527296,2026-09-04T13:08:16Z,2586709,17
54288860,1788527297,2026-09-04T13:08:17Z,4120841,16
54288870,1788527298,2026-09-04T13:08:18Z,2987982,29
54288880,1788527299,2026-09-04T13:08:19Z,4051550,27
54288890,1788527300,2026-09-04T13:08:20Z,1126624,10
54288900,1788527301,2026-09-04T13:08:21Z,2773987,12
54288910,1788527302,2026-09-04T13:08:22Z,2942111,9
54288920,1788527303,2026-09-04T13:08:23Z,2744521,15
54288930,1788527304,2026-09-04T13:08:24Z,4055979,19
54288940,1788527305,2026-09-04T13:08:25Z,2982270,16
54288950,1788527306,2026-09-04T13:08:26Z,2356336,10
54288960,1788527307,2026-09-04T13:08:27Z,1471919,7
54288970,1788527308,2026-09-04T13:08:28Z,9180500,22
54288980,1788527309,2026-09-04T13:08:29Z,2431764,9
54288990,1788527310,2026-09-04T13:08:30Z,2380325,11
54289000,1788527311,2026-09-04T13:08:31Z,5983569,31
54289010,1788527312,2026-09-04T13:08:32Z,3184795,16
54289020,1788527313,2026-09-04T13:08:33Z,3023898,9
54289030,1788527314,2026-09-04T13:08:34Z,3422207,27
54289040,1788527315,2026-09-04T13:08:35Z,3283913,10
54289050,1788527316,2026-09-04T13:08:36Z,2049187,13
54289060,1788527318,2026-09-04T13:08:38Z,4912200,19
54289070,1788527319,2026-09-04T13:08:39Z,5805205,20
54289080,1788527320,2026-09-04T13:08:40Z,1676886,8
54289090,1788527321,2026-09-04T13:08:41Z,3326353,12
54289100,1788527322,2026-09-04T13:08:42Z,4013939,27
54289110,1788527323,2026-09-04T13:08:43Z,3275643,16
54289120,1788527324,2026-09-04T13:08:44Z,1466963,10
54289130,1788527325,2026-09-04T13:08:45Z,4057436,16
54289140,1788527326,2026-09-04T13:08:46Z,3065527,14
54289150,1788527327,2026-09-04T13:08:47Z,5859933,17
54289160,1788527328,2026-09-04T13:08:48Z,1566454,10
54289170,1788527329,2026-09-04T13:08:49Z,1928022,9
54289180,1788527330,2026-09-04T13:08:50Z,3247333,15
54289190,1788527331,2026-09-04T13:08:51Z,2477652,11
54289200,1788527332,2026-09-04T13:08:52Z,3437087,15
54289210,1788527333,2026-09-04T13:08:53Z,1621406,6
54289220,1788527334,2026-09-04T13:08:54Z,3713185,17
54289230,1788527335,2026-09-04T13:08:55Z,2290073,11
54289240,1788527336,2026-09-04T13:08:56Z,1492387,5
54289250,1788527337,2026-09-04T13:08:57Z,2538222,9
54289260,1788527338,2026-09-04T13:08:58Z,4617000,25
54289270,1788527339,2026-09-04T13:08:59Z,416090,4
54289280,1788527340,2026-09-04T13:09:00Z,2545074,16
54289290,1788527341,2026-09-04T13:09:01Z,2067705,5
54289300,1788527342,2026-09-04T13:09:02Z,3480388,12
54289310,1788527343,2026-09-04T13:09:03Z,4304931,19
54289320,1788527344,2026-09-04T13:09:04Z,3416438,16
54289330,1788527345,2026-09-04T13:09:05Z,4302563,19
54289340,1788527346,2026-09-04T13:09:06Z,1901976,18
54289350,1788527347,2026-09-04T13:09:07Z,2372054,13
54289360,1788527348,2026-09-04T13:09:08Z,4519444,18
54289370,1788527349,2026-09-04T13:09:09Z,4282897,13
54289380,1788527350,2026-09-04T13:09:10Z,7472067,14
54289390,1788527351,2026-09-04T13:09:11Z,4914969,14
54289400,1788527352,2026-09-04T13:09:12Z,1902823,11
54289410,1788527353,2026-09-04T13:09:13Z,3924798,13
54289420,1788527354,2026-09-04T13:09:14Z,1648413,17
54289430,1788527355,2026-09-04T13:09:15Z,2311228,10
54289440,1788527356,2026-09-04T13:09:16Z,3741884,22
54289450,1788527357,2026-09-04T13:09:17Z,1613829,6
54289460,1788527358,2026-09-04T13:09:18Z,3639320,20
54289470,1788527359,2026-09-04T13:09:19Z,3598854,15
54289480,1788527360,2026-09-04T13:09:20Z,4136690,18
54289490,1788527361,2026-09-04T13:09:21Z,6546270,14
54289500,1788527362,2026-09-04T13:09:22Z,903681,5
54289510,1788527363,2026-09-04T13:09:23Z,5780622,12
54289520,1788527364,2026-09-04T13:09:24Z,2447855,12
54289530,1788527365,2026-09-04T13:09:25Z,386527,6
54289540,1788527366,2026-09-04T13:09:26Z,1118957,7
54289550,1788527367,2026-09-04T13:09:27Z,3439515,15
54289560,1788527368,2026-09-04T13:09:28Z,2362920,10
54289570,1788527369,2026-09-04T13:09:29Z,5250714,23
54289580,1788527370,2026-09-04T13:09:30Z,5697289,26
54289590,1788527371,2026-09-04T13:09:31Z,1626052,9
54289600,1788527372,2026-09-04T13:09:32Z,2102681,12
54289610,1788527373,2026-09-04T13:09:33Z,2511851,11
54289620,1788527374,2026-09-04T13:09:34Z,3369489,18
54289630,1788527375,2026-09-04T13:09:35Z,3342703,11
54289640,1788527376,2026-09-04T13:09:36Z,5202613,17
54289650,1788527377,2026-09-04T13:09:37Z,2161992,9
54289660,1788527378,2026-09-04T13:09:38Z,2173354,14
54289670,1788527379,2026-09-04T13:09:39Z,2782854,11
54289680,1788527380,2026-09-04T13:09:40Z,3195419,11
54289690,1788527381,2026-09-04T13:09:41Z,7438991,14
54289700,1788527382,2026-09-04T13:09:42Z,2881196,12
54289710,1788527383,2026-09-04T13:09:43Z,5239330,20
54289720,1788527384,2026-09-04T13:09:44Z,3956103,23
54289730,1788527385,2026-09-04T13:09:45Z,3945428,21
54289740,1788527386,2026-09-04T13:09:46Z,5163894,13
54289750,1788527388,2026-09-04T13:09:48Z,2173252,10
54289760,1788527389,2026-09-04T13:09:49Z,5810506,9
54289770,1788527390,2026-09-04T13:09:50Z,8614227,24
54289780,1788527391,2026-09-04T13:09:51Z,5533856,35
54289790,1788527392,2026-09-04T13:09:52Z,2742991,12
54289800,1788527393,2026-09-04T13:09:53Z,4431162,28
54289810,1788527394,2026-09-04T13:09:54Z,7336387,36
54289820,1788527395,2026-09-04T13:09:55Z,11364686,22
54289830,1788527396,2026-09-04T13:09:56Z,9168097,144
54289840,1788527397,2026-09-04T13:09:57Z,4361763,16
54289850,1788527398,2026-09-04T13:09:58Z,4051195,15
54289860,1788527399,2026-09-04T13:09:59Z,3582532,12
54289870,1788527400,2026-09-04T13:10:00Z,5454022,23
54289880,1788527401,2026-09-04T13:10:01Z,5060329,14
54289890,1788527402,2026-09-04T13:10:02Z,4202872,15
54289900,1788527403,2026-09-04T13:10:03Z,11199185,20
54289910,1788527404,2026-09-04T13:10:04Z,2313314,9
54289920,1788527405,2026-09-04T13:10:05Z,1931873,10
54289930,1788527406,2026-09-04T13:10:06Z,3288784,17
54289940,1788527407,2026-09-04T13:10:07Z,2073995,9
54289950,1788527408,2026-09-04T13:10:08Z,4969418,20
54289960,1788527409,2026-09-04T13:10:09Z,3060730,12
54289970,1788527410,2026-09-04T13:10:10Z,2472903,11
54289980,1788527411,2026-09-04T13:10:11Z,6637738,18
54289990,1788527412,2026-09-04T13:10:12Z,4376291,17
54290000,1788527413,2026-09-04T13:10:13Z,4993632,18
54290010,1788527414,2026-09-04T13:10:14Z,4613482,20
54290020,1788527415,2026-09-04T13:10:15Z,3549713,9
54290030,1788527416,2026-09-04T13:10:16Z,10943878,17
54290040,1788527417,2026-09-04T13:10:17Z,3055009,15
54290050,1788527418,2026-09-04T13:10:18Z,3670026,12
54290060,1788527419,2026-09-04T13:10:19Z,2537111,9
54290070,1788527420,2026-09-04T13:10:20Z,3431414,18
54290080,1788527421,2026-09-04T13:10:21Z,1212634,6
54290090,1788527422,2026-09-04T13:10:22Z,7448785,19
54290100,1788527423,2026-09-04T13:10:23Z,2824800,14
54290110,1788527424,2026-09-04T13:10:24Z,2361903,8
54290120,1788527425,2026-09-04T13:10:25Z,3244766,11
54290130,1788527426,2026-09-04T13:10:26Z,716029,5
54290140,1788527427,2026-09-04T13:10:27Z,2253517,14
54290150,1788527428,2026-09-04T13:10:28Z,15252121,13
54290160,1788527429,2026-09-04T13:10:29Z,2911482,10
54290170,1788527430,2026-09-04T13:10:30Z,3038974,16
54290180,1788527431,2026-09-04T13:10:31Z,4617541,20
54290190,1788527432,2026-09-04T13:10:32Z,2001563,12
54290200,1788527433,2026-09-04T13:10:33Z,1241601,12
54290210,1788527434,2026-09-04T13:10:34Z,10049975,31
54290220,1788527435,2026-09-04T13:10:35Z,3634656,16
54290230,1788527436,2026-09-04T13:10:36Z,8526173,46
54290240,1788527437,2026-09-04T13:10:37Z,5097475,14
54290250,1788527438,2026-09-04T13:10:38Z,6217007,19
54290260,1788527439,2026-09-04T13:10:39Z,4858751,22
54290270,1788527440,2026-09-04T13:10:40Z,1342829,9
54290280,1788527441,2026-09-04T13:10:41Z,3893374,18
54290290,1788527442,2026-09-04T13:10:42Z,10594583,16
54290300,1788527443,2026-09-04T13:10:43Z,3373556,12
54290310,1788527444,2026-09-04T13:10:44Z,2725981,12
54290320,1788527445,2026-09-04T13:10:45Z,2347219,10
54290330,1788527446,2026-09-04T13:10:46Z,2617694,12
54290340,1788527447,2026-09-04T13:10:47Z,1485628,10
54290350,1788527448,2026-09-04T13:10:48Z,934907,7
54290360,1788527449,2026-09-04T13:10:49Z,3791375,15
54290370,1788527450,2026-09-04T13:10:50Z,3346551,13
54290380,1788527451,2026-09-04T13:10:51Z,4536403,13
54290390,1788527452,2026-09-04T13:10:52Z,3022479,17
54290400,1788527453,2026-09-04T13:10:53Z,4774563,20
54290410,1788527454,2026-09-04T13:10:54Z,2096118,13
54290420,1788527456,2026-09-04T13:10:56Z,5369553,12
54290430,1788527457,2026-09-04T13:10:57Z,4427661,12
54290440,1788527458,2026-09-04T13:10:58Z,1864921,8
54290450,1788527459,2026-09-04T13:10:59Z,2259598,10
54290460,1788527460,2026-09-04T13:11:00Z,968017,6
54290470,1788527461,2026-09-04T13:11:01Z,4459447,13
54290480,1788527462,2026-09-04T13:11:02Z,4655355,12
54290490,1788527463,2026-09-04T13:11:03Z,5087034,19
54290500,1788527463,2026-09-04T13:11:03Z,0,2
54290510,1788527463,2026-09-04T13:11:03Z,0,2
54290520,1788527463,2026-09-04T13:11:03Z,0,2
54290530,1788527464,2026-09-04T13:11:04Z,3663880,13
54290540,1788527465,2026-09-04T13:11:05Z,1323509,7
54290550,1788527466,2026-09-04T13:11:06Z,3191092,12
54290560,1788527467,2026-09-04T13:11:07Z,7450102,43
54290570,1788527468,2026-09-04T13:11:08Z,13353252,41
54290580,1788527469,2026-09-04T13:11:09Z,1284396,7
54290590,1788527470,2026-09-04T13:11:10Z,1067679,6
54290600,1788527471,2026-09-04T13:11:11Z,4202788,26
54290610,1788527472,2026-09-04T13:11:12Z,3316961,14
54290620,1788527473,2026-09-04T13:11:13Z,3432733,22
54290630,1788527474,2026-09-04T13:11:14Z,3075897,21
54290640,1788527475,2026-09-04T13:11:15Z,1903452,9
54290650,1788527476,2026-09-04T13:11:16Z,2601328,13
54290660,1788527477,2026-09-04T13:11:17Z,2076733,10
54290670,1788527478,2026-09-04T13:11:18Z,3015585,14
54290680,1788527479,2026-09-04T13:11:19Z,2916354,13
54290690,1788527480,2026-09-04T13:11:20Z,1587142,12
54290700,1788527481,2026-09-04T13:11:21Z,1305709,8
54290710,1788527482,2026-09-04T13:11:22Z,2062380,18
54290720,1788527483,2026-09-04T13:11:23Z,2225971,12
54290730,1788527484,2026-09-04T13:11:24Z,1997723,11
54290740,1788527485,2026-09-04T13:11:25Z,2961873,19
54290750,1788527486,2026-09-04T13:11:26Z,1830924,11
54290760,1788527487,2026-09-04T13:11:27Z,5127288,16
54290770,1788527488,2026-09-04T13:11:28Z,3151604,15
54290780,1788527489,2026-09-04T13:11:29Z,3652222,19
54290790,1788527490,2026-09-04T13:11:30Z,1508984,9
54290800,1788527491,2026-09-04T13:11:31Z,2578927,13
54290810,1788527492,2026-09-04T13:11:32Z,3900984,13
54290820,1788527493,2026-09-04T13:11:33Z,4105465,12
54290830,1788527494,2026-09-04T13:11:34Z,1171086,7
54290840,1788527495,2026-09-04T13:11:35Z,6598151,19
54290850,1788527496,2026-09-04T13:11:36Z,3694771,13
54290860,1788527497,2026-09-04T13:11:37Z,1702150,11
54290870,1788527498,2026-09-04T13:11:38Z,2131827,11
54290880,1788527499,2026-09-04T13:11:39Z,2316031,16
54290890,1788527500,2026-09-04T13:11:40Z,3004909,11
54290900,1788527501,2026-09-04T13:11:41Z,1606643,9
54290910,1788527502,2026-09-04T13:11:42Z,3124877,11
54290920,1788527503,2026-09-04T13:11:43Z,6307913,12
54290930,1788527504,2026-09-04T13:11:44Z,4681678,11
54290940,1788527505,2026-09-04T13:11:45Z,4366029,22
54290950,1788527506,2026-09-04T13:11:46Z,5216895,31
54290960,1788527507,2026-09-04T13:11:47Z,2720131,14
54290970,1788527508,2026-09-04T13:11:48Z,1000993,7
54290980,1788527509,2026-09-04T13:11:49Z,11338956,25
54290990,1788527510,2026-09-04T13:11:50Z,931443,7
54291000,1788527511,2026-09-04T13:11:51Z,3352236,18
54291010,1788527513,2026-09-04T13:11:53Z,14281833,39
54291020,1788527514,2026-09-04T13:11:54Z,2742285,10
54291030,1788527515,2026-09-04T13:11:55Z,2525367,10
54291040,1788527516,2026-09-04T13:11:56Z,2937456,12
54291050,1788527518,2026-09-04T13:11:58Z,1711941,8
54291060,1788527519,2026-09-04T13:11:59Z,3061311,18
54291070,1788527520,2026-09-04T13:12:00Z,3287456,10
54291080,1788527521,2026-09-04T13:12:01Z,1933065,9
54291090,1788527523,2026-09-04T13:12:03Z,5872063,26
54291100,1788527524,2026-09-04T13:12:04Z,3191066,8
54291110,1788527525,2026-09-04T13:12:05Z,3202019,8
54291120,1788527526,2026-09-04T13:12:06Z,2811360,12
54291130,1788527527,2026-09-04T13:12:07Z,4482797,11
54291140,1788527528,2026-09-04T13:12:08Z,4428295,11
54291150,1788527529,2026-09-04T13:12:09Z,1781811,13
54291160,1788527530,2026-09-04T13:12:10Z,2318441,19
54291170,1788527531,2026-09-04T13:12:11Z,184404,4
54291180,1788527532,2026-09-04T13:12:12Z,2840057,9
54291190,1788527533,2026-09-04T13:12:13Z,856997,4
54291200,1788527534,2026-09-04T13:12:14Z,9126075,20
54291210,1788527535,2026-09-04T13:12:15Z,14681237,35
54291220,1788527536,2026-09-04T13:12:16Z,944802,5
54291230,1788527537,2026-09-04T13:12:17Z,1294343,8
54291240,1788527538,2026-09-04T13:12:18Z,4269472,11
54291250,1788527539,2026-09-04T13:12:19Z,1088121,9
54291260,1788527540,2026-09-04T13:12:20Z,2013820,18
54291270,1788527541,2026-09-04T13:12:21Z,1228307,17
54291280,1788527542,2026-09-04T13:12:22Z,1785783,10
54291290,1788527543,2026-09-04T13:12:23Z,1602385,12
54291300,1788527544,2026-09-04T13:12:24Z,3198640,14
54291310,1788527545,2026-09-04T13:12:25Z,4406730,17
54291320,1788527546,2026-09-04T13:12:26Z,3436667,15
54291330,1788527547,2026-09-04T13:12:27Z,7598733,27
54291340,1788527548,2026-09-04T13:12:28Z,4456628,12
54291350,1788527549,2026-09-04T13:12:29Z,5605402,31
54291360,1788527550,2026-09-04T13:12:30Z,2116024,11
54291370,1788527551,2026-09-04T13:12:31Z,2220469,15
54291380,1788527552,2026-09-04T13:12:32Z,4396920,11
54291390,1788527553,2026-09-04T13:12:33Z,2996553,15
54291400,1788527554,2026-09-04T13:12:34Z,4370626,16
54291410,1788527555,2026-09-04T13:12:35Z,3062387,9
54291420,1788527556,2026-09-04T13:12:36Z,5109555,9
54291430,1788527557,2026-09-04T13:12:37Z,4469210,18
54291440,1788527558,2026-09-04T13:12:38Z,2303820,8
54291450,1788527559,2026-09-04T13:12:39Z,3697458,20
54291460,1788527560,2026-09-04T13:12:40Z,2270285,11
54291470,1788527561,2026-09-04T13:12:41Z,3754514,14
54291480,1788527562,2026-09-04T13:12:42Z,1714995,9
54291490,1788527563,2026-09-04T13:12:43Z,3092604,20
54291500,1788527564,2026-09-04T13:12:44Z,4891282,24
54291510,1788527565,2026-09-04T13:12:45Z,2777498,14
54291520,1788527566,2026-09-04T13:12:46Z,1337316,8
54291530,1788527567,2026-09-04T13:12:47Z,3792119,18
54291540,1788527568,2026-09-04T13:12:48Z,3778727,8
54291550,1788527569,2026-09-04T13:12:49Z,4931677,25
54291560,1788527570,2026-09-04T13:12:50Z,2810926,19
54291570,1788527571,2026-09-04T13:12:51Z,7727695,25
54291580,1788527572,2026-09-04T13:12:52Z,1522744,10
54291590,1788527573,2026-09-04T13:12:53Z,3844679,13
54291600,1788527574,2026-09-04T13:12:54Z,2360085,10
54291610,1788527575,2026-09-04T13:12:55Z,2044587,10
54291620,1788527576,2026-09-04T13:12:56Z,2992451,17
54291630,1788527577,2026-09-04T13:12:57Z,1168321,7
54291640,1788527578,2026-09-04T13:12:58Z,2954408,12
54291650,1788527579,2026-09-04T13:12:59Z,3577484,18
54291660,1788527580,2026-09-04T13:13:00Z,4009784,12
54291670,1788527581,2026-09-04T13:13:01Z,4618697,24
54291680,1788527582,2026-09-04T13:13:02Z,2741816,17
54291690,1788527583,2026-09-04T13:13:03Z,7815032,15
54291700,1788527584,2026-09-04T13:13:04Z,2144675,14
54291710,1788527585,2026-09-04T13:13:05Z,3679692,20
54291720,1788527586,2026-09-04T13:13:06Z,2812494,16
54291730,1788527587,2026-09-04T13:13:07Z,5215654,10
54291740,1788527588,2026-09-04T13:13:08Z,1810186,16
54291750,1788527589,2026-09-04T13:13:09Z,1512617,8
54291760,1788527590,2026-09-04T13:13:10Z,3861582,15
54291770,1788527591,2026-09-04T13:13:11Z,502170,6
54291780,1788527592,2026-09-04T13:13:12Z,4924404,22
54291790,1788527593,2026-09-04T13:13:13Z,2158326,9
54291800,1788527594,2026-09-04T13:13:14Z,1906576,12
54291810,1788527595,2026-09-04T13:13:15Z,3981337,15
54291820,1788527596,2026-09-04T13:13:16Z,1517288,11
54291830,1788527597,2026-09-04T13:13:17Z,4112392,15
54291840,1788527598,2026-09-04T13:13:18Z,2731960,12
54291850,1788527599,2026-09-04T13:13:19Z,4184650,16
54291860,1788527600,2026-09-04T13:13:20Z,4035473,15
54291870,1788527602,2026-09-04T13:13:22Z,2049784,9
54291880,1788527603,2026-09-04T13:13:23Z,4658789,23
54291890,1788527604,2026-09-04T13:13:24Z,7493670,13
54291900,1788527605,2026-09-04T13:13:25Z,2062569,9
54291910,1788527606,2026-09-04T13:13:26Z,3333320,10
54291920,1788527607,2026-09-04T13:13:27Z,1661922,11
54291930,1788527608,2026-09-04T13:13:28Z,3137547,13
54291940,1788527609,2026-09-04T13:13:29Z,2356524,8
54291950,1788527610,2026-09-04T13:13:30Z,3591602,17
54291960,1788527611,2026-09-04T13:13:31Z,1956266,17
54291970,1788527612,2026-09-04T13:13:32Z,720029,10
54291980,1788527613,2026-09-04T13:13:33Z,1999175,9
54291990,1788527614,2026-09-04T13:13:34Z,4994359,16
54292000,1788527615,2026-09-04T13:13:35Z,2164772,12
54292010,1788527616,2026-09-04T13:13:36Z,1459815,8
54292020,1788527617,2026-09-04T13:13:37Z,2290737,13
54292030,1788527618,2026-09-04T13:13:38Z,1086965,11
54292040,1788527619,2026-09-04T13:13:39Z,2257092,17
54292050,1788527620,2026-09-04T13:13:40Z,6386121,21
54292060,1788527621,2026-09-04T13:13:41Z,2028939,10
54292070,1788527622,2026-09-04T13:13:42Z,5791441,15
54292080,1788527623,2026-09-04T13:13:43Z,2384425,13
54292090,1788527624,2026-09-04T13:13:44Z,2458076,20
54292100,1788527625,2026-09-04T13:13:45Z,4391133,19
54292110,1788527626,2026-09-04T13:13:46Z,1341926,10
54292120,1788527627,2026-09-04T13:13:47Z,3684096,23
54292130,1788527628,2026-09-04T13:13:48Z,3237007,14
54292140,1788527629,2026-09-04T13:13:49Z,5773305,29
54292150,1788527630,2026-09-04T13:13:50Z,3504864,20
54292160,1788527631,2026-09-04T13:13:51Z,4977759,21
54292170,1788527632,2026-09-04T13:13:52Z,2038605,9
54292180,1788527633,2026-09-04T13:13:53Z,3514345,19
54292190,1788527634,2026-09-04T13:13:54Z,2199969,15
54292200,1788527635,2026-09-04T13:13:55Z,961035,6
54292210,1788527636,2026-09-04T13:13:56Z,3651631,19
54292220,1788527637,2026-09-04T13:13:57Z,1005459,10
54292230,1788527638,2026-09-04T13:13:58Z,2446826,14
54292240,1788527639,2026-09-04T13:13:59Z,8733247,23
54292250,1788527640,2026-09-04T13:14:00Z,977887,6
54292260,1788527641,2026-09-04T13:14:01Z,3470938,17
54292270,1788527642,2026-09-04T13:14:02Z,3106665,20
54292280,1788527643,2026-09-04T13:14:03Z,959235,8
54292290,1788527644,2026-09-04T13:14:04Z,1473625,10
54292300,1788527645,2026-09-04T13:14:05Z,5469163,24
54292310,1788527646,2026-09-04T13:14:06Z,1378029,13
54292320,1788527647,2026-09-04T13:14:07Z,4138957,16
54292330,1788527648,2026-09-04T13:14:08Z,1398694,7
54292340,1788527649,2026-09-04T13:14:09Z,2192912,12
54292350,1788527650,2026-09-04T13:14:10Z,852628,7
54292360,1788527651,2026-09-04T13:14:11Z,1405128,4
54292370,1788527652,2026-09-04T13:14:12Z,11747741,29
54292380,1788527653,2026-09-04T13:14:13Z,2921146,20
54292390,1788527654,2026-09-04T13:14:14Z,3247201,23
54292400,1788527655,2026-09-04T13:14:15Z,1608753,7
54292410,1788527656,2026-09-04T13:14:16Z,4248551,24
54292420,1788527657,2026-09-04T13:14:17Z,1649082,9
54292430,1788527658,2026-09-04T13:14:18Z,6198312,23
54292440,1788527659,2026-09-04T13:14:19Z,2676597,13
54292450,1788527660,2026-09-04T13:14:20Z,1938608,9
54292460,1788527661,2026-09-04T13:14:21Z,3618037,15
54292470,1788527662,2026-09-04T13:14:22Z,1112236,8
54292480,1788527663,2026-09-04T13:14:23Z,1201436,6
54292490,1788527664,2026-09-04T13:14:24Z,2921281,17
54292500,1788527665,2026-09-04T13:14:25Z,2870184,25
54292510,1788527666,2026-09-04T13:14:26Z,8624279,28
54292520,1788527667,2026-09-04T13:14:27Z,2809030,18
54292530,1788527668,2026-09-04T13:14:28Z,4838085,18
54292540,1788527669,2026-09-04T13:14:29Z,649407,10
54292550,1788527670,2026-09-04T13:14:30Z,570165,4
54292560,1788527671,2026-09-04T13:14:31Z,3707997,13
54292570,1788527672,2026-09-04T13:14:32Z,3234157,15
54292580,1788527673,2026-09-04T13:14:33Z,2774928,18
54292590,1788527674,2026-09-04T13:14:34Z,685138,6
54292600,1788527675,2026-09-04T13:14:35Z,1882310,12
54292610,1788527676,2026-09-04T13:14:36Z,1865022,11
54292620,1788527678,2026-09-04T13:14:38Z,2829885,10
54292630,1788527679,2026-09-04T13:14:39Z,2164713,8
54292640,1788527680,2026-09-04T13:14:40Z,2460022,14
54292650,1788527681,2026-09-04T13:14:41Z,3422237,13
54292660,1788527682,2026-09-04T13:14:42Z,2351936,14
54292670,1788527683,2026-09-04T13:14:43Z,2539733,13
54292680,1788527684,2026-09-04T13:14:44Z,3139366,16
54292690,1788527685,2026-09-04T13:14:45Z,5159599,16
54292700,1788527686,2026-09-04T13:14:46Z,1568620,13
54292710,1788527687,2026-09-04T13:14:47Z,2122367,8
54292720,1788527688,2026-09-04T13:14:48Z,1639713,6
54292730,1788527689,2026-09-04T13:14:49Z,1107934,7
54292740,1788527690,2026-09-04T13:14:50Z,2567175,5
54292750,1788527691,2026-09-04T13:14:51Z,662159,9
54292760,1788527692,2026-09-04T13:14:52Z,2008944,6
54292770,1788527693,2026-09-04T13:14:53Z,2109497,9
54292780,1788527694,2026-09-04T13:14:54Z,3277592,22
54292790,1788527695,2026-09-04T13:14:55Z,2231596,15
54292800,1788527696,2026-09-04T13:14:56Z,1906577,16
54292810,1788527697,2026-09-04T13:14:57Z,2404780,11
54292820,1788527698,2026-09-04T13:14:58Z,3102477,12
54292830,1788527699,2026-09-04T13:14:59Z,4111609,16
54292840,1788527700,2026-09-04T13:15:00Z,1381188,9
54292850,1788527701,2026-09-04T13:15:01Z,1105338,4
54292860,1788527702,2026-09-04T13:15:02Z,1318377,7
54292870,1788527703,2026-09-04T13:15:03Z,3806455,20
54292880,1788527704,2026-09-04T13:15:04Z,1822265,11
54292890,1788527705,2026-09-04T13:15:05Z,3009897,9
54292900,1788527706,2026-09-04T13:15:06Z,5851561,19
54292910,1788527707,2026-09-04T13:15:07Z,3281466,13
54292920,1788527708,2026-09-04T13:15:08Z,3232047,10
54292930,1788527709,2026-09-04T13:15:09Z,3057613,19
54292940,1788527710,2026-09-04T13:15:10Z,2087287,10
54292950,1788527711,2026-09-04T13:15:11Z,1739160,7
54292960,1788527712,2026-09-04T13:15:12Z,1784799,11
54292970,1788527713,2026-09-04T13:15:13Z,1059175,9
54292980,1788527714,2026-09-04T13:15:14Z,5008662,20
54292990,1788527715,2026-09-04T13:15:15Z,683762,9
54293000,1788527716,2026-09-04T13:15:16Z,12209777,10
54293010,1788527717,2026-09-04T13:15:17Z,2978852,14
54293020,1788527718,2026-09-04T13:15:18Z,2229093,10
54293030,1788527719,2026-09-04T13:15:19Z,2622530,9
54293040,1788527720,2026-09-04T13:15:20Z,1461139,8
54293050,1788527721,2026-09-04T13:15:21Z,3041816,12
54293060,1788527722,2026-09-04T13:15:22Z,2664121,8
54293070,1788527723,2026-09-04T13:15:23Z,5500896,7
54293080,1788527724,2026-09-04T13:15:24Z,5436445,20
54293090,1788527725,2026-09-04T13:15:25Z,9574135,36
54293100,1788527726,2026-09-04T13:15:26Z,14922199,41
54293110,1788527727,2026-09-04T13:15:27Z,8230320,33
54293120,1788527728,2026-09-04T13:15:28Z,4260146,14
54293130,1788527729,2026-09-04T13:15:29Z,5072703,22
54293140,1788527730,2026-09-04T13:15:30Z,1309069,17
54293150,1788527731,2026-09-04T13:15:31Z,5375588,13
54293160,1788527732,2026-09-04T13:15:32Z,1682305,13
54293170,1788527733,2026-09-04T13:15:33Z,3757225,22
54293180,1788527734,2026-09-04T13:15:34Z,7815208,20
54293190,1788527735,2026-09-04T13:15:35Z,1494787,14
54293200,1788527736,2026-09-04T13:15:36Z,1548996,12
54293210,1788527737,2026-09-04T13:15:37Z,3355668,9
54293220,1788527738,2026-09-04T13:15:38Z,1426563,8
54293230,1788527739,2026-09-04T13:15:39Z,2314907,12
54293240,1788527740,2026-09-04T13:15:40Z,2909814,12
54293250,1788527741,2026-09-04T13:15:41Z,3566587,18
54293260,1788527742,2026-09-04T13:15:42Z,4229600,21
54293270,1788527743,2026-09-04T13:15:43Z,1089923,7
54293280,1788527744,2026-09-04T13:15:44Z,1560323,7
54293290,1788527745,2026-09-04T13:15:45Z,3500691,17
54293300,1788527746,2026-09-04T13:15:46Z,4000428,26
54293310,1788527747,2026-09-04T13:15:47Z,4626114,10
54293320,1788527748,2026-09-04T13:15:48Z,2050277,11
54293330,1788527749,2026-09-04T13:15:49Z,4277288,8
54293340,1788527750,2026-09-04T13:15:50Z,4171471,24
54293350,1788527751,2026-09-04T13:15:51Z,2286814,15
54293360,1788527752,2026-09-04T13:15:52Z,2790180,8
54293370,1788527753,2026-09-04T13:15:53Z,5079701,18
54293380,1788527755,2026-09-04T13:15:55Z,3262194,13
54293390,1788527756,2026-09-04T13:15:56Z,776517,12
54293400,1788527757,2026-09-04T13:15:57Z,6526981,16
54293410,1788527758,2026-09-04T13:15:58Z,1100003,12
54293420,1788527759,2026-09-04T13:15:59Z,1847953,16
54293430,1788527760,2026-09-04T13:16:00Z,5020103,19
54293440,1788527761,2026-09-04T13:16:01Z,3646932,24
54293450,1788527762,2026-09-04T13:16:02Z,4418084,30
54293460,1788527763,2026-09-04T13:16:03Z,2621727,17
54293470,1788527764,2026-09-04T13:16:04Z,4163544,14
54293480,1788527765,2026-09-04T13:16:05Z,1632592,12
54293490,1788527766,2026-09-04T13:16:06Z,1585924,9
54293500,1788527767,2026-09-04T13:16:07Z,3961137,17
54293510,1788527768,2026-09-04T13:16:08Z,2813688,14
54293520,1788527769,2026-09-04T13:16:09Z,2087098,18
54293530,1788527770,2026-09-04T13:16:10Z,3518468,12
54293540,1788527771,2026-09-04T13:16:11Z,3319640,11
54293550,1788527772,2026-09-04T13:16:12Z,2499132,12
54293560,1788527773,2026-09-04T13:16:13Z,673327,5
54293570,1788527774,2026-09-04T13:16:14Z,2970933,18
54293580,1788527775,2026-09-04T13:16:15Z,5138165,27
54293590,1788527776,2026-09-04T13:16:16Z,2805624,11
54293600,1788527777,2026-09-04T13:16:17Z,4628173,19
54293610,1788527778,2026-09-04T13:16:18Z,3791796,20
54293620,1788527779,2026-09-04T13:16:19Z,2024014,11
54293630,1788527780,2026-09-04T13:16:20Z,1075789,7
54293640,1788527781,2026-09-04T13:16:21Z,1003736,6
54293650,1788527782,2026-09-04T13:16:22Z,1943161,13
54293660,1788527783,2026-09-04T13:16:23Z,6058854,17
54293670,1788527784,2026-09-04T13:16:24Z,3309494,14
54293680,1788527785,2026-09-04T13:16:25Z,3636132,15
54293690,1788527786,2026-09-04T13:16:26Z,1959061,8
54293700,1788527787,2026-09-04T13:16:27Z,2544309,14
54293710,1788527788,2026-09-04T13:16:28Z,1035962,7
54293720,1788527789,2026-09-04T13:16:29Z,1973235,10
54293730,1788527790,2026-09-04T13:16:30Z,296135,5
54293740,1788527791,2026-09-04T13:16:31Z,3191431,12
54293750,1788527792,2026-09-04T13:16:32Z,3378794,18
54293760,1788527793,2026-09-04T13:16:33Z,2478373,7
54293770,1788527794,2026-09-04T13:16:34Z,2943782,15
54293780,1788527795,2026-09-04T13:16:35Z,3063889,7
54293790,1788527796,2026-09-04T13:16:36Z,1656066,7
54293800,1788527797,2026-09-04T13:16:37Z,2332145,9
54293810,1788527798,2026-09-04T13:16:38Z,2232869,13
54293820,1788527799,2026-09-04T13:16:39Z,2153491,10
54293830,1788527800,2026-09-04T13:16:40Z,4945565,23
54293840,1788527801,2026-09-04T13:16:41Z,1998610,6
54293850,1788527802,2026-09-04T13:16:42Z,2665296,10
54293860,1788527803,2026-09-04T13:16:43Z,352107,4
54293870,1788527804,2026-09-04T13:16:44Z,4839830,21
54293880,1788527805,2026-09-04T13:16:45Z,2995000,13
54293890,1788527806,2026-09-04T13:16:46Z,1478260,7
54293900,1788527807,2026-09-04T13:16:47Z,1998388,7
54293910,1788527808,2026-09-04T13:16:48Z,4063919,13
54293920,1788527809,2026-09-04T13:16:49Z,3731414,11
54293930,1788527810,2026-09-04T13:16:50Z,2654604,16
54293940,1788527811,2026-09-04T13:16:51Z,2138493,6
54293950,1788527812,2026-09-04T13:16:52Z,1439596,11
54293960,1788527813,2026-09-04T13:16:53Z,2688189,17
54293970,1788527814,2026-09-04T13:16:54Z,1589448,11
54293980,1788527815,2026-09-04T13:16:55Z,1915561,11
54293990,1788527816,2026-09-04T13:16:56Z,665463,10
54294000,1788527817,2026-09-04T13:16:57Z,811887,12
54294010,1788527818,2026-09-04T13:16:58Z,2238338,12
54294020,1788527819,2026-09-04T13:16:59Z,3806776,12
54294030,1788527820,2026-09-04T13:17:00Z,3449364,16
54294040,1788527821,2026-09-04T13:17:01Z,1445727,13
54294050,1788527822,2026-09-04T13:17:02Z,1814698,8
54294060,1788527823,2026-09-04T13:17:03Z,1587628,9
54294070,1788527824,2026-09-04T13:17:04Z,1808755,7
54294080,1788527825,2026-09-04T13:17:05Z,5296065,9
54294090,1788527826,2026-09-04T13:17:06Z,2805910,13
54294100,1788527827,2026-09-04T13:17:07Z,2585248,14
54294110,1788527828,2026-09-04T13:17:08Z,4303913,10
54294120,1788527829,2026-09-04T13:17:09Z,12103133,31
54294130,1788527831,2026-09-04T13:17:11Z,1479873,8
54294140,1788527832,2026-09-04T13:17:12Z,3537156,14
54294150,1788527833,2026-09-04T13:17:13Z,6379591,21
54294160,1788527834,2026-09-04T13:17:14Z,4407332,15
54294170,1788527835,2026-09-04T13:17:15Z,4323759,20
54294180,1788527836,2026-09-04T13:17:16Z,6443032,23
54294190,1788527837,2026-09-04T13:17:17Z,5891039,21
54294200,1788527838,2026-09-04T13:17:18Z,3064470,14
54294210,1788527839,2026-09-04T13:17:19Z,5822170,12
54294220,1788527840,2026-09-04T13:17:20Z,3365836,14
54294230,1788527841,2026-09-04T13:17:21Z,5724620,12
54294240,1788527842,2026-09-04T13:17:22Z,4074495,9
54294250,1788527843,2026-09-04T13:17:23Z,2208652,12
54294260,1788527844,2026-09-04T13:17:24Z,1093789,5
54294270,1788527845,2026-09-04T13:17:25Z,4962104,11
54294280,1788527846,2026-09-04T13:17:26Z,1927587,8
54294290,1788527847,2026-09-04T13:17:27Z,1424606,7
54294300,1788527848,2026-09-04T13:17:28Z,1316850,7
54294310,1788527849,2026-09-04T13:17:29Z,532999,7
54294320,1788527850,2026-09-04T13:17:30Z,3064308,12
54294330,1788527851,2026-09-04T13:17:31Z,1157523,12
54294340,1788527852,2026-09-04T13:17:32Z,1775471,7
54294350,1788527853,2026-09-04T13:17:33Z,2627100,9
54294360,1788527853,2026-09-04T13:17:33Z,0,2
54294370,1788527853,2026-09-04T13:17:33Z,0,2
54294380,1788527853,2026-09-04T13:17:33Z,381420,3
54294390,1788527854,2026-09-04T13:17:34Z,1547966,8
54294400,1788527855,2026-09-04T13:17:35Z,2448376,17
54294410,1788527856,2026-09-04T13:17:36Z,3341870,17
54294420,1788527857,2026-09-04T13:17:37Z,1256965,8
54294430,1788527858,2026-09-04T13:17:38Z,9932723,21
54294440,1788527859,2026-09-04T13:17:39Z,2255494,16
54294450,1788527860,2026-09-04T13:17:40Z,5585155,19
54294460,1788527861,2026-09-04T13:17:41Z,2589483,8
54294470,1788527862,2026-09-04T13:17:42Z,5726892,15
54294480,1788527863,2026-09-04T13:17:43Z,3204891,11
54294490,1788527864,2026-09-04T13:17:44Z,4013515,12
54294500,1788527865,2026-09-04T13:17:45Z,1184523,9
54294510,1788527866,2026-09-04T13:17:46Z,1380981,8
54294520,1788527867,2026-09-04T13:17:47Z,1526325,11
54294530,1788527868,2026-09-04T13:17:48Z,1619237,9
54294540,1788527869,2026-09-04T13:17:49Z,6430606,22
54294550,1788527870,2026-09-04T13:17:50Z,1948374,10
54294560,1788527871,2026-09-04T13:17:51Z,7835056,15
54294570,1788527872,2026-09-04T13:17:52Z,4457330,14
54294580,1788527873,2026-09-04T13:17:53Z,1139544,8
54294590,1788527874,2026-09-04T13:17:54Z,2931415,12
54294600,1788527875,2026-09-04T13:17:55Z,3051287,10
54294610,1788527876,2026-09-04T13:17:56Z,4095814,10
54294620,1788527877,2026-09-04T13:17:57Z,3635382,12
54294630,1788527878,2026-09-04T13:17:58Z,2406058,9
54294640,1788527879,2026-09-04T13:17:59Z,1917534,10
54294650,1788527880,2026-09-04T13:18:00Z,6297217,16
54294660,1788527881,2026-09-04T13:18:01Z,6305856,18
54294670,1788527882,2026-09-04T13:18:02Z,3704123,13
54294680,1788527883,2026-09-04T13:18:03Z,14281987,23
54294690,1788527884,2026-09-04T13:18:04Z,8179840,30
54294700,1788527885,2026-09-04T13:18:05Z,13295352,19
54294710,1788527887,2026-09-04T13:18:07Z,6745249,17
54294720,1788527888,2026-09-04T13:18:08Z,3931064,12
54294730,1788527889,2026-09-04T13:18:09Z,5595441,17
54294740,1788527890,2026-09-04T13:18:10Z,2847643,13
54294750,1788527891,2026-09-04T13:18:11Z,1699468,12
54294760,1788527892,2026-09-04T13:18:12Z,4442465,23
54294770,1788527893,2026-09-04T13:18:13Z,5453598,21
54294780,1788527894,2026-09-04T13:18:14Z,2355216,13
54294790,1788527895,2026-09-04T13:18:15Z,925258,9
54294800,1788527896,2026-09-04T13:18:16Z,2077805,13
54294810,1788527897,2026-09-04T13:18:17Z,7827253,19
54294820,1788527898,2026-09-04T13:18:18Z,6313310,14
54294830,1788527899,2026-09-04T13:18:19Z,3701939,8
54294840,1788527900,2026-09-04T13:18:20Z,2416438,11
54294850,1788527901,2026-09-04T13:18:21Z,3190512,16
54294860,1788527902,2026-09-04T13:18:22Z,2678267,10
54294870,1788527903,2026-09-04T13:18:23Z,2184852,14
54294880,1788527904,2026-09-04T13:18:24Z,2758853,22
54294890,1788527905,2026-09-04T13:18:25Z,4748732,26
54294900,1788527906,2026-09-04T13:18:26Z,3572585,13
54294910,1788527907,2026-09-04T13:18:27Z,1329735,8
54294920,1788527908,2026-09-04T13:18:28Z,292702,4
54294930,1788527909,2026-09-04T13:18:29Z,4962403,16
54294940,1788527910,2026-09-04T13:18:30Z,2234862,21
54294950,1788527911,2026-09-04T13:18:31Z,2444511,10
54294960,1788527912,2026-09-04T13:18:32Z,2119083,8
54294970,1788527913,2026-09-04T13:18:33Z,1933266,8
54294980,1788527914,2026-09-04T13:18:34Z,2914456,10
54294990,1788527915,2026-09-04T13:18:35Z,1405923,10
54295000,1788527916,2026-09-04T13:18:36Z,3256938,18
54295010,1788527917,2026-09-04T13:18:37Z,4824678,24
54295020,1788527918,2026-09-04T13:18:38Z,2806210,14
54295030,1788527919,2026-09-04T13:18:39Z,6368540,18
54295040,1788527920,2026-09-04T13:18:40Z,4207022,15
54295050,1788527921,2026-09-04T13:18:41Z,2493758,8
54295060,1788527922,2026-09-04T13:18:42Z,3294663,10
54295070,1788527923,2026-09-04T13:18:43Z,1878805,18
54295080,1788527924,2026-09-04T13:18:44Z,4703019,11
54295090,1788527925,2026-09-04T13:18:45Z,4881790,20
54295100,1788527926,2026-09-04T13:18:46Z,1988974,14
54295110,1788527927,2026-09-04T13:18:47Z,1764901,11
54295120,1788527928,2026-09-04T13:18:48Z,2087039,5
54295130,1788527929,2026-09-04T13:18:49Z,2561659,11
54295140,1788527930,2026-09-04T13:18:50Z,4458206,23
54295150,1788527931,2026-09-04T13:18:51Z,2408974,12
54295160,1788527932,2026-09-04T13:18:52Z,1688565,10
54295170,1788527933,2026-09-04T13:18:53Z,5099119,16
54295180,1788527934,2026-09-04T13:18:54Z,1154797,10
54295190,1788527935,2026-09-04T13:18:55Z,1962268,12
54295200,1788527936,2026-09-04T13:18:56Z,4825188,21
54295210,1788527937,2026-09-04T13:18:57Z,5168825,23
54295220,1788527938,2026-09-04T13:18:58Z,2552964,9
54295230,1788527939,2026-09-04T13:18:59Z,4765142,17
54295240,1788527940,2026-09-04T13:19:00Z,8058866,49
54295250,1788527941,2026-09-04T13:19:01Z,3354956,13
54295260,1788527942,2026-09-04T13:19:02Z,2248858,13
54295270,1788527943,2026-09-04T13:19:03Z,1619449,9
54295280,1788527944,2026-09-04T13:19:04Z,2165218,15
54295290,1788527945,2026-09-04T13:19:05Z,4041961,18
54295300,1788527946,2026-09-04T13:19:06Z,1668015,9
54295310,1788527947,2026-09-04T13:19:07Z,7169405,21
54295320,1788527948,2026-09-04T13:19:08Z,6716904,18
54295330,1788527949,2026-09-04T13:19:09Z,2665982,13
54295340,1788527950,2026-09-04T13:19:10Z,619525,4
54295350,1788527951,2026-09-04T13:19:11Z,2654292,15
54295360,1788527952,2026-09-04T13:19:12Z,1516862,9
54295370,1788527953,2026-09-04T13:19:13Z,7852735,23
54295380,1788527954,2026-09-04T13:19:14Z,1956520,9
54295390,1788527955,2026-09-04T13:19:15Z,2091293,12
54295400,1788527956,2026-09-04T13:19:16Z,3411133,20
54295410,1788527957,2026-09-04T13:19:17Z,4052485,18
54295420,1788527958,2026-09-04T13:19:18Z,3255029,10
54295430,1788527959,2026-09-04T13:19:19Z,2194158,8
54295440,1788527960,2026-09-04T13:19:20Z,1667156,10
54295450,1788527961,2026-09-04T13:19:21Z,2802271,6
54295460,1788527962,2026-09-04T13:19:22Z,1770846,8
54295470,1788527963,2026-09-04T13:19:23Z,1575518,8
54295480,1788527964,2026-09-04T13:19:24Z,968430,4
54295490,1788527965,2026-09-04T13:19:25Z,1235167,8
54295500,1788527966,2026-09-04T13:19:26Z,2586862,14
54295510,1788527968,2026-09-04T13:19:28Z,3092740,16
54295520,1788527969,2026-09-04T13:19:29Z,8049739,31
54295530,1788527970,2026-09-04T13:19:30Z,4015713,13
54295540,1788527971,2026-09-04T13:19:31Z,3159480,13
54295550,1788527972,2026-09-04T13:19:32Z,2155089,11
54295560,1788527973,2026-09-04T13:19:33Z,5103076,19
54295570,1788527974,2026-09-04T13:19:34Z,10405460,14
54295580,1788527975,2026-09-04T13:19:35Z,1508424,9
54295590,1788527976,2026-09-04T13:19:36Z,2585128,10
54295600,1788527977,2026-09-04T13:19:37Z,5410902,19
54295610,1788527978,2026-09-04T13:19:38Z,4996358,11
54295620,1788527979,2026-09-04T13:19:39Z,3210058,13
54295630,1788527980,2026-09-04T13:19:40Z,2850195,14
54295640,1788527981,2026-09-04T13:19:41Z,6442000,19
54295650,1788527982,2026-09-04T13:19:42Z,4570922,22
54295660,1788527983,2026-09-04T13:19:43Z,1768290,8
54295670,1788527984,2026-09-04T13:19:44Z,1708975,9
54295680,1788527985,2026-09-04T13:19:45Z,181881,5
54295690,1788527986,2026-09-04T13:19:46Z,2360376,9
54295700,1788527987,2026-09-04T13:19:47Z,5802860,16
54295710,1788527988,2026-09-04T13:19:48Z,7174991,11
54295720,1788527989,2026-09-04T13:19:49Z,3586316,11
54295730,1788527990,2026-09-04T13:19:50Z,3408898,16
54295740,1788527991,2026-09-04T13:19:51Z,3118724,16
54295750,1788527992,2026-09-04T13:19:52Z,3961934,13
54295760,1788527993,2026-09-04T13:19:53Z,2492585,18
54295770,1788527994,2026-09-04T13:19:54Z,4009000,12
54295780,1788527995,2026-09-04T13:19:55Z,3151704,12
54295790,1788527996,2026-09-04T13:19:56Z,3541734,22
54295800,1788527997,2026-09-04T13:19:57Z,2054536,18
54295810,1788527998,2026-09-04T13:19:58Z,12287100,18
54295820,1788527999,2026-09-04T13:19:59Z,8828537,94
54295830,1788528000,2026-09-04T13:20:00Z,5022405,12
54295840,1788528001,2026-09-04T13:20:01Z,6087700,19
54295850,1788528002,2026-09-04T13:20:02Z,3933506,14
54295860,1788528003,2026-09-04T13:20:03Z,3948841,17
54295870,1788528004,2026-09-04T13:20:04Z,4256656,18
54295880,1788528005,2026-09-04T13:20:05Z,4701463,20
54295890,1788528006,2026-09-04T13:20:06Z,6484769,21
54295900,1788528007,2026-09-04T13:20:07Z,3883457,14
54295910,1788528008,2026-09-04T13:20:08Z,3482286,15
54295920,1788528009,2026-09-04T13:20:09Z,4816545,23
54295930,1788528010,2026-09-04T13:20:10Z,4118175,13
54295940,1788528011,2026-09-04T13:20:11Z,3915355,19
54295950,1788528012,2026-09-04T13:20:12Z,6834354,15
54295960,1788528013,2026-09-04T13:20:13Z,5437787,19
54295970,1788528014,2026-09-04T13:20:14Z,7756460,35
54295980,1788528015,2026-09-04T13:20:15Z,5665611,17
54295990,1788528016,2026-09-04T13:20:16Z,5843293,16
54296000,1788528017,2026-09-04T13:20:17Z,12197706,55
54296010,1788528018,2026-09-04T13:20:18Z,1405683,8
54296020,1788528019,2026-09-04T13:20:19Z,5462906,20
54296030,1788528020,2026-09-04T13:20:20Z,7311200,27
54296040,1788528021,2026-09-04T13:20:21Z,8500263,18
54296050,1788528022,2026-09-04T13:20:22Z,2987247,15
54296060,1788528023,2026-09-04T13:20:23Z,6539858,17
54296070,1788528024,2026-09-04T13:20:24Z,1285497,14
54296080,1788528026,2026-09-04T13:20:26Z,2964660,22
54296090,1788528027,2026-09-04T13:20:27Z,2716215,10
54296100,1788528028,2026-09-04T13:20:28Z,5804803,11
54296110,1788528029,2026-09-04T13:20:29Z,5126126,15
54296120,1788528030,2026-09-04T13:20:30Z,4885238,11
54296130,1788528031,2026-09-04T13:20:31Z,2738043,9
54296140,1788528032,2026-09-04T13:20:32Z,2860807,14
54296150,1788528033,2026-09-04T13:20:33Z,3865946,5
54296160,1788528034,2026-09-04T13:20:34Z,2045568,10
54296170,1788528035,2026-09-04T13:20:35Z,4643325,15
54296180,1788528036,2026-09-04T13:20:36Z,4390004,12
54296190,1788528037,2026-09-04T13:20:37Z,2952056,13
54296200,1788528038,2026-09-04T13:20:38Z,2995136,10
54296210,1788528039,2026-09-04T13:20:39Z,2774871,11
54296220,1788528040,2026-09-04T13:20:40Z,4401575,20
54296230,1788528041,2026-09-04T13:20:41Z,5670528,17
54296240,1788528042,2026-09-04T13:20:42Z,4186431,15
54296250,1788528043,2026-09-04T13:20:43Z,2295227,9
54296260,1788528044,2026-09-04T13:20:44Z,2199856,8
54296270,1788528045,2026-09-04T13:20:45Z,4747043,11
54296280,1788528046,2026-09-04T13:20:46Z,5222717,18
54296290,1788528047,2026-09-04T13:20:47Z,2062002,9
54296300,1788528048,2026-09-04T13:20:48Z,2611855,12
54296310,1788528049,2026-09-04T13:20:49Z,8264322,18
54296320,1788528050,2026-09-04T13:20:50Z,9531678,15
54296330,1788528051,2026-09-04T13:20:51Z,5854323,14
54296340,1788528052,2026-09-04T13:20:52Z,4214507,16
54296350,1788528053,2026-09-04T13:20:53Z,5790292,14
54296360,1788528054,2026-09-04T13:20:54Z,2210889,6
54296370,1788528055,2026-09-04T13:20:55Z,19635598,22
54296380,1788528056,2026-09-04T13:20:56Z,2984881,8
54296390,1788528057,2026-09-04T13:20:57Z,4462604,23
54296400,1788528058,2026-09-04T13:20:58Z,4481238,14
54296410,1788528059,2026-09-04T13:20:59Z,6634633,20
54296420,1788528060,2026-09-04T13:21:00Z,5349439,11
54296430,1788528061,2026-09-04T13:21:01Z,4391381,17
54296440,1788528062,2026-09-04T13:21:02Z,1362849,12
54296450,1788528063,2026-09-04T13:21:03Z,6151876,9
54296460,1788528064,2026-09-04T13:21:04Z,4195734,26
54296470,1788528065,2026-09-04T13:21:05Z,5391554,17
54296480,1788528066,2026-09-04T13:21:06Z,5073003,17
54296490,1788528067,2026-09-04T13:21:07Z,2969084,14
54296500,1788528068,2026-09-04T13:21:08Z,1564155,9
54296510,1788528069,2026-09-04T13:21:09Z,22474213,54
54296520,1788528070,2026-09-04T13:21:10Z,4945672,13
54296530,1788528071,2026-09-04T13:21:11Z,2891866,19
54296540,1788528072,2026-09-04T13:21:12Z,4005034,17
54296550,1788528073,2026-09-04T13:21:13Z,3391664,10
54296560,1788528074,2026-09-04T13:21:14Z,4226494,14
54296570,1788528075,2026-09-04T13:21:15Z,5977930,12
54296580,1788528076,2026-09-04T13:21:16Z,4454323,22
54296590,1788528077,2026-09-04T13:21:17Z,10152965,16
54296600,1788528078,2026-09-04T13:21:18Z,3761664,20
54296610,1788528079,2026-09-04T13:21:19Z,2815471,11
54296620,1788528080,2026-09-04T13:21:20Z,3187753,11
54296630,1788528081,2026-09-04T13:21:21Z,1768258,13
54296640,1788528082,2026-09-04T13:21:22Z,4252819,20
54296650,1788528083,2026-09-04T13:21:23Z,9420857,14
54296660,1788528084,2026-09-04T13:21:24Z,1599016,10
54296670,1788528085,2026-09-04T13:21:25Z,3047636,18
54296680,1788528086,2026-09-04T13:21:26Z,1645216,12
54296690,1788528087,2026-09-04T13:21:27Z,7259788,15
54296700,1788528088,2026-09-04T13:21:28Z,4714861,19
54296710,1788528089,2026-09-04T13:21:29Z,13795113,28
54296720,1788528091,2026-09-04T13:21:31Z,7603061,19
54296730,1788528092,2026-09-04T13:21:32Z,4371075,19
54296740,1788528093,2026-09-04T13:21:33Z,4209769,16
54296750,1788528094,2026-09-04T13:21:34Z,9611850,20
54296760,1788528095,2026-09-04T13:21:35Z,3412648,11
54296770,1788528096,2026-09-04T13:21:36Z,8374441,18
54296780,1788528097,2026-09-04T13:21:37Z,8812461,22
54296790,1788528098,2026-09-04T13:21:38Z,3969546,13
54296800,1788528099,2026-09-04T13:21:39Z,4062250,14
54296810,1788528100,2026-09-04T13:21:40Z,1731313,8
54296820,1788528101,2026-09-04T13:21:41Z,4156740,20
54296830,1788528102,2026-09-04T13:21:42Z,3936853,17
54296840,1788528103,2026-09-04T13:21:43Z,4573875,25
54296850,1788528104,2026-09-04T13:21:44Z,3838786,14
54296860,1788528105,2026-09-04T13:21:45Z,2335813,6
54296870,1788528106,2026-09-04T13:21:46Z,7490940,18
54296880,1788528107,2026-09-04T13:21:47Z,6597536,28
54296890,1788528108,2026-09-04T13:21:48Z,7207254,17
54296900,1788528109,2026-09-04T13:21:49Z,7365208,23
54296910,1788528110,2026-09-04T13:21:50Z,15967041,26
54296920,1788528111,2026-09-04T13:21:51Z,11205962,18
54296930,1788528112,2026-09-04T13:21:52Z,4598987,17
54296940,1788528113,2026-09-04T13:21:53Z,4264785,24
54296950,1788528114,2026-09-04T13:21:54Z,6447016,15
54296960,1788528115,2026-09-04T13:21:55Z,9019396,31
54296970,1788528116,2026-09-04T13:21:56Z,12960209,25
54296980,1788528117,2026-09-04T13:21:57Z,4734100,16
54296990,1788528118,2026-09-04T13:21:58Z,14465003,26
54297000,1788528119,2026-09-04T13:21:59Z,2177867,14
54297010,1788528120,2026-09-04T13:22:00Z,1935407,8
54297020,1788528121,2026-09-04T13:22:01Z,6978698,17
54297030,1788528122,2026-09-04T13:22:02Z,4165965,13
54297040,1788528123,2026-09-04T13:22:03Z,3072545,12
54297050,1788528124,2026-09-04T13:22:04Z,6853440,26
54297060,1788528125,2026-09-04T13:22:05Z,1405168,9
54297070,1788528126,2026-09-04T13:22:06Z,5592691,15
54297080,1788528127,2026-09-04T13:22:07Z,6203430,15
54297090,1788528128,2026-09-04T13:22:08Z,5351965,13
54297100,1788528129,2026-09-04T13:22:09Z,8059528,28
54297110,1788528130,2026-09-04T13:22:10Z,7386734,24
54297120,1788528131,2026-09-04T13:22:11Z,1131164,6
54297130,1788528134,2026-09-04T13:22:14Z,7016331,24
54297140,1788528135,2026-09-04T13:22:15Z,6981431,19
54297150,1788528136,2026-09-04T13:22:16Z,8126170,35
54297160,1788528137,2026-09-04T13:22:17Z,8226353,39
54297170,1788528138,2026-09-04T13:22:18Z,7695583,28
54297180,1788528139,2026-09-04T13:22:19Z,8707304,30
54297190,1788528140,2026-09-04T13:22:20Z,4945510,17
54297200,1788528141,2026-09-04T13:22:21Z,9357632,28
54297210,1788528142,2026-09-04T13:22:22Z,6439676,24
54297220,1788528143,2026-09-04T13:22:23Z,4901237,18
54297230,1788528144,2026-09-04T13:22:24Z,4666985,17
54297240,1788528145,2026-09-04T13:22:25Z,15188446,30
54297250,1788528146,2026-09-04T13:22:26Z,5460808,21
54297260,1788528147,2026-09-04T13:22:27Z,1303039,11
54297270,1788528148,2026-09-04T13:22:28Z,4652310,19
54297280,1788528149,2026-09-04T13:22:29Z,4211588,14
54297290,1788528150,2026-09-04T13:22:30Z,3788849,19
54297300,1788528151,2026-09-04T13:22:31Z,5290884,22
54297310,1788528152,2026-09-04T13:22:32Z,2425827,7
54297320,1788528153,2026-09-04T13:22:33Z,3307545,16
54297330,1788528154,2026-09-04T13:22:34Z,1902150,8
54297340,1788528155,2026-09-04T13:22:35Z,7215163,24
54297350,1788528156,2026-09-04T13:22:36Z,542531,4
54297360,1788528157,2026-09-04T13:22:37Z,5133693,20
54297370,1788528158,2026-09-04T13:22:38Z,4651259,16
54297380,1788528159,2026-09-04T13:22:39Z,8395785,18
54297390,1788528160,2026-09-04T13:22:40Z,4031074,22
54297400,1788528161,2026-09-04T13:22:41Z,3033049,12
54297410,1788528162,2026-09-04T13:22:42Z,864453,6
54297420,1788528163,2026-09-04T13:22:43Z,6076731,23
54297430,1788528164,2026-09-04T13:22:44Z,10603047,21
54297440,1788528165,2026-09-04T13:22:45Z,5382960,22
54297450,1788528166,2026-09-04T13:22:46Z,3665768,12
54297460,1788528167,2026-09-04T13:22:47Z,3417346,11
54297470,1788528168,2026-09-04T13:22:48Z,3928791,13
54297480,1788528169,2026-09-04T13:22:49Z,11288867,28
54297490,1788528170,2026-09-04T13:22:50Z,2914515,13
54297500,1788528171,2026-09-04T13:22:51Z,6507712,23
54297510,1788528172,2026-09-04T13:22:52Z,6454028,16
54297520,1788528173,2026-09-04T13:22:53Z,1815992,12
54297530,1788528174,2026-09-04T13:22:54Z,4006124,15
54297540,1788528175,2026-09-04T13:22:55Z,2354167,14
54297550,1788528176,2026-09-04T13:22:56Z,4881544,18
54297560,1788528177,2026-09-04T13:22:57Z,5564656,14
54297570,1788528179,2026-09-04T13:22:59Z,7509016,26
54297580,1788528180,2026-09-04T13:23:00Z,7171366,38
54297590,1788528181,2026-09-04T13:23:01Z,6367258,16
54297600,1788528182,2026-09-04T13:23:02Z,7714794,21
54297610,1788528183,2026-09-04T13:23:03Z,4746590,19
54297620,1788528184,2026-09-04T13:23:04Z,7112917,21
54297630,1788528185,2026-09-04T13:23:05Z,3821583,14
54297640,1788528186,2026-09-04T13:23:06Z,1628571,11
54297650,1788528187,2026-09-04T13:23:07Z,556829,3
54297660,1788528188,2026-09-04T13:23:08Z,5808110,19
54297670,1788528189,2026-09-04T13:23:09Z,3779663,10
54297680,1788528190,2026-09-04T13:23:10Z,5677913,18
54297690,1788528191,2026-09-04T13:23:11Z,1280142,7
54297700,1788528192,2026-09-04T13:23:12Z,5190658,19
54297710,1788528193,2026-09-04T13:23:13Z,5592033,14
54297720,1788528194,2026-09-04T13:23:14Z,9915172,22
54297730,1788528195,2026-09-04T13:23:15Z,15998504,20
54297740,1788528196,2026-09-04T13:23:16Z,1893484,7
54297750,1788528197,2026-09-04T13:23:17Z,4805625,13
54297760,1788528198,2026-09-04T13:23:18Z,2740075,16
54297770,1788528199,2026-09-04T13:23:19Z,3838810,21
54297780,1788528200,2026-09-04T13:23:20Z,10153306,29
54297790,1788528201,2026-09-04T13:23:21Z,3759011,21
54297800,1788528202,2026-09-04T13:23:22Z,3671631,11
54297810,1788528203,2026-09-04T13:23:23Z,3487867,18
54297820,1788528204,2026-09-04T13:23:24Z,3351752,10
54297830,1788528205,2026-09-04T13:23:25Z,3671153,14
54297840,1788528206,2026-09-04T13:23:26Z,9884076,35
54297850,1788528207,2026-09-04T13:23:27Z,2462635,12
54297860,1788528208,2026-09-04T13:23:28Z,5092077,23
54297870,1788528209,2026-09-04T13:23:29Z,7352923,30
54297880,1788528210,2026-09-04T13:23:30Z,5562620,21
54297890,1788528211,2026-09-04T13:23:31Z,10538180,42
54297900,1788528212,2026-09-04T13:23:32Z,6794510,19
54297910,1788528213,2026-09-04T13:23:33Z,8797743,12
54297920,1788528214,2026-09-04T13:23:34Z,8338790,18
54297930,1788528215,2026-09-04T13:23:35Z,6209719,16
54297940,1788528216,2026-09-04T13:23:36Z,3528841,12
54297950,1788528217,2026-09-04T13:23:37Z,4380516,14
54297960,1788528218,2026-09-04T13:23:38Z,4819586,22
54297970,1788528219,2026-09-04T13:23:39Z,4902974,12
54297980,1788528220,2026-09-04T13:23:40Z,7250504,25
54297990,1788528221,2026-09-04T13:23:41Z,5355804,13
54298000,1788528222,2026-09-04T13:23:42Z,3829083,23
54298010,1788528223,2026-09-04T13:23:43Z,4135053,10
54298020,1788528224,2026-09-04T13:23:44Z,5993264,28
54298030,1788528225,2026-09-04T13:23:45Z,1167460,7
54298040,1788528226,2026-09-04T13:23:46Z,1066214,6
54298050,1788528227,2026-09-04T13:23:47Z,7664129,22
54298060,1788528228,2026-09-04T13:23:48Z,48511,3
54298070,1788528228,2026-09-04T13:23:48Z,48511,3
54298080,1788528228,2026-09-04T13:23:48Z,0,2
54298090,1788528228,2026-09-04T13:23:48Z,0,2
54298100,1788528229,2026-09-04T13:23:49Z,5376686,31
54298110,1788528230,2026-09-04T13:23:50Z,4189493,14
54298120,1788528231,2026-09-04T13:23:51Z,9582061,18
54298130,1788528232,2026-09-04T13:23:52Z,8605564,40
54298140,1788528233,2026-09-04T13:23:53Z,3831994,19
54298150,1788528234,2026-09-04T13:23:54Z,5289017,20
54298160,1788528235,2026-09-04T13:23:55Z,9926583,18
54298170,1788528236,2026-09-04T13:23:56Z,2906864,16
54298180,1788528237,2026-09-04T13:23:57Z,9848448,26
54298190,1788528238,2026-09-04T13:23:58Z,5088474,17
54298200,1788528239,2026-09-04T13:23:59Z,5564799,12
54298210,1788528240,2026-09-04T13:24:00Z,6875392,17
54298220,1788528241,2026-09-04T13:24:01Z,2637602,12
54298230,1788528242,2026-09-04T13:24:02Z,2223047,6
54298240,1788528243,2026-09-04T13:24:03Z,7498026,18
54298250,1788528244,2026-09-04T13:24:04Z,4434644,15
54298260,1788528245,2026-09-04T13:24:05Z,5908569,19
54298270,1788528246,2026-09-04T13:24:06Z,2263367,11
54298280,1788528247,2026-09-04T13:24:07Z,5843104,25
54298290,1788528248,2026-09-04T13:24:08Z,1970455,11
54298300,1788528249,2026-09-04T13:24:09Z,6584091,13
54298310,1788528250,2026-09-04T13:24:10Z,2561174,8
54298320,1788528251,2026-09-04T13:24:11Z,3226645,13
54298330,1788528252,2026-09-04T13:24:12Z,19663423,68
54298340,1788528253,2026-09-04T13:24:13Z,4060843,7
54298350,1788528254,2026-09-04T13:24:14Z,8832025,14
54298360,1788528255,2026-09-04T13:24:15Z,8561338,35
54298370,1788528256,2026-09-04T13:24:16Z,8867013,37
54298380,1788528257,2026-09-04T13:24:17Z,2872287,12
54298390,1788528258,2026-09-04T13:24:18Z,3665403,15
54298400,1788528259,2026-09-04T13:24:19Z,9330611,20
54298410,1788528261,2026-09-04T13:24:21Z,6504113,20
54298420,1788528262,2026-09-04T13:24:22Z,11325809,19
54298430,1788528263,2026-09-04T13:24:23Z,1734143,9
54298440,1788528264,2026-09-04T13:24:24Z,14753016,49
54298450,1788528265,2026-09-04T13:24:25Z,7404369,20
54298460,1788528266,2026-09-04T13:24:26Z,7940095,15
54298470,1788528267,2026-09-04T13:24:27Z,6644433,14
54298480,1788528268,2026-09-04T13:24:28Z,2810396,18
54298490,1788528269,2026-09-04T13:24:29Z,7297497,26
54298500,1788528270,2026-09-04T13:24:30Z,6980811,27
54298510,1788528271,2026-09-04T13:24:31Z,5297415,11
54298520,1788528272,2026-09-04T13:24:32Z,4271693,15
54298530,1788528273,2026-09-04T13:24:33Z,5124452,22
54298540,1788528274,2026-09-04T13:24:34Z,10739903,18
54298550,1788528275,2026-09-04T13:24:35Z,6050037,16
54298560,1788528276,2026-09-04T13:24:36Z,4311902,17
54298570,1788528277,2026-09-04T13:24:37Z,4734491,12
54298580,1788528278,2026-09-04T13:24:38Z,3507205,10
54298590,1788528279,2026-09-04T13:24:39Z,5622327,26
54298600,1788528280,2026-09-04T13:24:40Z,4829396,16
54298610,1788528281,2026-09-04T13:24:41Z,2538317,10
54298620,1788528282,2026-09-04T13:24:42Z,5841694,18
54298630,1788528283,2026-09-04T13:24:43Z,2305479,10
54298640,1788528284,2026-09-04T13:24:44Z,2119944,7
54298650,1788528285,2026-09-04T13:24:45Z,4213494,14
54298660,1788528286,2026-09-04T13:24:46Z,9249658,22
54298670,1788528287,2026-09-04T13:24:47Z,5121938,21
54298680,1788528288,2026-09-04T13:24:48Z,4530612,12
54298690,1788528289,2026-09-04T13:24:49Z,2646112,9
54298700,1788528290,2026-09-04T13:24:50Z,4698343,11
54298710,1788528291,2026-09-04T13:24:51Z,7986823,17
54298720,1788528292,2026-09-04T13:24:52Z,7980848,21
54298730,1788528293,2026-09-04T13:24:53Z,5231792,22
54298740,1788528294,2026-09-04T13:24:54Z,15865255,23
54298750,1788528295,2026-09-04T13:24:55Z,3669199,7
54298760,1788528296,2026-09-04T13:24:56Z,6223326,13
54298770,1788528297,2026-09-04T13:24:57Z,3878618,17
54298780,1788528298,2026-09-04T13:24:58Z,4312141,11
54298790,1788528299,2026-09-04T13:24:59Z,6096329,14
54298800,1788528300,2026-09-04T13:25:00Z,2648286,16
54298810,1788528301,2026-09-04T13:25:01Z,4326430,22
54298820,1788528302,2026-09-04T13:25:02Z,2843590,13
54298830,1788528303,2026-09-04T13:25:03Z,7171323,22
54298840,1788528304,2026-09-04T13:25:04Z,7018501,18
54298850,1788528305,2026-09-04T13:25:05Z,5117182,7
54298860,1788528306,2026-09-04T13:25:06Z,2443336,13
54298870,1788528307,2026-09-04T13:25:07Z,1691412,13
54298880,1788528308,2026-09-04T13:25:08Z,5319384,21
54298890,1788528309,2026-09-04T13:25:09Z,5926231,19
54298900,1788528310,2026-09-04T13:25:10Z,3671117,16
54298910,1788528311,2026-09-04T13:25:11Z,11287220,14
54298920,1788528312,2026-09-04T13:25:12Z,4792897,11
54298930,1788528313,2026-09-04T13:25:13Z,5060294,21
54298940,1788528314,2026-09-04T13:25:14Z,1927219,11
54298950,1788528315,2026-09-04T13:25:15Z,5712839,18
54298960,1788528316,2026-09-04T13:25:16Z,3811758,14
54298970,1788528317,2026-09-04T13:25:17Z,3350141,17
54298980,1788528318,2026-09-04T13:25:18Z,16590343,67
54298990,1788528319,2026-09-04T13:25:19Z,3985763,11
54299000,1788528320,2026-09-04T13:25:20Z,8760005,29
54299010,1788528321,2026-09-04T13:25:21Z,3292700,14
54299020,1788528322,2026-09-04T13:25:22Z,3271536,16
54299030,1788528323,2026-09-04T13:25:23Z,6499817,9
54299040,1788528324,2026-09-04T13:25:24Z,2455120,16
54299050,1788528325,2026-09-04T13:25:25Z,14528202,60
54299060,1788528327,2026-09-04T13:25:27Z,5745488,24
54299070,1788528328,2026-09-04T13:25:28Z,1582165,11
54299080,1788528329,2026-09-04T13:25:29Z,2497387,8
54299090,1788528330,2026-09-04T13:25:30Z,6614912,22
54299100,1788528331,2026-09-04T13:25:31Z,5031382,18
54299110,1788528332,2026-09-04T13:25:32Z,3528170,12
54299120,1788528333,2026-09-04T13:25:33Z,6242993,13
54299130,1788528334,2026-09-04T13:25:34Z,2790235,11
54299140,1788528335,2026-09-04T13:25:35Z,5047056,17
54299150,1788528336,2026-09-04T13:25:36Z,5759265,16
54299160,1788528337,2026-09-04T13:25:37Z,1948343,8
54299170,1788528338,2026-09-04T13:25:38Z,7085075,26
54299180,1788528339,2026-09-04T13:25:39Z,4897787,16
54299190,1788528340,2026-09-04T13:25:40Z,11669701,19
54299200,1788528341,2026-09-04T13:25:41Z,3282523,9
54299210,1788528342,2026-09-04T13:25:42Z,6162694,15
54299220,1788528343,2026-09-04T13:25:43Z,3730015,15
54299230,1788528344,2026-09-04T13:25:44Z,2263875,10
54299240,1788528345,2026-09-04T13:25:45Z,2556935,16
54299250,1788528346,2026-09-04T13:25:46Z,2724156,11
54299260,1788528347,2026-09-04T13:25:47Z,3412578,11
54299270,1788528348,2026-09-04T13:25:48Z,2569483,9
54299280,1788528349,2026-09-04T13:25:49Z,4516857,15
54299290,1788528350,2026-09-04T13:25:50Z,9432418,14
54299300,1788528351,2026-09-04T13:25:51Z,5154660,14
54299310,1788528352,2026-09-04T13:25:52Z,5617287,24
54299320,1788528353,2026-09-04T13:25:53Z,6123132,9
54299330,1788528354,2026-09-04T13:25:54Z,6265088,18
54299340,1788528355,2026-09-04T13:25:55Z,3756674,10
54299350,1788528356,2026-09-04T13:25:56Z,2857697,12
54299360,1788528357,2026-09-04T13:25:57Z,1086583,4
54299370,1788528358,2026-09-04T13:25:58Z,4475589,18
54299380,1788528359,2026-09-04T13:25:59Z,11347859,12
54299390,1788528360,2026-09-04T13:26:00Z,7420910,15
54299400,1788528361,2026-09-04T13:26:01Z,8631374,29
54299410,1788528362,2026-09-04T13:26:02Z,3973119,12
54299420,1788528363,2026-09-04T13:26:03Z,4476463,11
54299430,1788528364,2026-09-04T13:26:04Z,5526297,17
54299440,1788528365,2026-09-04T13:26:05Z,3701318,14
54299450,1788528366,2026-09-04T13:26:06Z,7867495,23
54299460,1788528367,2026-09-04T13:26:07Z,5179299,16
54299470,1788528368,2026-09-04T13:26:08Z,6040343,22
54299480,1788528369,2026-09-04T13:26:09Z,3887053,17
54299490,1788528370,2026-09-04T13:26:10Z,7258930,18
54299500,1788528371,2026-09-04T13:26:11Z,4494607,16
54299510,1788528372,2026-09-04T13:26:12Z,5298094,21
54299520,1788528373,2026-09-04T13:26:13Z,6165095,15
54299530,1788528374,2026-09-04T13:26:14Z,3673869,17
54299540,1788528375,2026-09-04T13:26:15Z,4624863,17
54299550,1788528376,2026-09-04T13:26:16Z,3990489,11
54299560,1788528377,2026-09-04T13:26:17Z,6117752,21
54299570,1788528379,2026-09-04T13:26:19Z,4859886,16
54299580,1788528380,2026-09-04T13:26:20Z,10104884,22
54299590,1788528381,2026-09-04T13:26:21Z,7321112,25
54299600,1788528382,2026-09-04T13:26:22Z,7702932,21
54299610,1788528383,2026-09-04T13:26:23Z,8999124,24
54299620,1788528384,2026-09-04T13:26:24Z,4289516,13
54299630,1788528385,2026-09-04T13:26:25Z,8322318,24
54299640,1788528386,2026-09-04T13:26:26Z,4205589,13
54299650,1788528387,2026-09-04T13:26:27Z,4952530,9
54299660,1788528388,2026-09-04T13:26:28Z,2962569,10
54299670,1788528389,2026-09-04T13:26:29Z,7958430,10
54299680,1788528390,2026-09-04T13:26:30Z,8188128,15
54299690,1788528391,2026-09-04T13:26:31Z,3160955,14
54299700,1788528392,2026-09-04T13:26:32Z,10947695,36
54299710,1788528393,2026-09-04T13:26:33Z,2574279,13
54299720,1788528394,2026-09-04T13:26:34Z,2370057,17
54299730,1788528395,2026-09-04T13:26:35Z,7985942,13
54299740,1788528396,2026-09-04T13:26:36Z,7294839,14
54299750,1788528397,2026-09-04T13:26:37Z,2931189,10
54299760,1788528398,2026-09-04T13:26:38Z,4765768,23
54299770,1788528399,2026-09-04T13:26:39Z,5635174,12
54299780,1788528400,2026-09-04T13:26:40Z,8910335,18
54299790,1788528401,2026-09-04T13:26:41Z,3056587,16
54299800,1788528402,2026-09-04T13:26:42Z,2825393,11
54299810,1788528403,2026-09-04T13:26:43Z,2796225,5
54299820,1788528404,2026-09-04T13:26:44Z,5134419,17
54299830,1788528405,2026-09-04T13:26:45Z,4542873,19
54299840,1788528406,2026-09-04T13:26:46Z,2349405,10
54299850,1788528407,2026-09-04T13:26:47Z,5790860,16
54299860,1788528408,2026-09-04T13:26:48Z,3257053,10
54299870,1788528409,2026-09-04T13:26:49Z,3044571,6
54299880,1788528410,2026-09-04T13:26:50Z,6161647,19
54299890,1788528411,2026-09-04T13:26:51Z,3014328,9
54299900,1788528412,2026-09-04T13:26:52Z,6655721,15
54299910,1788528413,2026-09-04T13:26:53Z,2517877,9
54299920,1788528414,2026-09-04T13:26:54Z,2782497,9
54299930,1788528415,2026-09-04T13:26:55Z,5409489,12
54299940,1788528416,2026-09-04T13:26:56Z,7229271,19
54299950,1788528417,2026-09-04T13:26:57Z,4610666,20
54299960,1788528418,2026-09-04T13:26:58Z,8965435,23
54299970,1788528419,2026-09-04T13:26:59Z,2898363,26
54299980,1788528420,2026-09-04T13:27:00Z,8542650,22
54299990,1788528421,2026-09-04T13:27:01Z,2400580,16
54300000,1788528422,2026-09-04T13:27:02Z,2139548,12
54300010,1788528423,2026-09-04T13:27:03Z,5531218,18
54300020,1788528424,2026-09-04T13:27:04Z,2624126,12
54300030,1788528425,2026-09-04T13:27:05Z,2463109,8
54300040,1788528426,2026-09-04T13:27:06Z,13286288,28
54300050,1788528427,2026-09-04T13:27:07Z,3097526,16
54300060,1788528428,2026-09-04T13:27:08Z,2802424,11
54300070,1788528429,2026-09-04T13:27:09Z,10969367,21
54300080,1788528430,2026-09-04T13:27:10Z,3667318,14
54300090,1788528431,2026-09-04T13:27:11Z,8956078,17
54300100,1788528432,2026-09-04T13:27:12Z,6104074,11
54300110,1788528433,2026-09-04T13:27:13Z,12439440,59
54300120,1788528434,2026-09-04T13:27:14Z,2817536,11
54300130,1788528435,2026-09-04T13:27:15Z,3379612,17
54300140,1788528436,2026-09-04T13:27:16Z,4244465,16
54300150,1788528437,2026-09-04T13:27:17Z,4440097,17
54300160,1788528438,2026-09-04T13:27:18Z,3836224,16
54300170,1788528439,2026-09-04T13:27:19Z,5833813,12
54300180,1788528440,2026-09-04T13:27:20Z,2847640,11
54300190,1788528441,2026-09-04T13:27:21Z,2007099,13
54300200,1788528442,2026-09-04T13:27:22Z,4940703,11
54300210,1788528443,2026-09-04T13:27:23Z,10747983,36
54300220,1788528444,2026-09-04T13:27:24Z,4637329,21
54300230,1788528445,2026-09-04T13:27:25Z,6103346,8
54300240,1788528446,2026-09-04T13:27:26Z,2823409,14
54300250,1788528447,2026-09-04T13:27:27Z,3975641,17
54300260,1788528448,2026-09-04T13:27:28Z,6128284,23
54300270,1788528449,2026-09-04T13:27:29Z,4081321,18
54300280,1788528451,2026-09-04T13:27:31Z,2074326,12
54300290,1788528452,2026-09-04T13:27:32Z,3932627,16
54300300,1788528453,2026-09-04T13:27:33Z,8433847,46
54300310,1788528454,2026-09-04T13:27:34Z,2051740,13
54300320,1788528455,2026-09-04T13:27:35Z,6709444,26
54300330,1788528456,2026-09-04T13:27:36Z,7047086,24
54300340,1788528457,2026-09-04T13:27:37Z,3075265,10
54300350,1788528458,2026-09-04T13:27:38Z,14399492,38
54300360,1788528459,2026-09-04T13:27:39Z,7282305,35
54300370,1788528460,2026-09-04T13:27:40Z,5186868,29
54300380,1788528461,2026-09-04T13:27:41Z,3251428,17
54300390,1788528462,2026-09-04T13:27:42Z,14205913,18
54300400,1788528463,2026-09-04T13:27:43Z,6286601,20
54300410,1788528464,2026-09-04T13:27:44Z,2835810,17
54300420,1788528465,2026-09-04T13:27:45Z,4397967,16
54300430,1788528466,2026-09-04T13:27:46Z,12139172,42
54300440,1788528467,2026-09-04T13:27:47Z,4477265,19
54300450,1788528468,2026-09-04T13:27:48Z,5680423,22
54300460,1788528469,2026-09-04T13:27:49Z,5432916,22
54300470,1788528470,2026-09-04T13:27:50Z,9601276,19
54300480,1788528471,2026-09-04T13:27:51Z,6441223,15
54300490,1788528472,2026-09-04T13:27:52Z,4576165,22
54300500,1788528473,2026-09-04T13:27:53Z,5498938,22
54300510,1788528474,2026-09-04T13:27:54Z,5295376,18
54300520,1788528475,2026-09-04T13:27:55Z,2994689,10
54300530,1788528476,2026-09-04T13:27:56Z,4773151,14
54300540,1788528477,2026-09-04T13:27:57Z,2940153,13
54300550,1788528478,2026-09-04T13:27:58Z,11570487,50
54300560,1788528479,2026-09-04T13:27:59Z,6386689,23
54300570,1788528480,2026-09-04T13:28:00Z,4508588,31
54300580,1788528481,2026-09-04T13:28:01Z,3312023,20
54300590,1788528482,2026-09-04T13:28:02Z,8424089,29
54300600,1788528483,2026-09-04T13:28:03Z,4043447,14
54300610,1788528484,2026-09-04T13:28:04Z,4987550,17
54300620,1788528485,2026-09-04T13:28:05Z,3596203,14
54300630,1788528486,2026-09-04T13:28:06Z,6521765,15
54300640,1788528487,2026-09-04T13:28:07Z,3099982,10
54300650,1788528488,2026-09-04T13:28:08Z,5084013,14
54300660,1788528489,2026-09-04T13:28:09Z,5128865,19
54300670,1788528490,2026-09-04T13:28:10Z,6210476,22
54300680,1788528491,2026-09-04T13:28:11Z,2236250,11
54300690,1788528492,2026-09-04T13:28:12Z,3458731,13
54300700,1788528493,2026-09-04T13:28:13Z,9337517,18
54300710,1788528494,2026-09-04T13:28:14Z,2714597,11
54300720,1788528495,2026-09-04T13:28:15Z,9932574,16
54300730,1788528496,2026-09-04T13:28:16Z,3898645,13
54300740,1788528497,2026-09-04T13:28:17Z,5967859,22
54300750,1788528498,2026-09-04T13:28:18Z,11494080,49
54300760,1788528499,2026-09-04T13:28:19Z,7167426,20
54300770,1788528500,2026-09-04T13:28:20Z,8033488,26
54300780,1788528501,2026-09-04T13:28:21Z,10177688,31
54300790,1788528503,2026-09-04T13:28:23Z,4303437,25
54300800,1788528504,2026-09-04T13:28:24Z,3704943,15
54300810,1788528505,2026-09-04T13:28:25Z,4939915,20
54300820,1788528506,2026-09-04T13:28:26Z,4240274,18
54300830,1788528507,2026-09-04T13:28:27Z,3413599,10
54300840,1788528508,2026-09-04T13:28:28Z,2108977,10
54300850,1788528509,2026-09-04T13:28:29Z,4300630,13
54300860,1788528510,2026-09-04T13:28:30Z,3012534,14
54300870,1788528511,2026-09-04T13:28:31Z,5267923,22
54300880,1788528512,2026-09-04T13:28:32Z,8826722,25
54300890,1788528513,2026-09-04T13:28:33Z,2715049,15
54300900,1788528514,2026-09-04T13:28:34Z,2682048,15
54300910,1788528515,2026-09-04T13:28:35Z,4532473,15
54300920,1788528516,2026-09-04T13:28:36Z,5570731,18
54300930,1788528517,2026-09-04T13:28:37Z,5140295,23
54300940,1788528518,2026-09-04T13:28:38Z,10926048,40
54300950,1788528519,2026-09-04T13:28:39Z,6958665,23
54300960,1788528520,2026-09-04T13:28:40Z,6958673,23
54300970,1788528521,2026-09-04T13:28:41Z,6495936,17
54300980,1788528522,2026-09-04T13:28:42Z,9829172,25
54300990,1788528523,2026-09-04T13:28:43Z,12168869,18
54301000,1788528524,2026-09-04T13:28:44Z,8106479,21
54301010,1788528525,2026-09-04T13:28:45Z,6017358,22
54301020,1788528526,2026-09-04T13:28:46Z,5269127,18
54301030,1788528527,2026-09-04T13:28:47Z,5444126,23
54301040,1788528528,2026-09-04T13:28:48Z,7740426,16
54301050,1788528529,2026-09-04T13:28:49Z,2556878,16
54301060,1788528530,2026-09-04T13:28:50Z,5833193,26
54301070,1788528531,2026-09-04T13:28:51Z,4934681,24
54301080,1788528532,2026-09-04T13:28:52Z,11621974,25
54301090,1788528533,2026-09-04T13:28:53Z,2655261,31
54301100,1788528534,2026-09-04T13:28:54Z,10414401,44
54301110,1788528535,2026-09-04T13:28:55Z,2354495,11
54301120,1788528536,2026-09-04T13:28:56Z,2609787,13
54301130,1788528537,2026-09-04T13:28:57Z,9006833,42
54301140,1788528538,2026-09-04T13:28:58Z,12364483,23
54301150,1788528539,2026-09-04T13:28:59Z,5143398,14
54301160,1788528540,2026-09-04T13:29:00Z,10719654,39
54301170,1788528541,2026-09-04T13:29:01Z,5159711,23
54301180,1788528542,2026-09-04T13:29:02Z,3119513,9
54301190,1788528543,2026-09-04T13:29:03Z,12287016,33
54301200,1788528544,2026-09-04T13:29:04Z,9190588,38
54301210,1788528545,2026-09-04T13:29:05Z,4816805,14
54301220,1788528546,2026-09-04T13:29:06Z,2984451,10
54301230,1788528547,2026-09-04T13:29:07Z,12395767,9
54301240,1788528548,2026-09-04T13:29:08Z,5176827,16
54301250,1788528549,2026-09-04T13:29:09Z,1739239,11
54301260,1788528550,2026-09-04T13:29:10Z,3444298,15
54301270,1788528551,2026-09-04T13:29:11Z,5881897,22
54301280,1788528552,2026-09-04T13:29:12Z,5673593,14
54301290,1788528553,2026-09-04T13:29:13Z,4237284,18
54301300,1788528554,2026-09-04T13:29:14Z,6643542,24
54301310,1788528555,2026-09-04T13:29:15Z,10314396,27
54301320,1788528556,2026-09-04T13:29:16Z,7786765,33
54301330,1788528557,2026-09-04T13:29:17Z,4404847,21
54301340,1788528558,2026-09-04T13:29:18Z,7568271,30
54301350,1788528559,2026-09-04T13:29:19Z,5373298,19
54301360,1788528560,2026-09-04T13:29:20Z,3775719,19
54301370,1788528561,2026-09-04T13:29:21Z,4989699,18
54301380,1788528562,2026-09-04T13:29:22Z,11287840,18
54301390,1788528563,2026-09-04T13:29:23Z,4527483,17
54301400,1788528564,2026-09-04T13:29:24Z,3757987,21
54301410,1788528565,2026-09-04T13:29:25Z,3775756,12
54301420,1788528566,2026-09-04T13:29:26Z,5991240,16
54301430,1788528567,2026-09-04T13:29:27Z,7554284,19
54301440,1788528569,2026-09-04T13:29:29Z,11064729,34
54301450,1788528570,2026-09-04T13:29:30Z,7701273,38
54301460,1788528571,2026-09-04T13:29:31Z,2722656,9
54301470,1788528572,2026-09-04T13:29:32Z,7255503,37
54301480,1788528573,2026-09-04T13:29:33Z,5075777,23
54301490,1788528574,2026-09-04T13:29:34Z,6030282,35
54301500,1788528575,2026-09-04T13:29:35Z,2794040,15
54301510,1788528576,2026-09-04T13:29:36Z,1092709,8
54301520,1788528577,2026-09-04T13:29:37Z,3388397,11
54301530,1788528578,2026-09-04T13:29:38Z,1432444,10
54301540,1788528579,2026-09-04T13:29:39Z,3545329,11
54301550,1788528580,2026-09-04T13:29:40Z,8586380,29
54301560,1788528581,2026-09-04T13:29:41Z,5128470,23
54301570,1788528582,2026-09-04T13:29:42Z,6857258,12
54301580,1788528583,2026-09-04T13:29:43Z,6799535,12
54301590,1788528584,2026-09-04T13:29:44Z,5280837,18
54301600,1788528585,2026-09-04T13:29:45Z,2508211,12
54301610,1788528586,2026-09-04T13:29:46Z,4570033,23
54301620,1788528587,2026-09-04T13:29:47Z,6325279,17
54301630,1788528588,2026-09-04T13:29:48Z,6700664,20
54301640,1788528589,2026-09-04T13:29:49Z,6217089,19
54301650,1788528590,2026-09-04T13:29:50Z,7008832,32
54301660,1788528591,2026-09-04T13:29:51Z,3785132,16
54301670,1788528592,2026-09-04T13:29:52Z,3985389,16
54301680,1788528593,2026-09-04T13:29:53Z,4697293,15
54301690,1788528594,2026-09-04T13:29:54Z,7151307,9
54301700,1788528595,2026-09-04T13:29:55Z,13150185,30
54301710,1788528596,2026-09-04T13:29:56Z,7387531,20
54301720,1788528597,2026-09-04T13:29:57Z,4850821,22
54301730,1788528598,2026-09-04T13:29:58Z,6674502,19
54301740,1788528599,2026-09-04T13:29:59Z,3636382,16
54301750,1788528600,2026-09-04T13:30:00Z,8329450,40
54301760,1788528601,2026-09-04T13:30:01Z,13071198,48
54301770,1788528602,2026-09-04T13:30:02Z,3402070,21
54301780,1788528603,2026-09-04T13:30:03Z,6948427,30
54301790,1788528604,2026-09-04T13:30:04Z,9232727,38
54301800,1788528605,2026-09-04T13:30:05Z,7511471,38
54301810,1788528606,2026-09-04T13:30:06Z,5616555,26
54301820,1788528607,2026-09-04T13:30:07Z,2606279,11
54301830,1788528608,2026-09-04T13:30:08Z,3148285,21
54301840,1788528609,2026-09-04T13:30:09Z,8683753,33
54301850,1788528610,2026-09-04T13:30:10Z,5433604,21
54301860,1788528611,2026-09-04T13:30:11Z,8741015,28
54301870,1788528612,2026-09-04T13:30:12Z,5211760,27
54301880,1788528613,2026-09-04T13:30:13Z,2724059,17
54301890,1788528614,2026-09-04T13:30:14Z,4380426,18
54301900,1788528615,2026-09-04T13:30:15Z,2526705,11
54301910,1788528616,2026-09-04T13:30:16Z,2229370,20
54301920,1788528617,2026-09-04T13:30:17Z,6915381,28
54301930,1788528618,2026-09-04T13:30:18Z,2103634,10
54301940,1788528619,2026-09-04T13:30:19Z,0,2
54301950,1788528619,2026-09-04T13:30:19Z,3449120,18
54301960,1788528619,2026-09-04T13:30:19Z,7072791,17
54301970,1788528619,2026-09-04T13:30:19Z,172466,3
54301980,1788528619,2026-09-04T13:30:19Z,6428850,25
54301990,1788528620,2026-09-04T13:30:20Z,2286786,17
54302000,1788528621,2026-09-04T13:30:21Z,4186956,18
54302010,1788528622,2026-09-04T13:30:22Z,10532893,18
54302020,1788528623,2026-09-04T13:30:23Z,1574812,15
54302030,1788528624,2026-09-04T13:30:24Z,3028553,14
54302040,1788528625,2026-09-04T13:30:25Z,6614323,22
54302050,1788528626,2026-09-04T13:30:26Z,6209189,32
54302060,1788528627,2026-09-04T13:30:27Z,5370491,15
54302070,1788528628,2026-09-04T13:30:28Z,2813958,14
54302080,1788528629,2026-09-04T13:30:29Z,7624567,24
54302090,1788528631,2026-09-04T13:30:31Z,4573895,23
54302100,1788528632,2026-09-04T13:30:32Z,3826109,14
54302110,1788528633,2026-09-04T13:30:33Z,7084147,25
54302120,1788528634,2026-09-04T13:30:34Z,6707966,22
54302130,1788528635,2026-09-04T13:30:35Z,10959509,25
54302140,1788528636,2026-09-04T13:30:36Z,16712739,47
54302150,1788528637,2026-09-04T13:30:37Z,6855803,24
54302160,1788528638,2026-09-04T13:30:38Z,8623329,31
54302170,1788528639,2026-09-04T13:30:39Z,4326078,23
54302180,1788528640,2026-09-04T13:30:40Z,11941512,13
54302190,1788528641,2026-09-04T13:30:41Z,19692533,21
54302200,1788528642,2026-09-04T13:30:42Z,3568598,8
54302210,1788528643,2026-09-04T13:30:43Z,8541978,24
54302220,1788528644,2026-09-04T13:30:44Z,9403099,27
54302230,1788528645,2026-09-04T13:30:45Z,5606060,32
54302240,1788528646,2026-09-04T13:30:46Z,9988299,23
54302250,1788528647,2026-09-04T13:30:47Z,2755357,16
54302260,1788528648,2026-09-04T13:30:48Z,4030037,21
54302270,1788528649,2026-09-04T13:30:49Z,5022761,25
54302280,1788528650,2026-09-04T13:30:50Z,9003983,36
54302290,1788528651,2026-09-04T13:30:51Z,3338656,25
54302300,1788528652,2026-09-04T13:30:52Z,6310470,25
54302310,1788528653,2026-09-04T13:30:53Z,4550809,25
54302320,1788528654,2026-09-04T13:30:54Z,16569580,26
54302330,1788528655,2026-09-04T13:30:55Z,5073037,19
54302340,1788528656,2026-09-04T13:30:56Z,7194964,31
54302350,1788528657,2026-09-04T13:30:57Z,8464608,18
54302360,1788528658,2026-09-04T13:30:58Z,6849461,19
54302370,1788528659,2026-09-04T13:30:59Z,7513249,25
54302380,1788528660,2026-09-04T13:31:00Z,2517510,12
54302390,1788528661,2026-09-04T13:31:01Z,4441597,23
54302400,1788528662,2026-09-04T13:31:02Z,8411545,42
54302410,1788528663,2026-09-04T13:31:03Z,4189230,23
54302420,1788528664,2026-09-04T13:31:04Z,4896925,21
54302430,1788528666,2026-09-04T13:31:06Z,3968758,19
54302440,1788528667,2026-09-04T13:31:07Z,5033435,21
54302450,1788528668,2026-09-04T13:31:08Z,5498557,28
54302460,1788528669,2026-09-04T13:31:09Z,4733353,26
54302470,1788528670,2026-09-04T13:31:10Z,4123107,22
54302480,1788528671,2026-09-04T13:31:11Z,2918046,17
54302490,1788528672,2026-09-04T13:31:12Z,7466737,28
54302500,1788528673,2026-09-04T13:31:13Z,3417573,20
54302510,1788528674,2026-09-04T13:31:14Z,11784910,32
54302520,1788528675,2026-09-04T13:31:15Z,3504899,24
54302530,1788528676,2026-09-04T13:31:16Z,3593661,13
54302540,1788528677,2026-09-04T13:31:17Z,10849664,26
54302550,1788528678,2026-09-04T13:31:18Z,2534235,14
54302560,1788528679,2026-09-04T13:31:19Z,4523070,17
54302570,1788528680,2026-09-04T13:31:20Z,6905602,22
54302580,1788528681,2026-09-04T13:31:21Z,8371432,29
54302590,1788528682,2026-09-04T13:31:22Z,5342567,20
54302600,1788528683,2026-09-04T13:31:23Z,5505445,25
54302610,1788528684,2026-09-04T13:31:24Z,9350943,50
54302620,1788528685,2026-09-04T13:31:25Z,3161112,27
54302630,1788528686,2026-09-04T13:31:26Z,4329888,21
54302640,1788528687,2026-09-04T13:31:27Z,4945110,20
54302650,1788528688,2026-09-04T13:31:28Z,5684812,32
54302660,1788528689,2026-09-04T13:31:29Z,13964538,19
54302670,1788528690,2026-09-04T13:31:30Z,7388238,18
54302680,1788528691,2026-09-04T13:31:31Z,3868449,22
54302690,1788528692,2026-09-04T13:31:32Z,2474888,16
54302700,1788528693,2026-09-04T13:31:33Z,7310720,26
54302710,1788528694,2026-09-04T13:31:34Z,2838581,18
54302720,1788528695,2026-09-04T13:31:35Z,2453890,11
54302730,1788528696,2026-09-04T13:31:36Z,7700037,22
54302740,1788528697,2026-09-04T13:31:37Z,6235767,35
54302750,1788528698,2026-09-04T13:31:38Z,16199183,52
54302760,1788528699,2026-09-04T13:31:39Z,5124056,15
54302770,1788528700,2026-09-04T13:31:40Z,17300451,38
54302780,1788528701,2026-09-04T13:31:41Z,4495080,22
54302790,1788528702,2026-09-04T13:31:42Z,8656875,28
54302800,1788528703,2026-09-04T13:31:43Z,6416729,20
54302810,1788528705,2026-09-04T13:31:45Z,3566064,18
54302820,1788528706,2026-09-04T13:31:46Z,3775475,12
54302830,1788528707,2026-09-04T13:31:47Z,7337402,21
54302840,1788528708,2026-09-04T13:31:48Z,1959820,12
54302850,1788528709,2026-09-04T13:31:49Z,6019333,15
54302860,1788528710,2026-09-04T13:31:50Z,2742908,16
54302870,1788528711,2026-09-04T13:31:51Z,5700388,18
54302880,1788528712,2026-09-04T13:31:52Z,3982343,21
54302890,1788528713,2026-09-04T13:31:53Z,3023364,18
54302900,1788528714,2026-09-04T13:31:54Z,5996787,27
54302910,1788528715,2026-09-04T13:31:55Z,7025438,26
54302920,1788528716,2026-09-04T13:31:56Z,2941009,16
54302930,1788528717,2026-09-04T13:31:57Z,4346127,27
54302940,1788528718,2026-09-04T13:31:58Z,4044458,19
54302950,1788528719,2026-09-04T13:31:59Z,6635739,15
54302960,1788528720,2026-09-04T13:32:00Z,2979670,16
54302970,1788528721,2026-09-04T13:32:01Z,7635152,26
54302980,1788528722,2026-09-04T13:32:02Z,8740242,20
54302990,1788528723,2026-09-04T13:32:03Z,6068454,24
54303000,1788528724,2026-09-04T13:32:04Z,7532730,17
54303010,1788528725,2026-09-04T13:32:05Z,9324259,31
54303020,1788528726,2026-09-04T13:32:06Z,9276531,38
54303030,1788528727,2026-09-04T13:32:07Z,9705386,28
54303040,1788528728,2026-09-04T13:32:08Z,8741784,23
54303050,1788528729,2026-09-04T13:32:09Z,3271750,17
54303060,1788528730,2026-09-04T13:32:10Z,2721708,22
54303070,1788528731,2026-09-04T13:32:11Z,10414659,47
54303080,1788528732,2026-09-04T13:32:12Z,8925286,34
54303090,1788528733,2026-09-04T13:32:13Z,14836128,31
54303100,1788528734,2026-09-04T13:32:14Z,4230434,21
54303110,1788528735,2026-09-04T13:32:15Z,6293284,33
54303120,1788528736,2026-09-04T13:32:16Z,6238151,22
54303130,1788528737,2026-09-04T13:32:17Z,9854526,33
54303140,1788528738,2026-09-04T13:32:18Z,6792509,29
54303150,1788528739,2026-09-04T13:32:19Z,13276134,35
54303160,1788528740,2026-09-04T13:32:20Z,9811796,27
54303170,1788528741,2026-09-04T13:32:21Z,4293495,20
54303180,1788528743,2026-09-04T13:32:23Z,8659049,42
54303190,1788528744,2026-09-04T13:32:24Z,3014408,14
54303200,1788528745,2026-09-04T13:32:25Z,13605950,37
54303210,1788528746,2026-09-04T13:32:26Z,6999415,31
54303220,1788528747,2026-09-04T13:32:27Z,6852067,42
54303230,1788528748,2026-09-04T13:32:28Z,7734002,21
54303240,1788528750,2026-09-04T13:32:30Z,15104554,53
54303250,1788528751,2026-09-04T13:32:31Z,6863789,20
54303260,1788528752,2026-09-04T13:32:32Z,4258227,19
54303270,1788528753,2026-09-04T13:32:33Z,6536196,28
54303280,1788528754,2026-09-04T13:32:34Z,13361843,45
54303290,1788528755,2026-09-04T13:32:35Z,2362241,18
54303300,1788528756,2026-09-04T13:32:36Z,5255877,24
54303310,1788528757,2026-09-04T13:32:37Z,5512996,29
54303320,1788528758,2026-09-04T13:32:38Z,5567459,33
54303330,1788528759,2026-09-04T13:32:39Z,2295743,18
54303340,1788528760,2026-09-04T13:32:40Z,8298999,24
54303350,1788528761,2026-09-04T13:32:41Z,9835264,49
54303360,1788528762,2026-09-04T13:32:42Z,2878719,18
54303370,1788528763,2026-09-04T13:32:43Z,5533962,30
54303380,1788528764,2026-09-04T13:32:44Z,9434107,35
54303390,1788528765,2026-09-04T13:32:45Z,9057565,36
54303400,1788528766,2026-09-04T13:32:46Z,6427404,21
54303410,1788528767,2026-09-04T13:32:47Z,8446855,48
54303420,1788528768,2026-09-04T13:32:48Z,8787750,29
54303430,1788528769,2026-09-04T13:32:49Z,11192492,59
54303440,1788528770,2026-09-04T13:32:50Z,6257400,30
54303450,1788528771,2026-09-04T13:32:51Z,9259622,40
54303460,1788528772,2026-09-04T13:32:52Z,2699053,15
54303470,1788528773,2026-09-04T13:32:53Z,3154701,32
54303480,1788528774,2026-09-04T13:32:54Z,6814593,30
54303490,1788528775,2026-09-04T13:32:55Z,5657648,20
54303500,1788528776,2026-09-04T13:32:56Z,5287549,26
54303510,1788528777,2026-09-04T13:32:57Z,6101379,28
54303520,1788528779,2026-09-04T13:32:59Z,5343685,20
54303530,1788528780,2026-09-04T13:33:00Z,5581411,23
54303540,1788528781,2026-09-04T13:33:01Z,3634397,24
54303550,1788528782,2026-09-04T13:33:02Z,3647726,23
54303560,1788528783,2026-09-04T13:33:03Z,8926032,41
54303570,1788528784,2026-09-04T13:33:04Z,9089829,28
54303580,1788528785,2026-09-04T13:33:05Z,11915482,33
54303590,1788528786,2026-09-04T13:33:06Z,6365211,33
54303600,1788528787,2026-09-04T13:33:07Z,4001789,17
54303610,1788528788,2026-09-04T13:33:08Z,5824543,28
54303620,1788528789,2026-09-04T13:33:09Z,3538597,23
54303630,1788528790,2026-09-04T13:33:10Z,4267056,18
54303640,1788528791,2026-09-04T13:33:11Z,3044871,29
54303650,1788528792,2026-09-04T13:33:12Z,8071248,36
54303660,1788528793,2026-09-04T13:33:13Z,11402891,49
54303670,1788528794,2026-09-04T13:33:14Z,7424233,38
54303680,1788528795,2026-09-04T13:33:15Z,2611575,14
54303690,1788528796,2026-09-04T13:33:16Z,8062073,37
54303700,1788528797,2026-09-04T13:33:17Z,7316659,44
54303710,1788528798,2026-09-04T13:33:18Z,4549489,22
54303720,1788528799,2026-09-04T13:33:19Z,9581917,40
54303730,1788528800,2026-09-04T13:33:20Z,6614881,32
54303740,1788528801,2026-09-04T13:33:21Z,4942810,25
54303750,1788528802,2026-09-04T13:33:22Z,3545826,23
54303760,1788528803,2026-09-04T13:33:23Z,4741173,19
54303770,1788528804,2026-09-04T13:33:24Z,5967268,64
54303780,1788528805,2026-09-04T13:33:25Z,4889624,21
54303790,1788528806,2026-09-04T13:33:26Z,4426396,27
54303800,1788528807,2026-09-04T13:33:27Z,5442595,20
54303810,1788528808,2026-09-04T13:33:28Z,2812893,14
54303820,1788528809,2026-09-04T13:33:29Z,2631296,10
54303830,1788528810,2026-09-04T13:33:30Z,7271969,25
54303840,1788528811,2026-09-04T13:33:31Z,5527655,25
54303850,1788528812,2026-09-04T13:33:32Z,9077855,34
54303860,1788528813,2026-09-04T13:33:33Z,5042337,29
54303870,1788528814,2026-09-04T13:33:34Z,5830222,30
54303880,1788528815,2026-09-04T13:33:35Z,6064498,24
54303890,1788528816,2026-09-04T13:33:36Z,10490285,20
54303900,1788528817,2026-09-04T13:33:37Z,8614895,28
54303910,1788528818,2026-09-04T13:33:38Z,9113608,30
54303920,1788528819,2026-09-04T13:33:39Z,9806588,42
54303930,1788528820,2026-09-04T13:33:40Z,7692005,20
54303940,1788528821,2026-09-04T13:33:41Z,6639569,25
54303950,1788528822,2026-09-04T13:33:42Z,4610190,22
54303960,1788528823,2026-09-04T13:33:43Z,7573101,23
54303970,1788528824,2026-09-04T13:33:44Z,11162935,51
54303980,1788528825,2026-09-04T13:33:45Z,4810446,25
54303990,1788528826,2026-09-04T13:33:46Z,11304759,9
54304000,1788528827,2026-09-04T13:33:47Z,5042352,23
54304010,1788528828,2026-09-04T13:33:48Z,7554124,25
54304020,1788528829,2026-09-04T13:33:49Z,10468447,38
54304030,1788528830,2026-09-04T13:33:50Z,2688038,15
54304040,1788528831,2026-09-04T13:33:51Z,8688437,21
54304050,1788528832,2026-09-04T13:33:52Z,1858853,13
54304060,1788528833,2026-09-04T13:33:53Z,6184101,28
54304070,1788528834,2026-09-04T13:33:54Z,7302204,25
54304080,1788528835,2026-09-04T13:33:55Z,13172454,36
54304090,1788528836,2026-09-04T13:33:56Z,2770933,14
54304100,1788528837,2026-09-04T13:33:57Z,5980571,32
54304110,1788528839,2026-09-04T13:33:59Z,9281086,28
54304120,1788528840,2026-09-04T13:34:00Z,5454795,17
54304130,1788528841,2026-09-04T13:34:01Z,5108111,12
54304140,1788528842,2026-09-04T13:34:02Z,5337309,24
54304150,1788528843,2026-09-04T13:34:03Z,1225355,9
54304160,1788528844,2026-09-04T13:34:04Z,1799497,16
54304170,1788528845,2026-09-04T13:34:05Z,7029312,28
54304180,1788528846,2026-09-04T13:34:06Z,5204234,24
54304190,1788528847,2026-09-04T13:34:07Z,4741405,21
54304200,1788528848,2026-09-04T13:34:08Z,5631251,18
54304210,1788528849,2026-09-04T13:34:09Z,4367310,17
54304220,1788528850,2026-09-04T13:34:10Z,2871617,12
54304230,1788528851,2026-09-04T13:34:11Z,2816839,18
54304240,1788528852,2026-09-04T13:34:12Z,6904602,29
54304250,1788528853,2026-09-04T13:34:13Z,4634312,17
54304260,1788528854,2026-09-04T13:34:14Z,2043630,8
54304270,1788528855,2026-09-04T13:34:15Z,4426675,24
54304280,1788528856,2026-09-04T13:34:16Z,3809188,23
54304290,1788528857,2026-09-04T13:34:17Z,5067008,16
54304300,1788528858,2026-09-04T13:34:18Z,5679991,23
54304310,1788528859,2026-09-04T13:34:19Z,3483430,24
54304320,1788528860,2026-09-04T13:34:20Z,4335549,16
54304330,1788528861,2026-09-04T13:34:21Z,4086850,17
54304340,1788528862,2026-09-04T13:34:22Z,3568113,17
54304350,1788528863,2026-09-04T13:34:23Z,1198072,8
54304360,1788528864,2026-09-04T13:34:24Z,3705207,21
54304370,1788528865,2026-09-04T13:34:25Z,7234397,26
54304380,1788528866,2026-09-04T13:34:26Z,3255170,15
54304390,1788528867,2026-09-04T13:34:27Z,2857459,15
54304400,1788528868,2026-09-04T13:34:28Z,5336423,21
54304410,1788528869,2026-09-04T13:34:29Z,2091888,11
54304420,1788528870,2026-09-04T13:34:30Z,6191311,7
54304430,1788528871,2026-09-04T13:34:31Z,856817,7
54304440,1788528872,2026-09-04T13:34:32Z,3036770,12
54304450,1788528873,2026-09-04T13:34:33Z,6247792,19
54304460,1788528874,2026-09-04T13:34:34Z,3971686,18
54304470,1788528875,2026-09-04T13:34:35Z,6457954,24
54304480,1788528876,2026-09-04T13:34:36Z,6270424,34
54304490,1788528877,2026-09-04T13:34:37Z,6227156,22
54304500,1788528878,2026-09-04T13:34:38Z,4958316,31
54304510,1788528879,2026-09-04T13:34:39Z,5841012,28
54304520,1788528880,2026-09-04T13:34:40Z,7943462,30
54304530,1788528881,2026-09-04T13:34:41Z,4231187,23
54304540,1788528882,2026-09-04T13:34:42Z,9321292,30
54304550,1788528883,2026-09-04T13:34:43Z,7599199,34
54304560,1788528884,2026-09-04T13:34:44Z,3814442,13
54304570,1788528885,2026-09-04T13:34:45Z,6685476,22
54304580,1788528886,2026-09-04T13:34:46Z,6088151,29
54304590,1788528887,2026-09-04T13:34:47Z,7819875,40
54304600,1788528888,2026-09-04T13:34:48Z,3984571,23
54304610,1788528889,2026-09-04T13:34:49Z,5368884,23
54304620,1788528891,2026-09-04T13:34:51Z,5121304,23
54304630,1788528892,2026-09-04T13:34:52Z,3054783,21
54304640,1788528893,2026-09-04T13:34:53Z,1864580,9
54304650,1788528894,2026-09-04T13:34:54Z,5940164,20
54304660,1788528895,2026-09-04T13:34:55Z,4414804,17
54304670,1788528896,2026-09-04T13:34:56Z,5502042,18
54304680,1788528897,2026-09-04T13:34:57Z,4081136,14
54304690,1788528898,2026-09-04T13:34:58Z,9353293,27
54304700,1788528899,2026-09-04T13:34:59Z,6088652,23
54304710,1788528900,2026-09-04T13:35:00Z,8963823,24
54304720,1788528901,2026-09-04T13:35:01Z,6839604,16
54304730,1788528902,2026-09-04T13:35:02Z,5113290,29
54304740,1788528903,2026-09-04T13:35:03Z,2288346,12
54304750,1788528904,2026-09-04T13:35:04Z,4190537,19
54304760,1788528905,2026-09-04T13:35:05Z,8376123,26
54304770,1788528906,2026-09-04T13:35:06Z,5226876,24
54304780,1788528907,2026-09-04T13:35:07Z,9717820,45
54304790,1788528908,2026-09-04T13:35:08Z,8577082,19
54304800,1788528909,2026-09-04T13:35:09Z,5791388,27
54304810,1788528910,2026-09-04T13:35:10Z,3778296,28
54304820,1788528911,2026-09-04T13:35:11Z,3973170,17
54304830,1788528912,2026-09-04T13:35:12Z,4724377,23
54304840,1788528913,2026-09-04T13:35:13Z,4341491,18
54304850,1788528914,2026-09-04T13:35:14Z,5320465,21
54304860,1788528915,2026-09-04T13:35:15Z,5711523,26
54304870,1788528916,2026-09-04T13:35:16Z,4678434,34
54304880,1788528917,2026-09-04T13:35:17Z,9223001,28
54304890,1788528918,2026-09-04T13:35:18Z,4192765,11
54304900,1788528919,2026-09-04T13:35:19Z,5670188,24
54304910,1788528920,2026-09-04T13:35:20Z,4887240,17
54304920,1788528921,2026-09-04T13:35:21Z,5107076,26
54304930,1788528922,2026-09-04T13:35:22Z,7101122,28
54304940,1788528923,2026-09-04T13:35:23Z,2696118,13
54304950,1788528924,2026-09-04T13:35:24Z,3032374,11
54304960,1788528925,2026-09-04T13:35:25Z,2183956,11
54304970,1788528926,2026-09-04T13:35:26Z,3367828,14
54304980,1788528927,2026-09-04T13:35:27Z,5277873,27
54304990,1788528928,2026-09-04T13:35:28Z,9245217,53
54305000,1788528929,2026-09-04T13:35:29Z,11881479,22
54305010,1788528930,2026-09-04T13:35:30Z,7575552,23
54305020,1788528931,2026-09-04T13:35:31Z,6286544,27
54305030,1788528932,2026-09-04T13:35:32Z,3777480,23
54305040,1788528933,2026-09-04T13:35:33Z,9279456,27
54305050,1788528934,2026-09-04T13:35:34Z,4435063,19
54305060,1788528935,2026-09-04T13:35:35Z,5660109,19
54305070,1788528937,2026-09-04T13:35:37Z,4014181,15
54305080,1788528938,2026-09-04T13:35:38Z,5545047,14
54305090,1788528939,2026-09-04T13:35:39Z,2127414,10
54305100,1788528940,2026-09-04T13:35:40Z,6883616,16
54305110,1788528941,2026-09-04T13:35:41Z,3641468,14
54305120,1788528942,2026-09-04T13:35:42Z,9269259,23
54305130,1788528943,2026-09-04T13:35:43Z,4568699,19
54305140,1788528944,2026-09-04T13:35:44Z,5542123,33
54305150,1788528945,2026-09-04T13:35:45Z,2244748,16
54305160,1788528946,2026-09-04T13:35:46Z,2983856,16
54305170,1788528947,2026-09-04T13:35:47Z,2173661,10
54305180,1788528948,2026-09-04T13:35:48Z,4195567,19
54305190,1788528949,2026-09-04T13:35:49Z,6968352,33
54305200,1788528950,2026-09-04T13:35:50Z,6688768,19
54305210,1788528951,2026-09-04T13:35:51Z,2600420,20
54305220,1788528952,2026-09-04T13:35:52Z,9520386,26
54305230,1788528953,2026-09-04T13:35:53Z,4796381,27
54305240,1788528954,2026-09-04T13:35:54Z,5171365,18
54305250,1788528955,2026-09-04T13:35:55Z,6902471,23
54305260,1788528956,2026-09-04T13:35:56Z,5016489,18
54305270,1788528957,2026-09-04T13:35:57Z,2246791,10
54305280,1788528958,2026-09-04T13:35:58Z,7840171,34
54305290,1788528959,2026-09-04T13:35:59Z,7390363,18
54305300,1788528960,2026-09-04T13:36:00Z,6923582,24
54305310,1788528961,2026-09-04T13:36:01Z,4047980,18
54305320,1788528962,2026-09-04T13:36:02Z,11486282,29
54305330,1788528963,2026-09-04T13:36:03Z,7067880,30
54305340,1788528964,2026-09-04T13:36:04Z,5230687,19
54305350,1788528965,2026-09-04T13:36:05Z,2727650,17
54305360,1788528966,2026-09-04T13:36:06Z,2422173,15
54305370,1788528967,2026-09-04T13:36:07Z,2775708,18
54305380,1788528968,2026-09-04T13:36:08Z,9417344,26
54305390,1788528969,2026-09-04T13:36:09Z,3987402,24
54305400,1788528970,2026-09-04T13:36:10Z,4300229,19
54305410,1788528971,2026-09-04T13:36:11Z,4943066,17
54305420,1788528972,2026-09-04T13:36:12Z,12110450,53
54305430,1788528973,2026-09-04T13:36:13Z,9011377,24
54305440,1788528974,2026-09-04T13:36:14Z,8174314,35
54305450,1788528975,2026-09-04T13:36:15Z,5715728,31
54305460,1788528976,2026-09-04T13:36:16Z,9543524,34
54305470,1788528977,2026-09-04T13:36:17Z,4502315,20
54305480,1788528978,2026-09-04T13:36:18Z,8543941,29
54305490,1788528979,2026-09-04T13:36:19Z,9362747,38
54305500,1788528980,2026-09-04T13:36:20Z,4233511,19
54305510,1788528981,2026-09-04T13:36:21Z,10819311,19
54305520,1788528982,2026-09-04T13:36:22Z,4508043,22
54305530,1788528983,2026-09-04T13:36:23Z,8297391,28
54305540,1788528984,2026-09-04T13:36:24Z,6799545,36
54305550,1788528985,2026-09-04T13:36:25Z,7526033,33
54305560,1788528986,2026-09-04T13:36:26Z,3799949,21
54305570,1788528987,2026-09-04T13:36:27Z,8753045,45
54305580,1788528988,2026-09-04T13:36:28Z,4023174,22
54305590,1788528989,2026-09-04T13:36:29Z,3811727,17
54305600,1788528990,2026-09-04T13:36:30Z,4826611,22
54305610,1788528991,2026-09-04T13:36:31Z,6604131,30
54305620,1788528992,2026-09-04T13:36:32Z,3883804,16
54305630,1788528993,2026-09-04T13:36:33Z,9263948,22
54305640,1788528994,2026-09-04T13:36:34Z,8343498,29
54305650,1788528995,2026-09-04T13:36:35Z,1970008,10
54305660,1788528997,2026-09-04T13:36:37Z,3765865,16
54305670,1788528998,2026-09-04T13:36:38Z,8087305,18
54305680,1788528999,2026-09-04T13:36:39Z,9449269,26
54305690,1788529000,2026-09-04T13:36:40Z,5287652,16
54305700,1788529001,2026-09-04T13:36:41Z,2407715,13
54305710,1788529002,2026-09-04T13:36:42Z,2376839,10
54305720,1788529003,2026-09-04T13:36:43Z,3170481,13
54305730,1788529004,2026-09-04T13:36:44Z,7180770,33
54305740,1788529005,2026-09-04T13:36:45Z,4225667,24
54305750,1788529006,2026-09-04T13:36:46Z,5385360,16
54305760,1788529007,2026-09-04T13:36:47Z,2743175,14
54305770,1788529008,2026-09-04T13:36:48Z,5190171,28
54305780,1788529009,2026-09-04T13:36:49Z,4385538,24
54305790,1788529009,2026-09-04T13:36:49Z,0,2
54305800,1788529009,2026-09-04T13:36:49Z,0,2
54305810,1788529009,2026-09-04T13:36:49Z,0,2
54305820,1788529010,2026-09-04T13:36:50Z,5209834,23
54305830,1788529011,2026-09-04T13:36:51Z,5652602,23
54305840,1788529012,2026-09-04T13:36:52Z,8171236,22
54305850,1788529013,2026-09-04T13:36:53Z,3518183,12
54305860,1788529014,2026-09-04T13:36:54Z,5245515,17
54305870,1788529015,2026-09-04T13:36:55Z,3500165,15
54305880,1788529016,2026-09-04T13:36:56Z,3940541,19
54305890,1788529017,2026-09-04T13:36:57Z,3669841,22
54305900,1788529018,2026-09-04T13:36:58Z,5906117,28
54305910,1788529019,2026-09-04T13:36:59Z,4126202,22
54305920,1788529020,2026-09-04T13:37:00Z,4207190,19
54305930,1788529021,2026-09-04T13:37:01Z,4339889,13
54305940,1788529022,2026-09-04T13:37:02Z,3691548,23
54305950,1788529024,2026-09-04T13:37:04Z,4618031,23
54305960,1788529025,2026-09-04T13:37:05Z,6834859,31
54305970,1788529026,2026-09-04T13:37:06Z,4581368,16
54305980,1788529027,2026-09-04T13:37:07Z,6893263,32
54305990,1788529028,2026-09-04T13:37:08Z,4222166,13
54306000,1788529029,2026-09-04T13:37:09Z,4894598,11
54306010,1788529030,2026-09-04T13:37:10Z,3757481,12
54306020,1788529031,2026-09-04T13:37:11Z,4235038,21
54306030,1788529032,2026-09-04T13:37:12Z,2905945,7
54306040,1788529033,2026-09-04T13:37:13Z,4128369,18
54306050,1788529034,2026-09-04T13:37:14Z,4571860,20
54306060,1788529035,2026-09-04T13:37:15Z,6595211,23
54306070,1788529036,2026-09-04T13:37:16Z,4200116,19
54306080,1788529037,2026-09-04T13:37:17Z,4207369,14
54306090,1788529038,2026-09-04T13:37:18Z,15624421,47
54306100,1788529039,2026-09-04T13:37:19Z,4204696,17
54306110,1788529040,2026-09-04T13:37:20Z,4597261,22
54306120,1788529041,2026-09-04T13:37:21Z,8547464,34
54306130,1788529042,2026-09-04T13:37:22Z,11119725,37
54306140,1788529043,2026-09-04T13:37:23Z,6059072,30
54306150,1788529044,2026-09-04T13:37:24Z,4323358,17
54306160,1788529045,2026-09-04T13:37:25Z,10163901,21
54306170,1788529046,2026-09-04T13:37:26Z,4484978,18
54306180,1788529047,2026-09-04T13:37:27Z,5422732,11
54306190,1788529048,2026-09-04T13:37:28Z,1357325,8
54306200,1788529049,2026-09-04T13:37:29Z,6466641,21
54306210,1788529050,2026-09-04T13:37:30Z,3965010,10
54306220,1788529051,2026-09-04T13:37:31Z,4089891,24
54306230,1788529052,2026-09-04T13:37:32Z,5973208,21
54306240,1788529053,2026-09-04T13:37:33Z,4979746,21
54306250,1788529054,2026-09-04T13:37:34Z,4561986,17
54306260,1788529055,2026-09-04T13:37:35Z,3139126,13
54306270,1788529056,2026-09-04T13:37:36Z,5166886,23
54306280,1788529057,2026-09-04T13:37:37Z,7480024,20
54306290,1788529058,2026-09-04T13:37:38Z,13535904,39
54306300,1788529059,2026-09-04T13:37:39Z,7958494,16
54306310,1788529060,2026-09-04T13:37:40Z,5014380,17
54306320,1788529061,2026-09-04T13:37:41Z,9488341,33
54306330,1788529062,2026-09-04T13:37:42Z,4399240,16
54306340,1788529063,2026-09-04T13:37:43Z,3431266,19
54306350,1788529064,2026-09-04T13:37:44Z,7655383,21
54306360,1788529065,2026-09-04T13:37:45Z,6127194,27
54306370,1788529066,2026-09-04T13:37:46Z,3620261,17
54306380,1788529067,2026-09-04T13:37:47Z,3763156,18
54306390,1788529068,2026-09-04T13:37:48Z,5664417,19
54306400,1788529069,2026-09-04T13:37:49Z,4814060,15
54306410,1788529070,2026-09-04T13:37:50Z,11969424,44
54306420,1788529071,2026-09-04T13:37:51Z,5264470,18
54306430,1788529072,2026-09-04T13:37:52Z,3280757,14
54306440,1788529073,2026-09-04T13:37:53Z,4238605,17
54306450,1788529074,2026-09-04T13:37:54Z,5793411,20
54306460,1788529075,2026-09-04T13:37:55Z,4459863,18
54306470,1788529076,2026-09-04T13:37:56Z,2876463,10
54306480,1788529077,2026-09-04T13:37:57Z,12121274,39
54306490,1788529078,2026-09-04T13:37:58Z,4121773,13
54306500,1788529079,2026-09-04T13:37:59Z,6964706,34
54306510,1788529080,2026-09-04T13:38:00Z,4571682,25
54306520,1788529081,2026-09-04T13:38:01Z,6881465,23
54306530,1788529082,2026-09-04T13:38:02Z,3771433,13
54306540,1788529083,2026-09-04T13:38:03Z,10063229,25
54306550,1788529084,2026-09-04T13:38:04Z,3775362,13
54306560,1788529085,2026-09-04T13:38:05Z,7961674,23
54306570,1788529087,2026-09-04T13:38:07Z,7614492,30
54306580,1788529088,2026-09-04T13:38:08Z,5728734,28
54306590,1788529089,2026-09-04T13:38:09Z,3913597,15
54306600,1788529090,2026-09-04T13:38:10Z,4425060,15
54306610,1788529091,2026-09-04T13:38:11Z,11874295,36
54306620,1788529092,2026-09-04T13:38:12Z,10027137,21
54306630,1788529093,2026-09-04T13:38:13Z,3703017,17
54306640,1788529094,2026-09-04T13:38:14Z,4628660,17
54306650,1788529095,2026-09-04T13:38:15Z,8873071,24
54306660,1788529096,2026-09-04T13:38:16Z,3864370,16
54306670,1788529097,2026-09-04T13:38:17Z,3768414,18
54306680,1788529098,2026-09-04T13:38:18Z,7784632,16
54306690,1788529099,2026-09-04T13:38:19Z,2223859,7
54306700,1788529100,2026-09-04T13:38:20Z,4759711,12
54306710,1788529101,2026-09-04T13:38:21Z,2520030,13
54306720,1788529102,2026-09-04T13:38:22Z,10949283,29
54306730,1788529103,2026-09-04T13:38:23Z,2984715,15
54306740,1788529104,2026-09-04T13:38:24Z,6120842,14
54306750,1788529105,2026-09-04T13:38:25Z,2810994,10
54306760,1788529106,2026-09-04T13:38:26Z,7235390,34
54306770,1788529107,2026-09-04T13:38:27Z,5908906,23
54306780,1788529108,2026-09-04T13:38:28Z,3816034,16
54306790,1788529109,2026-09-04T13:38:29Z,5635750,18
54306800,1788529110,2026-09-04T13:38:30Z,1157660,10
54306810,1788529111,2026-09-04T13:38:31Z,2888647,9
54306820,1788529112,2026-09-04T13:38:32Z,5037680,17
54306830,1788529113,2026-09-04T13:38:33Z,3456433,17
54306840,1788529114,2026-09-04T13:38:34Z,6797058,17
54306850,1788529115,2026-09-04T13:38:35Z,9178832,20
54306860,1788529116,2026-09-04T13:38:36Z,7445946,18
54306870,1788529117,2026-09-04T13:38:37Z,12595245,42
54306880,1788529118,2026-09-04T13:38:38Z,4270965,13
54306890,1788529119,2026-09-04T13:38:39Z,4906763,20
54306900,1788529120,2026-09-04T13:38:40Z,2239845,14
54306910,1788529121,2026-09-04T13:38:41Z,5447086,22
54306920,1788529122,2026-09-04T13:38:42Z,4149643,14
54306930,1788529123,2026-09-04T13:38:43Z,3595761,9
54306940,1788529124,2026-09-04T13:38:44Z,6146305,18
54306950,1788529125,2026-09-04T13:38:45Z,3513005,17
54306960,1788529126,2026-09-04T13:38:46Z,4061338,16
54306970,1788529127,2026-09-04T13:38:47Z,1955512,9
54306980,1788529128,2026-09-04T13:38:48Z,1847954,13
54306990,1788529129,2026-09-04T13:38:49Z,2548911,8
54307000,1788529130,2026-09-04T13:38:50Z,9091868,14
54307010,1788529131,2026-09-04T13:38:51Z,5465936,24
54307020,1788529132,2026-09-04T13:38:52Z,3920758,18
54307030,1788529133,2026-09-04T13:38:53Z,5076769,13
54307040,1788529134,2026-09-04T13:38:54Z,1274614,9
54307050,1788529135,2026-09-04T13:38:55Z,4391398,17
54307060,1788529136,2026-09-04T13:38:56Z,1950675,8
54307070,1788529137,2026-09-04T13:38:57Z,2531549,17
54307080,1788529138,2026-09-04T13:38:58Z,5078580,17
54307090,1788529139,2026-09-04T13:38:59Z,2426790,15
54307100,1788529140,2026-09-04T13:39:00Z,4433139,16
54307110,1788529141,2026-09-04T13:39:01Z,6880332,29
54307120,1788529142,2026-09-04T13:39:02Z,4507541,23
54307130,1788529143,2026-09-04T13:39:03Z,3229355,17
54307140,1788529144,2026-09-04T13:39:04Z,7598693,15
54307150,1788529145,2026-09-04T13:39:05Z,5476246,26
54307160,1788529146,2026-09-04T13:39:06Z,6560419,24
54307170,1788529147,2026-09-04T13:39:07Z,6683152,23
54307180,1788529148,2026-09-04T13:39:08Z,3445285,16
54307190,1788529149,2026-09-04T13:39:09Z,3139458,13
54307200,1788529150,2026-09-04T13:39:10Z,2318064,11
54307210,1788529151,2026-09-04T13:39:11Z,5961234,21
54307220,1788529153,2026-09-04T13:39:13Z,5558281,21
54307230,1788529154,2026-09-04T13:39:14Z,5565015,21
54307240,1788529155,2026-09-04T13:39:15Z,5107803,13
54307250,1788529156,2026-09-04T13:39:16Z,3901814,6
54307260,1788529157,2026-09-04T13:39:17Z,3178317,14
54307270,1788529158,2026-09-04T13:39:18Z,6434550,23
54307280,1788529159,2026-09-04T13:39:19Z,5148248,25
54307290,1788529160,2026-09-04T13:39:20Z,5848822,18
54307300,1788529161,2026-09-04T13:39:21Z,4521853,24
54307310,1788529162,2026-09-04T13:39:22Z,3473874,9
54307320,1788529163,2026-09-04T13:39:23Z,3165871,16
54307330,1788529164,2026-09-04T13:39:24Z,4141515,20
54307340,1788529165,2026-09-04T13:39:25Z,2984080,42
54307350,1788529166,2026-09-04T13:39:26Z,2941070,11
54307360,1788529167,2026-09-04T13:39:27Z,3738479,12
54307370,1788529168,2026-09-04T13:39:28Z,8310980,20
54307380,1788529169,2026-09-04T13:39:29Z,9525094,19
54307390,1788529170,2026-09-04T13:39:30Z,4197399,18
54307400,1788529171,2026-09-04T13:39:31Z,1849426,14
54307410,1788529172,2026-09-04T13:39:32Z,864580,8
54307420,1788529173,2026-09-04T13:39:33Z,1245148,6
54307430,1788529174,2026-09-04T13:39:34Z,770318,11
54307440,1788529175,2026-09-04T13:39:35Z,5099938,19
54307450,1788529176,2026-09-04T13:39:36Z,2479371,13
54307460,1788529177,2026-09-04T13:39:37Z,5391540,21
54307470,1788529178,2026-09-04T13:39:38Z,3482223,14
54307480,1788529179,2026-09-04T13:39:39Z,8394735,18
54307490,1788529180,2026-09-04T13:39:40Z,6035314,13
54307500,1788529181,2026-09-04T13:39:41Z,3884438,15
54307510,1788529182,2026-09-04T13:39:42Z,2676320,12
54307520,1788529183,2026-09-04T13:39:43Z,16998859,33
54307530,1788529184,2026-09-04T13:39:44Z,4779558,20
54307540,1788529185,2026-09-04T13:39:45Z,2758269,8
54307550,1788529186,2026-09-04T13:39:46Z,5324399,18
54307560,1788529187,2026-09-04T13:39:47Z,2938960,11
54307570,1788529188,2026-09-04T13:39:48Z,4133847,16
54307580,1788529189,2026-09-04T13:39:49Z,2912660,14
54307590,1788529190,2026-09-04T13:39:50Z,3976536,9
54307600,1788529191,2026-09-04T13:39:51Z,2643279,10
54307610,1788529192,2026-09-04T13:39:52Z,2402902,10
54307620,1788529193,2026-09-04T13:39:53Z,3619547,14
54307630,1788529194,2026-09-04T13:39:54Z,3947022,20
54307640,1788529195,2026-09-04T13:39:55Z,3657869,15
54307650,1788529196,2026-09-04T13:39:56Z,2723961,16
54307660,1788529197,2026-09-04T13:39:57Z,2870801,16
54307670,1788529198,2026-09-04T13:39:58Z,2304306,12
54307680,1788529199,2026-09-04T13:39:59Z,1896589,10
54307690,1788529200,2026-09-04T13:40:00Z,1641712,13
54307700,1788529201,2026-09-04T13:40:01Z,6956857,25
54307710,1788529202,2026-09-04T13:40:02Z,1566911,8
54307720,1788529203,2026-09-04T13:40:03Z,3247054,16
54307730,1788529204,2026-09-04T13:40:04Z,4330028,14
54307740,1788529205,2026-09-04T13:40:05Z,4165468,27
54307750,1788529206,2026-09-04T13:40:06Z,7039884,18
54307760,1788529207,2026-09-04T13:40:07Z,4555857,11
54307770,1788529208,2026-09-04T13:40:08Z,4541566,28
54307780,1788529209,2026-09-04T13:40:09Z,1777603,8
54307790,1788529210,2026-09-04T13:40:10Z,9003504,24
54307800,1788529211,2026-09-04T13:40:11Z,6661232,24
54307810,1788529212,2026-09-04T13:40:12Z,5635480,16
54307820,1788529213,2026-09-04T13:40:13Z,9825386,18
54307830,1788529214,2026-09-04T13:40:14Z,4074799,26
54307840,1788529216,2026-09-04T13:40:16Z,3784287,13
54307850,1788529217,2026-09-04T13:40:17Z,1793470,13
54307860,1788529218,2026-09-04T13:40:18Z,5794101,19
54307870,1788529219,2026-09-04T13:40:19Z,8087255,23
54307880,1788529220,2026-09-04T13:40:20Z,1981723,11
54307890,1788529221,2026-09-04T13:40:21Z,6963847,24
54307900,1788529222,2026-09-04T13:40:22Z,12389823,23
54307910,1788529223,2026-09-04T13:40:23Z,9418690,28
54307920,1788529224,2026-09-04T13:40:24Z,7702701,20
54307930,1788529225,2026-09-04T13:40:25Z,4076574,12
54307940,1788529226,2026-09-04T13:40:26Z,2020265,9
54307950,1788529227,2026-09-04T13:40:27Z,8141381,18
54307960,1788529228,2026-09-04T13:40:28Z,6302376,10
54307970,1788529229,2026-09-04T13:40:29Z,5494050,14
54307980,1788529230,2026-09-04T13:40:30Z,10034744,35
54307990,1788529231,2026-09-04T13:40:31Z,10060995,23
54308000,1788529232,2026-09-04T13:40:32Z,8741309,19
