block,block_timestamp,block_time_utc,observations_timestamp,inclusion_delay_s,aggregator,transmitter,tx_hash
54249363,1788523301,2026-09-04T12:01:41Z,1788523288,13,0xd6ed4e7d4aba1111eb42a349899b5c72ee1c9fef,0x4af41cd301e74b05410df9f6b5fc3d99ddce7cd5,0xd5b29359550cd2a8b8c6bb536ee6b6772f75c3329dc87ab511701a74d12dc407
54249394,1788523304,2026-09-04T12:01:44Z,1788523292,12,0x901d8df245e48dfc82d6483fc45b5be6ddc5281a,0x2df4c8f0095d7323a1521ce82fbf21629fdba7df,0x2d7aa9875d089d88d732bdc38178fe1fa4b20c3db6235fc2a05338d62cfc0ff5
54249544,1788523319,2026-09-04T12:01:59Z,1788523307,12,0x886e11c1053289eed882c734e1864efe3430bc24,0x5d4faed290f0422c7b33586aa772d81785a01d7c,0xb6fbf63c1e973aac94a4a12ca6d386de7818dd10359a85bc6e2e916f7f699de1
54249752,1788523340,2026-09-04T12:02:20Z,1788523328,12,0x4a9abc759e0b7b0ba98b5fd39c419a5d3e962aaf,0x67a2da43031e8876acc515a21cb0d95648efd807,0xa4b3746979c1923a0d58fb52674fa7418b432ecd6c254fd1efaa23e08d457b89
54251111,1788523479,2026-09-04T12:04:39Z,1788523466,13,0x30398b0b0df82a009bb2d507bc7fe1dc6d3ca294,0x2df4c8f0095d7323a1521ce82fbf21629fdba7df,0x5d2624e6ce8da3f9ce8cff462cbd0e3d37036ed6501156e4940a0b467bf6cedc
54251992,1788523569,2026-09-04T12:06:09Z,1788523496,73,0x30398b0b0df82a009bb2d507bc7fe1dc6d3ca294,0x83b351d4ed8de251ccf65fd44b42d27c41b5d8a6,0x50121d001ca2f1a651ff6ce325164ac6a4debbc371d3b996c2604409c8e7611c
54252165,1788523587,2026-09-04T12:06:27Z,1788523574,13,0x55bd01f666c99e4590e084fdeff88041bb50ccd1,0x1dd2dea254a9b9244d2de4139042c65ab9ecdaae,0xf52aebc26906de33b1651bd1fe450680b2a99a8815e893ed12ab5d635473d408
54252305,1788523601,2026-09-04T12:06:41Z,1788523588,13,0x95fb52f75aecbca8e12aa4403f840c8bc18cfbd4,0x83b351d4ed8de251ccf65fd44b42d27c41b5d8a6,0x51bb28b4e45ab7b9566988dd2ad55abfdeb97f905be01f0c25620f00b20b9975
54252638,1788523631,2026-09-04T12:07:11Z,1788523618,13,0x95fb52f75aecbca8e12aa4403f840c8bc18cfbd4,0x4fea9e9741b57bbaad4cf0e60e99a983bb908b3b,0x9df440d605ea203bc755b498b0a0d3bbab25f83feb298da62d3934c3e37165d2
54252752,1788523642,2026-09-04T12:07:22Z,1788523630,12,0x3d2a8e2937f306d11829d95059deda9a290c74da,0x83b351d4ed8de251ccf65fd44b42d27c41b5d8a6,0x4fe5d765bc892e275801d2ae1e337ee1d22036d551403b0a2676d40f85bb9bbe
54252936,1788523661,2026-09-04T12:07:41Z,1788523648,13,0x95fb52f75aecbca8e12aa4403f840c8bc18cfbd4,0x74d14b5e642ea3331c88bcc72649997f447a7a5f,0x89f88021aa3c602e506725df024d5fd9ee5b1841995d89fa2a2c4ed30d05127d
54253274,1788523696,2026-09-04T12:08:16Z,1788523683,13,0xd9c04b7353421fc4deb1614ed13fe10d90e586cc,0x67a2da43031e8876acc515a21cb0d95648efd807,0x0ed824d93a6068f7df2a59cdb5ed1c862009822ce8b51d1a53a6c820be0b003c
54254225,1788523793,2026-09-04T12:09:53Z,1788523780,13,0x105cbe427bbd3225826a450f67ea80fec6417f93,0x83b351d4ed8de251ccf65fd44b42d27c41b5d8a6,0x3a5b0e356fe65b7a12dce2441c58b3d48745c466c302a71619dfbfa680b0280a
54255163,1788523890,2026-09-04T12:11:30Z,1788523877,13,0x815d23392a48bee944c872cbbb4bc47691ef710f,0x4fea9e9741b57bbaad4cf0e60e99a983bb908b3b,0xa5554c1fc5e3eb6eb4a678fd4e966176b8a2e74d8d60c94d46297a3e9549fb57
54256046,1788523980,2026-09-04T12:13:00Z,1788523967,13,0x815d23392a48bee944c872cbbb4bc47691ef710f,0x4af41cd301e74b05410df9f6b5fc3d99ddce7cd5,0xa076c64e2a0ff963bbb16f94edf848f4420b6a99a63b02cc3023f72bb71e3b43
54262888,1788524672,2026-09-04T12:24:32Z,1788524659,13,0x5eaa223c585f40cdca2d119ea91b97c491245631,0x2df4c8f0095d7323a1521ce82fbf21629fdba7df,0xaa50a03b1988fe0855b1ac8004e7678726efeb0023eb9e201fa580b8c750f010
54263709,1788524755,2026-09-04T12:25:55Z,1788524743,12,0x7a6b81ba7fbcb90104d8c496158cf383cd7233b1,0xa211fbdde369d28efb235bcd3a77f3a77790ba94,0x890fcd07350124920b820805b4384bff516af08e48938d7aedb9e294e513389e
54264354,1788524817,2026-09-04T12:26:57Z,1788524804,13,0x55bd01f666c99e4590e084fdeff88041bb50ccd1,0x74d14b5e642ea3331c88bcc72649997f447a7a5f,0x914b651f1d777229db5819c8387e97cfe5e136249653dd6e19ef9c653df3b62c
54264538,1788524836,2026-09-04T12:27:16Z,1788524824,12,0xd9c04b7353421fc4deb1614ed13fe10d90e586cc,0x4fea9e9741b57bbaad4cf0e60e99a983bb908b3b,0xbe6420c8df947490599eade208155d2a2b5dab732536b8284d0c5058f4bd2630
54265554,1788524940,2026-09-04T12:29:00Z,1788524927,13,0x59ab60b1d63de8b282852573d18a3a99c04c787c,0xbe328e128835dae56a42f1e67de4a0daeec61a5f,0x3637d24098edb54a55e5e1244c51196958a6453d09c08fa4384cb9af69951c6c
54266309,1788525018,2026-09-04T12:30:18Z,1788525005,13,0x42b1c5174ce84be751a23489d7dbdc969bc17ea2,0xa211fbdde369d28efb235bcd3a77f3a77790ba94,0x6ad1b58bacc59bcdfc3afa7c449f656897729c8926dacfe36384a82e221d0fe0
54266322,1788525019,2026-09-04T12:30:19Z,1788525007,12,0xcdf6f7043b3af6afa0caaace1230b355096b5386,0x2df4c8f0095d7323a1521ce82fbf21629fdba7df,0xe9593f7a2ebe8cce90803c16c5cb3ec5e51020f150daad8887ddc9f03a19b801
54266327,1788525020,2026-09-04T12:30:20Z,1788525008,12,0x2b65a9e1ff6b36a76e50a383a2d2702cd9e78047,0x2df4c8f0095d7323a1521ce82fbf21629fdba7df,0xe9d77fe1a3bd72d1112c141b8409e3182417b79a17769c4523ce8bb49e1cf5ed
54266355,1788525023,2026-09-04T12:30:23Z,1788525010,13,0x3d2a8e2937f306d11829d95059deda9a290c74da,0x5d4faed290f0422c7b33586aa772d81785a01d7c,0x72e29371200bf5ebd3798cfde96a145648c8dfc928d0e68548d01113ca901540
54266365,1788525024,2026-09-04T12:30:24Z,1788525011,13,0x6091e64eb7138eef066a80fd3a0d7427b91f2721,0x5d4faed290f0422c7b33586aa772d81785a01d7c,0x134db3dc055e6971f24929486dab1be789a3d304cb2bc12d89412ad73fd0ed71
54266395,1788525027,2026-09-04T12:30:27Z,1788525014,13,0x55bd01f666c99e4590e084fdeff88041bb50ccd1,0x5d4faed290f0422c7b33586aa772d81785a01d7c,0x6361ee80b7de056ed6a49e874460579ce98e01478934ae610fdf3fb83d1a1ba6
54266418,1788525029,2026-09-04T12:30:29Z,1788525016,13,0xc5845f87ad59a7a3d4bf9b90a0c19dba38475eec,0x4af41cd301e74b05410df9f6b5fc3d99ddce7cd5,0x2c4a185520a4a8dbd179fd719bb499ad58a7ad3cb179d18688a80e103c94988f
54266423,1788525030,2026-09-04T12:30:30Z,1788525017,13,0x59ab60b1d63de8b282852573d18a3a99c04c787c,0xa211fbdde369d28efb235bcd3a77f3a77790ba94,0x4b7e2195293b870ff6983a148442fb85eb8ac60dc269ccedd51f7b5a1cc49381
54266427,1788525030,2026-09-04T12:30:30Z,1788525018,12,0x815d23392a48bee944c872cbbb4bc47691ef710f,0x2df4c8f0095d7323a1521ce82fbf21629fdba7df,0xf716e66392cc475da9de1333741e3eada0318a8e4f808415fe7e4f48fe592810
54266444,1788525032,2026-09-04T12:30:32Z,1788525019,13,0x5eaa223c585f40cdca2d119ea91b97c491245631,0x74d14b5e642ea3331c88bcc72649997f447a7a5f,0xc71cc019db8289ba5045be9c6ec93c247f33274f92d2a7d322f45996917ede5c
54266446,1788525032,2026-09-04T12:30:32Z,1788525019,13,0x94201f15c0b7701d3f93f3c780042e6a76214104,0x4af41cd301e74b05410df9f6b5fc3d99ddce7cd5,0xd3988366b5fe8a62cc94027153183d8642be54b83929eaf15bc6b404af1e9b0d
54266447,1788525032,2026-09-04T12:30:32Z,1788525019,13,0x11ed6d598ef565dda86fafe7e779303e7cc6b2bd,0x4fea9e9741b57bbaad4cf0e60e99a983bb908b3b,0x23fab778d8626e998eaf835c51a4c785202fab4f5b023e2778f6d1943ad624fb
54266517,1788525039,2026-09-04T12:30:39Z,1788525027,12,0x30398b0b0df82a009bb2d507bc7fe1dc6d3ca294,0x2df4c8f0095d7323a1521ce82fbf21629fdba7df,0x1af77cc2604e522714e65832611cc8ed6fabc4763b1e05619081501d5e0a4449
54266528,1788525040,2026-09-04T12:30:40Z,1788525028,12,0xfaa5fda549575e3b602ad70e4bd8020a28387f96,0x2df4c8f0095d7323a1521ce82fbf21629fdba7df,0x6d5f230f240335f65ca4ecfde59507d27c279c77d22785ee45fc8a22b6f564ee
54266549,1788525042,2026-09-04T12:30:42Z,1788525030,12,0x145db0a26222934d32a0bd539863158afb5ee30b,0xbe328e128835dae56a42f1e67de4a0daeec61a5f,0x58be5bd62491ef32800c6c2e14432604c8883e8bceeb8532c7e6fa26e63bebc6
54266570,1788525046,2026-09-04T12:30:46Z,1788525034,12,0xd9c04b7353421fc4deb1614ed13fe10d90e586cc,0x4fea9e9741b57bbaad4cf0e60e99a983bb908b3b,0x924fb1105ec53d37eebdb4cf0c923c6629c431823a82792b52d9a4e7ba8bdc80
54266574,1788525046,2026-09-04T12:30:46Z,1788525034,12,0xd6fe4540bdf692cbe147fe19f75f9fd542d733bd,0x5d4faed290f0422c7b33586aa772d81785a01d7c,0xdd20fd238262b70e3516136bca160e51d31e4cd3f7a8b0b919535e1f0acb386a
54266610,1788525050,2026-09-04T12:30:50Z,1788525038,12,0x2b65a9e1ff6b36a76e50a383a2d2702cd9e78047,0x74d14b5e642ea3331c88bcc72649997f447a7a5f,0x894793b823bcd016414826a4b12b030b9025d021dd761aec02383ec74b637192
54266638,1788525053,2026-09-04T12:30:53Z,1788525040,13,0x3d2a8e2937f306d11829d95059deda9a290c74da,0x4af41cd301e74b05410df9f6b5fc3d99ddce7cd5,0x308f9c46ea66ff2fc7f2fbd878d9045c4a993d43b976fba0760189b52e827e8c
54266639,1788525053,2026-09-04T12:30:53Z,1788525041,12,0x105cbe427bbd3225826a450f67ea80fec6417f93,0x2df4c8f0095d7323a1521ce82fbf21629fdba7df,0x8395db0b8a6d2f428626e79da0a5b9c8796f14a60a3105e2905e1a77e09d90e1
54266646,1788525054,2026-09-04T12:30:54Z,1788525041,13,0x6091e64eb7138eef066a80fd3a0d7427b91f2721,0x4fea9e9741b57bbaad4cf0e60e99a983bb908b3b,0x042340a348389518c17ccdbfc821a59afc1c22a89f053f9512b1558dea418a72
54266678,1788525057,2026-09-04T12:30:57Z,1788525044,13,0x55bd01f666c99e4590e084fdeff88041bb50ccd1,0xa211fbdde369d28efb235bcd3a77f3a77790ba94,0xca476af2750a6e30f50e645392bba4ae4367b59c5b64a85c15e2d1e9d8bd4dbc
54266702,1788525059,2026-09-04T12:30:59Z,1788525047,12,0x886e11c1053289eed882c734e1864efe3430bc24,0x4fea9e9741b57bbaad4cf0e60e99a983bb908b3b,0xb60a5218511a487160d188f7084da178f9343df5e55d3ac760385576e8b96784
54266706,1788525060,2026-09-04T12:31:00Z,1788525047,13,0x59ab60b1d63de8b282852573d18a3a99c04c787c,0x4af41cd301e74b05410df9f6b5fc3d99ddce7cd5,0x80fc847b827004d77480e6a17cc5cf0b127d91589f1fb9220a876ec524059c27
54266714,1788525061,2026-09-04T12:31:01Z,1788525048,13,0x983f726bf320cdc1fdae041dba782cd08a55842f,0x2df4c8f0095d7323a1521ce82fbf21629fdba7df,0x10025bd4840854f2e282f61f2b1448699a799a410332463eec82658daa883b96
54266727,1788525062,2026-09-04T12:31:02Z,1788525049,13,0x94201f15c0b7701d3f93f3c780042e6a76214104,0x1dd2dea254a9b9244d2de4139042c65ab9ecdaae,0x26b4f3ededf62f007b46196280873e9f38653dfb2dd81fb924d14d9f26503276
54266757,1788525065,2026-09-04T12:31:05Z,1788525052,13,0xeff19b88e3c72f046e4a19a1e62544d5869d4275,0x83b351d4ed8de251ccf65fd44b42d27c41b5d8a6,0x6cbab94cd58c9cfe5edb8faa9f3c078427ddfe9afcc0dcc472e9990d0dedd707
54266813,1788525071,2026-09-04T12:31:11Z,1788525058,13,0xdad54b8ee51af258e5a6faa9a84a3300f4775f7d,0x67a2da43031e8876acc515a21cb0d95648efd807,0x381574c533eb6ed6b75c247df7fb83c2ebf87ce2822c184b9d90e7d1ff5f393f
54266821,1788525072,2026-09-04T12:31:12Z,1788525059,13,0x95fb52f75aecbca8e12aa4403f840c8bc18cfbd4,0x74d14b5e642ea3331c88bcc72649997f447a7a5f,0x979a8715c4d2468b0aca0db6ba9ac85f04b2ea34bf00350bbe83127f7b3640c2
54266849,1788525074,2026-09-04T12:31:14Z,1788525062,12,0x901d8df245e48dfc82d6483fc45b5be6ddc5281a,0x4af41cd301e74b05410df9f6b5fc3d99ddce7cd5,0x232d229c1b32e18d27d6f4fba460a34f55bd01c79fb6b7ca10266cc439502800
54266863,1788525076,2026-09-04T12:31:16Z,1788525063,13,0xe50c4775fefc1e3c9206771dd0056aee30f51b2f,0x5d4faed290f0422c7b33586aa772d81785a01d7c,0xe1e36337acb18d85cf759b4fb93be63dea71830f19dd675cd6484613e86d5fbd
54266866,1788525076,2026-09-04T12:31:16Z,1788525064,12,0xd9c04b7353421fc4deb1614ed13fe10d90e586cc,0x2df4c8f0095d7323a1521ce82fbf21629fdba7df,0x48f67b2c48a4908373a1a09cbb1f7165195af1ca7ac2309825ad0a2d1ae70a39
54266870,1788525076,2026-09-04T12:31:16Z,1788525064,12,0xd6fe4540bdf692cbe147fe19f75f9fd542d733bd,0x4fea9e9741b57bbaad4cf0e60e99a983bb908b3b,0x092ee75893453234992cbe6594d4dca7898aada6770a792eb2448d2a8f0c1b0c
54266882,1788525078,2026-09-04T12:31:18Z,1788525065,13,0x76ba75c6c362900b275d9d4d5c422f0275e85578,0xa211fbdde369d28efb235bcd3a77f3a77790ba94,0x7a39dc37b039e4d952d1097e1ce6da616ba13911053b6bd5a394e6e840e9fd7e
54266882,1788525078,2026-09-04T12:31:18Z,1788525065,13,0x42b1c5174ce84be751a23489d7dbdc969bc17ea2,0x67a2da43031e8876acc515a21cb0d95648efd807,0x2312ad225c68d07cd095301e14e520d403bad1ee1073e45b0ced39922a952802
54266887,1788525078,2026-09-04T12:31:18Z,1788525066,12,0xa088fad0a0a62693af068e2edb80b1578c8a9365,0xbe328e128835dae56a42f1e67de4a0daeec61a5f,0xccab70f0ae721abd54cd32b96a9edd35f6fcaf1009b5297af7b6c32fc2b19098
54266888,1788525078,2026-09-04T12:31:18Z,1788525066,12,0x7b2fdfcea772f093dd33b3acf8ee294b368f6c23,0xa211fbdde369d28efb235bcd3a77f3a77790ba94,0xa04f80c46c0eaa123818d29d46a4c7704743b7cd14fbe455d8466af08775b61d
54266912,1788525081,2026-09-04T12:31:21Z,1788525068,13,0x4a9abc759e0b7b0ba98b5fd39c419a5d3e962aaf,0x83b351d4ed8de251ccf65fd44b42d27c41b5d8a6,0x24f46068cf371f68945297f79fbb3bc236579d7fb0ce5225c9afd05b8f4e1be4
54266955,1788525085,2026-09-04T12:31:25Z,1788525073,12,0x7a6b81ba7fbcb90104d8c496158cf383cd7233b1,0x4fea9e9741b57bbaad4cf0e60e99a983bb908b3b,0x9197ca64aaf636be3596b1559fb1d13279a163e0422d0b1c81cc6cef419a8491
54267002,1788525090,2026-09-04T12:31:30Z,1788525074,16,0x55bd01f666c99e4590e084fdeff88041bb50ccd1,0x4fea9e9741b57bbaad4cf0e60e99a983bb908b3b,0x0672a0829bffdfcb8c994797e1da218eb22bf8331b1768f56ed65420b58bc0b6
54267007,1788525091,2026-09-04T12:31:31Z,1788525077,14,0x59ab60b1d63de8b282852573d18a3a99c04c787c,0x5d4faed290f0422c7b33586aa772d81785a01d7c,0xc97b75a56322a2057c2fec13342cb3c5ea00b7ab9e0dca3a5808e8cb61fab73f
54267008,1788525091,2026-09-04T12:31:31Z,1788525078,13,0x815d23392a48bee944c872cbbb4bc47691ef710f,0xbe328e128835dae56a42f1e67de4a0daeec61a5f,0x7d636ccc3dc7741cfe7d710c042d34be959282d3494e4fd4d697f78fa7ca8bb8
54267045,1788525095,2026-09-04T12:31:35Z,1788525082,13,0xeff19b88e3c72f046e4a19a1e62544d5869d4275,0xbe328e128835dae56a42f1e67de4a0daeec61a5f,0xe28831f25c24ef8baf0e5801451ff37c00b6ff125763c0399a691ebe3f2e40e4
54267089,1788525099,2026-09-04T12:31:39Z,1788525087,12,0x30398b0b0df82a009bb2d507bc7fe1dc6d3ca294,0x1dd2dea254a9b9244d2de4139042c65ab9ecdaae,0x73b06e3429f4746bf6ae2b786abdfbc6d2e85f6c706602a04670aa16db534e2a
54267121,1788525102,2026-09-04T12:31:42Z,1788525090,12,0x145db0a26222934d32a0bd539863158afb5ee30b,0x4af41cd301e74b05410df9f6b5fc3d99ddce7cd5,0xe6bfa3b3909499973e035cdcc522c929fca00d557a32fa34be9f86a33e5b302a
54267141,1788525104,2026-09-04T12:31:44Z,1788525092,12,0x901d8df245e48dfc82d6483fc45b5be6ddc5281a,0x83b351d4ed8de251ccf65fd44b42d27c41b5d8a6,0x8912c3aef7648c5c2fa4d42daf75f71044855326f92089449e8f053d98c09e20
54267155,1788525106,2026-09-04T12:31:46Z,1788525093,13,0xe50c4775fefc1e3c9206771dd0056aee30f51b2f,0x4fea9e9741b57bbaad4cf0e60e99a983bb908b3b,0x560407fa27e735f9f77bd452e69ab9137c90b8822fd6769de5edbce870c60931
54267222,1788525113,2026-09-04T12:31:53Z,1788525100,13,0x3d2a8e2937f306d11829d95059deda9a290c74da,0x1dd2dea254a9b9244d2de4139042c65ab9ecdaae,0x511ca19bc4046172f73f4df9dee381bfa5a73f9eeb8eea188a0d038f3b410420
54267234,1788525114,2026-09-04T12:31:54Z,1788525101,13,0x6091e64eb7138eef066a80fd3a0d7427b91f2721,0x67a2da43031e8876acc515a21cb0d95648efd807,0x4abc54e4a541ac8c576f8f698b9c1bf66a9dd0d6298ed7acc4661b39eee4e29b
54267286,1788525119,2026-09-04T12:31:59Z,1788525106,13,0xc5845f87ad59a7a3d4bf9b90a0c19dba38475eec,0x4af41cd301e74b05410df9f6b5fc3d99ddce7cd5,0xdf699604e4480b674c259de22a230d66fa098a7c40837e002cdda110d61be59c
54267290,1788525120,2026-09-04T12:32:00Z,1788525107,13,0x59ab60b1d63de8b282852573d18a3a99c04c787c,0x67a2da43031e8876acc515a21cb0d95648efd807,0xc4687893e26d5e88ae8bcdb276fb029adc3964455ef551472f56533c2c7b1aea
54267293,1788525120,2026-09-04T12:32:00Z,1788525107,13,0x886e11c1053289eed882c734e1864efe3430bc24,0x74d14b5e642ea3331c88bcc72649997f447a7a5f,0xbf246a6fcb23e417be6fa9abedce77d83aa9e23eb41d5828126a6abb543c96cf
54267294,1788525120,2026-09-04T12:32:00Z,1788525108,12,0x815d23392a48bee944c872cbbb4bc47691ef710f,0x4fea9e9741b57bbaad4cf0e60e99a983bb908b3b,0x86e1eaf2ab5e487681296ad5cd595fda8a8944e152d9b5688513b6de850201d4
54267300,1788525121,2026-09-04T12:32:01Z,1788525108,13,0xf83cde62d1cd90de8d2bf3332b90c590985ad679,0x4fea9e9741b57bbaad4cf0e60e99a983bb908b3b,0x5e492895026c953af98291e9c1f4693423dea572f5a9672b08334365c189741b
54267301,1788525121,2026-09-04T12:32:01Z,1788525108,13,0x983f726bf320cdc1fdae041dba782cd08a55842f,0x4af41cd301e74b05410df9f6b5fc3d99ddce7cd5,0x73847ffcb58cfe7fa40c6d0f180a77b23e0561bdc8b816be6e4babc9b4408706
54267312,1788525122,2026-09-04T12:32:02Z,1788525109,13,0x5eaa223c585f40cdca2d119ea91b97c491245631,0x83b351d4ed8de251ccf65fd44b42d27c41b5d8a6,0x7ab4c9b40055a131ae2f2d841bc350ae308b37a28863ef8e591eb0a584c64473
54267312,1788525122,2026-09-04T12:32:02Z,1788525109,13,0x94201f15c0b7701d3f93f3c780042e6a76214104,0x4af41cd301e74b05410df9f6b5fc3d99ddce7cd5,0x2ecfef0ac7d755c31e4b7edcb8a5c73f78217212c12a16b15697af54303d3092
54267396,1788525130,2026-09-04T12:32:10Z,1788525118,12,0xfaa5fda549575e3b602ad70e4bd8020a28387f96,0x4af41cd301e74b05410df9f6b5fc3d99ddce7cd5,0xe5fa21392c843aaaac5c7079b5f74791173d35d13f0a6ad4130e35cc67ff78d4
54267400,1788525131,2026-09-04T12:32:11Z,1788525119,12,0xd6ed4e7d4aba1111eb42a349899b5c72ee1c9fef,0x2df4c8f0095d7323a1521ce82fbf21629fdba7df,0x0a23c61cbc8853f78d64291fc08c42ca5294ef70b50185794215690594795626
54267453,1788525136,2026-09-04T12:32:16Z,1788525124,12,0xd9c04b7353421fc4deb1614ed13fe10d90e586cc,0x4fea9e9741b57bbaad4cf0e60e99a983bb908b3b,0x410e3ba4f2289f08b566184c319a1fccca44faac07944502685bed5564654970
54267467,1788525138,2026-09-04T12:32:18Z,1788525125,13,0x76ba75c6c362900b275d9d4d5c422f0275e85578,0x74d14b5e642ea3331c88bcc72649997f447a7a5f,0x47ad2a2a78b8f7023abd21a3c081fd6f45a5c2b5b3ed7e72e3173f36161f6ad4
54267468,1788525138,2026-09-04T12:32:18Z,1788525125,13,0x42b1c5174ce84be751a23489d7dbdc969bc17ea2,0x4fea9e9741b57bbaad4cf0e60e99a983bb908b3b,0xed05948db9d8333f21c0f92033705dd764e6a0ae3f91daa1fb393126404035c4
54267486,1788525140,2026-09-04T12:32:20Z,1788525128,12,0x2b65a9e1ff6b36a76e50a383a2d2702cd9e78047,0x2df4c8f0095d7323a1521ce82fbf21629fdba7df,0xa66de1ec3afaa265298496845c5cffc94ec286f7dbf49fc0c6c7f90716c32ad4
54267515,1788525143,2026-09-04T12:32:23Z,1788525130,13,0x3d2a8e2937f306d11829d95059deda9a290c74da,0x4af41cd301e74b05410df9f6b5fc3d99ddce7cd5,0xc02c7efaafc8539d4249ebf342207c99a5a5b2ee5c6cc1ce540e15cfcfe0525f
54267522,1788525143,2026-09-04T12:32:23Z,1788525131,12,0x105cbe427bbd3225826a450f67ea80fec6417f93,0xbe328e128835dae56a42f1e67de4a0daeec61a5f,0x0fe913fbad750c745e02438abae21bf8197afb9ada6f78a366351d84457a5181
54267557,1788525147,2026-09-04T12:32:27Z,1788525134,13,0x55bd01f666c99e4590e084fdeff88041bb50ccd1,0x83b351d4ed8de251ccf65fd44b42d27c41b5d8a6,0xdbd1dd81df7fa0829ce8d9174636b4233625dfe51d47d3a37d1265caacc6ab8b
54267587,1788525150,2026-09-04T12:32:30Z,1788525138,12,0x815d23392a48bee944c872cbbb4bc47691ef710f,0x2df4c8f0095d7323a1521ce82fbf21629fdba7df,0x8c64284b50f143eebff57a20811e5eb8a8192d5c39d711fc692ea88691b3aac5
54267603,1788525152,2026-09-04T12:32:32Z,1788525139,13,0x94201f15c0b7701d3f93f3c780042e6a76214104,0x2df4c8f0095d7323a1521ce82fbf21629fdba7df,0xe621e53db8ba3e7b10f1f34821eb554e97bc1d3635bb403dd2aec3ee609699ba
54267616,1788525153,2026-09-04T12:32:33Z,1788525141,12,0x315afd0f71d5407b99ad19ab001a67af40fbaaf4,0xbe328e128835dae56a42f1e67de4a0daeec61a5f,0x0e176e6540bc47d76a5522357cd004c522fb73cac4be7bd3de2f695aebe096ca
54267675,1788525159,2026-09-04T12:32:39Z,1788525147,12,0x30398b0b0df82a009bb2d507bc7fe1dc6d3ca294,0x2df4c8f0095d7323a1521ce82fbf21629fdba7df,0x9f71290d9deec3428fca784170357f04c0484e6b6ba0a95b374dac40e0637107
54267705,1788525162,2026-09-04T12:32:42Z,1788525150,12,0x145db0a26222934d32a0bd539863158afb5ee30b,0xbe328e128835dae56a42f1e67de4a0daeec61a5f,0xa04180b7befd5408d235125a7c8306c6f572c050af0b81cb400ac5c39f7871ef
54267769,1788525165,2026-09-04T12:32:45Z,1788525152,13,0xf795030a46ad6ca4b07bf5fb704dc36039118c9f,0xa211fbdde369d28efb235bcd3a77f3a77790ba94,0x610edcfc997347b4c8041ed54821891e7114620b1d69c9a5895ece0a36ab2f48
54267804,1788525168,2026-09-04T12:32:48Z,1788525156,12,0x7b2fdfcea772f093dd33b3acf8ee294b368f6c23,0xa211fbdde369d28efb235bcd3a77f3a77790ba94,0x8a29bb34ebd40f011819c29cbcff967ad2d8b67031468b8b366a99afeeee8d37
54267832,1788525171,2026-09-04T12:32:51Z,1788525158,13,0x4a9abc759e0b7b0ba98b5fd39c419a5d3e962aaf,0x4af41cd301e74b05410df9f6b5fc3d99ddce7cd5,0x057034c6914679ef0d7f9dfadfaaeb342713d6529634dcaa0305d628f987355d
54267911,1788525180,2026-09-04T12:33:00Z,1788525167,13,0x886e11c1053289eed882c734e1864efe3430bc24,0x2df4c8f0095d7323a1521ce82fbf21629fdba7df,0xb608e9f3d9847df3d6ba4a4377f0f539a3d8e10f4df2cdbe13b0354251da9b7f
54267916,1788525180,2026-09-04T12:33:00Z,1788525168,12,0x815d23392a48bee944c872cbbb4bc47691ef710f,0xbe328e128835dae56a42f1e67de4a0daeec61a5f,0x220a904359db18e3381a49a69a2a548d7a3a41c331e5926315ea5091ba597da0
54268077,1788525197,2026-09-04T12:33:17Z,1788525184,13,0xd9c04b7353421fc4deb1614ed13fe10d90e586cc,0x74d14b5e642ea3331c88bcc72649997f447a7a5f,0x7f26f91a3eef24c7b174e1e370c7d5cd47fcb28f653f496d58b9af5aa14e7bcc
54268367,1788525226,2026-09-04T12:33:46Z,1788525213,13,0xe50c4775fefc1e3c9206771dd0056aee30f51b2f,0x67a2da43031e8876acc515a21cb0d95648efd807,0x11c3fbc18b30213ad5b3e2d1e0d31275b31e2358e67b288fdeafb8279d033f29
54268665,1788525256,2026-09-04T12:34:16Z,1788525244,12,0xc190b6164b9e320a6400cdab0085a2e0e2b9738e,0x2df4c8f0095d7323a1521ce82fbf21629fdba7df,0x0e4f281160deeb5c7052b14a522fb0b88bede4703ee539ae38472e99f9ae24e9
54268954,1788525286,2026-09-04T12:34:46Z,1788525274,12,0xe50c4775fefc1e3c9206771dd0056aee30f51b2f,0x74d14b5e642ea3331c88bcc72649997f447a7a5f,0x2f458175772dd45c86195e6768e6df50e75a2020d69a9454f11278cb8e517ba7
54269000,1788525291,2026-09-04T12:34:51Z,1788525279,12,0x4a9abc759e0b7b0ba98b5fd39c419a5d3e962aaf,0x67a2da43031e8876acc515a21cb0d95648efd807,0x85707f73e5636cd55272c51d30abd623bf7050294b06ec8261013079db250092
54269019,1788525293,2026-09-04T12:34:53Z,1788525280,13,0x3d2a8e2937f306d11829d95059deda9a290c74da,0x4af41cd301e74b05410df9f6b5fc3d99ddce7cd5,0xa66706c58906c01ddb7ddaddc147f879fcf3acc8ac6701fd55c339a6eea149d9
54269087,1788525300,2026-09-04T12:35:00Z,1788525288,12,0x815d23392a48bee944c872cbbb4bc47691ef710f,0x2df4c8f0095d7323a1521ce82fbf21629fdba7df,0x006e237081383a1ce04b9955536c7148f1562bfc6802df31afae24523d897241
54269260,1788525318,2026-09-04T12:35:18Z,1788525305,13,0x76ba75c6c362900b275d9d4d5c422f0275e85578,0x74d14b5e642ea3331c88bcc72649997f447a7a5f,0x6f830e32953846bc7f30c4487cca552ecfcfd7a5cf482c390a9323ffdbb97091
54269376,1788525330,2026-09-04T12:35:30Z,1788525317,13,0x886e11c1053289eed882c734e1864efe3430bc24,0x5d4faed290f0422c7b33586aa772d81785a01d7c,0x3081d7263fc9ec78fea384b9261542be4567ce64fd1ec6a2b969e5c20cc00125
54269377,1788525330,2026-09-04T12:35:30Z,1788525317,13,0x59ab60b1d63de8b282852573d18a3a99c04c787c,0x67a2da43031e8876acc515a21cb0d95648efd807,0x57fb4d2ec910ae5074855363cc6865c8b37bd4a4a9d01b1f017a2a091fa6866f
54269483,1788525341,2026-09-04T12:35:41Z,1788525329,12,0xd6ed4e7d4aba1111eb42a349899b5c72ee1c9fef,0x67a2da43031e8876acc515a21cb0d95648efd807,0x1b8ff12846eb3b5570babb82c0ebb9d1dc855cf31fd45cca1b9a408a9ca850d2
54269541,1788525347,2026-09-04T12:35:47Z,1788525334,13,0xe50c4775fefc1e3c9206771dd0056aee30f51b2f,0xbe328e128835dae56a42f1e67de4a0daeec61a5f,0x9e076b1a51dfb44e46f7e8b27376ea063a0329934db9f1188a9418be609b396d
54269555,1788525348,2026-09-04T12:35:48Z,1788525336,12,0x7b2fdfcea772f093dd33b3acf8ee294b368f6c23,0x67a2da43031e8876acc515a21cb0d95648efd807,0x72833f0e05ed1e6a4f46bc71caeb968530fb44efd39182781d407f176b079c07
54269685,1788525362,2026-09-04T12:36:02Z,1788525349,13,0x5eaa223c585f40cdca2d119ea91b97c491245631,0x74d14b5e642ea3331c88bcc72649997f447a7a5f,0x2071c4f4a33c2e0a81334b7c8ab6cc3b86de3508a6d304d2799edfc7e34206f4
54269810,1788525375,2026-09-04T12:36:15Z,1788525362,13,0x901d8df245e48dfc82d6483fc45b5be6ddc5281a,0x67a2da43031e8876acc515a21cb0d95648efd807,0xba0931111b5c05c855a51d978621681e5fadaade5c948f082fcd90e5c4a091a8
54269817,1788525375,2026-09-04T12:36:15Z,1788525363,12,0x93503dfc97157cdb8aadccaf70452621d598fdeb,0x4af41cd301e74b05410df9f6b5fc3d99ddce7cd5,0x99272f6a3a163140ca4eb34a33d0167274514c1d868244ce0407cb1e9965c0da
54269832,1788525377,2026-09-04T12:36:17Z,1788525364,13,0xd9c04b7353421fc4deb1614ed13fe10d90e586cc,0x83b351d4ed8de251ccf65fd44b42d27c41b5d8a6,0x504227291ec43f98ba7101296e18297eb786cf283d273a0de4bea6f9dd36494e
54269926,1788525387,2026-09-04T12:36:27Z,1788525375,12,0x55bd01f666c99e4590e084fdeff88041bb50ccd1,0x83b351d4ed8de251ccf65fd44b42d27c41b5d8a6,0x470986df355537d20d0d4e7c05a9e571c49c56b267c5b23ab6f66f2c2ac9891f
54270118,1788525407,2026-09-04T12:36:47Z,1788525394,13,0xd6fe4540bdf692cbe147fe19f75f9fd542d733bd,0x5d4faed290f0422c7b33586aa772d81785a01d7c,0x254647ddd50695f1f9dd9600f6afe342d4b6222f288aa5f49605795a1ceef97d
54270297,1788525425,2026-09-04T12:37:05Z,1788525412,13,0xeff19b88e3c72f046e4a19a1e62544d5869d4275,0x1dd2dea254a9b9244d2de4139042c65ab9ecdaae,0x83b5ae4fdbd349586dbf27b5d6a700728f6739b39ae2c97b21f595d43e122c82
54270511,1788525447,2026-09-04T12:37:27Z,1788525435,12,0x55bd01f666c99e4590e084fdeff88041bb50ccd1,0x1dd2dea254a9b9244d2de4139042c65ab9ecdaae,0x087171810bcc02ce6f14afe6e6da4ad602fc95cee71f81c74aabe3b631fdfb98
54270629,1788525459,2026-09-04T12:37:39Z,1788525447,12,0x30398b0b0df82a009bb2d507bc7fe1dc6d3ca294,0x1dd2dea254a9b9244d2de4139042c65ab9ecdaae,0x85118f90e7176d545866c9f5bd9ab6ba4758454cc599a709623a285044a13862
54270734,1788525470,2026-09-04T12:37:50Z,1788525458,12,0x2b65a9e1ff6b36a76e50a383a2d2702cd9e78047,0x5d4faed290f0422c7b33586aa772d81785a01d7c,0x6d099b01d7938a5fcd10737ce87e87705304e7f370481f8f5bf5b750315ae135
54271015,1788525499,2026-09-04T12:38:19Z,1788525486,13,0x7b2fdfcea772f093dd33b3acf8ee294b368f6c23,0x4af41cd301e74b05410df9f6b5fc3d99ddce7cd5,0x87ced0ea767da65949cdc972c0cebb8063c2f1caa730aa12a4c072ab436e0f7a
54271128,1788525510,2026-09-04T12:38:30Z,1788525438,72,0x815d23392a48bee944c872cbbb4bc47691ef710f,0x67a2da43031e8876acc515a21cb0d95648efd807,0x0c6713726f64672dfb72900b41183f1ac215861fbca57f3775582d92c9d68bd7
54271174,1788525515,2026-09-04T12:38:35Z,1788525502,13,0xeff19b88e3c72f046e4a19a1e62544d5869d4275,0xa211fbdde369d28efb235bcd3a77f3a77790ba94,0x1c7bf706bf4e87a8fd129a43d664bc28b055549cc479fb96da5db5ee3a5df851
54271459,1788525541,2026-09-04T12:39:01Z,1788525468,73,0x983f726bf320cdc1fdae041dba782cd08a55842f,0xbe328e128835dae56a42f1e67de4a0daeec61a5f,0xc86f335601e487ebab7890b81041c5961b14e79c2f429b9f16a9a403d9d2fcde
54271616,1788525557,2026-09-04T12:39:17Z,1788525544,13,0xd9c04b7353421fc4deb1614ed13fe10d90e586cc,0xbe328e128835dae56a42f1e67de4a0daeec61a5f,0x6fb5d2815eb307b9635769b4b803d62107b0c5f284d9a0f2fe33b4805d2c460a
54271840,1788525579,2026-09-04T12:39:39Z,1788525567,12,0x30398b0b0df82a009bb2d507bc7fe1dc6d3ca294,0x67a2da43031e8876acc515a21cb0d95648efd807,0x30225e0a7a52b3ac1fd69ec9122801500c27c8e6ad96e6f0ebb370823ed68f4f
54271945,1788525590,2026-09-04T12:39:50Z,1788525578,12,0x2b65a9e1ff6b36a76e50a383a2d2702cd9e78047,0x67a2da43031e8876acc515a21cb0d95648efd807,0x6bc66fb2b148df80b8e22a2b4df244d1b31054553f5b6a6ce6ee0bf25448df4f
54272011,1788525597,2026-09-04T12:39:57Z,1788525585,12,0x55bd01f666c99e4590e084fdeff88041bb50ccd1,0xbe328e128835dae56a42f1e67de4a0daeec61a5f,0x0a0e308518b28879517f4378661d74d975b7364494f8290eeda082bab1478d2f
54272207,1788525617,2026-09-04T12:40:17Z,1788525545,72,0x76ba75c6c362900b275d9d4d5c422f0275e85578,0xbe328e128835dae56a42f1e67de4a0daeec61a5f,0xe8a2914151e0fcb46b279313fe7bb4a4001842bc0a8d8192e6b9e45b7b1d42e5
54272237,1788525620,2026-09-04T12:40:20Z,1788525608,12,0x2b65a9e1ff6b36a76e50a383a2d2702cd9e78047,0x1dd2dea254a9b9244d2de4139042c65ab9ecdaae,0xb01b1570faed0bf21133396bf6ce031603cac574263cf17286129d96cc9ff3eb
54272424,1788525639,2026-09-04T12:40:39Z,1788525588,51,0x815d23392a48bee944c872cbbb4bc47691ef710f,0x2df4c8f0095d7323a1521ce82fbf21629fdba7df,0xa8557a16b74d78f2f45ab5b644a0c384626e9438ab6f2d692df9494f4a5402af
54272533,1788525650,2026-09-04T12:40:50Z,1788525638,12,0x2b65a9e1ff6b36a76e50a383a2d2702cd9e78047,0x5d4faed290f0422c7b33586aa772d81785a01d7c,0x031ade143f8100ea0abdbba1ce82e021d11350f7f1a2708a1ee7bcf5d121c813
54272629,1788525660,2026-09-04T12:41:00Z,1788525648,12,0x815d23392a48bee944c872cbbb4bc47691ef710f,0x5d4faed290f0422c7b33586aa772d81785a01d7c,0xe0f345de92c52472325f7dd0fbf42b201902d694478f4fc9f4d8b13e9e4afc98
54272643,1788525661,2026-09-04T12:41:01Z,1788525589,72,0x5eaa223c585f40cdca2d119ea91b97c491245631,0x67a2da43031e8876acc515a21cb0d95648efd807,0xb175f935889d171f5f568078f371af2fab277cc000c9231df93cffb5c547d9cc
54272756,1788525674,2026-09-04T12:41:14Z,1788525662,12,0x901d8df245e48dfc82d6483fc45b5be6ddc5281a,0x2df4c8f0095d7323a1521ce82fbf21629fdba7df,0xdb0870625bb7c935776327b59a17f9bfd17cc80aaa516f80a4eacb3c231e070e
54272820,1788525681,2026-09-04T12:41:21Z,1788525669,12,0x4a9abc759e0b7b0ba98b5fd39c419a5d3e962aaf,0x2df4c8f0095d7323a1521ce82fbf21629fdba7df,0xaf594dee1ec2ec276fd9156949b86e8caef0a43a93d692e4a10c9a6792861186
54272837,1788525683,2026-09-04T12:41:23Z,1788525670,13,0x3d2a8e2937f306d11829d95059deda9a290c74da,0xa211fbdde369d28efb235bcd3a77f3a77790ba94,0x5a9fc4d72bc8ab4373d2d4a36192771b526fa44df37a244a25104ae3c0b92b23
54272850,1788525684,2026-09-04T12:41:24Z,1788525672,12,0x6091e64eb7138eef066a80fd3a0d7427b91f2721,0x4fea9e9741b57bbaad4cf0e60e99a983bb908b3b,0x7a86f69d53414950c7046a6c05b9a270fb76845ab851c8d2b778257fad57cc5a
54272929,1788525692,2026-09-04T12:41:32Z,1788525680,12,0x94201f15c0b7701d3f93f3c780042e6a76214104,0x4fea9e9741b57bbaad4cf0e60e99a983bb908b3b,0xddd74384f1bc4ce87d8c598f0a4f930f582032456198650a55f735b7325357e2
54272959,1788525695,2026-09-04T12:41:35Z,1788525682,13,0x76ba75c6c362900b275d9d4d5c422f0275e85578,0xbe328e128835dae56a42f1e67de4a0daeec61a5f,0xedf9ef23882a3cc6115d3d8e453f090d5ccc49b4d39f07afd95f245c29c033d8
54273073,1788525706,2026-09-04T12:41:46Z,1788525694,12,0xd9c04b7353421fc4deb1614ed13fe10d90e586cc,0x4fea9e9741b57bbaad4cf0e60e99a983bb908b3b,0x18a86b652067f3372caaa05edb03b6dc6491b252870f636e4a7321f682693269
54273504,1788525750,2026-09-04T12:42:30Z,1788525678,72,0x815d23392a48bee944c872cbbb4bc47691ef710f,0x83b351d4ed8de251ccf65fd44b42d27c41b5d8a6,0x283065637d27c08d37214972f81e88e544fb4b6a67c83146fd0cf866ebf40134
54273515,1788525751,2026-09-04T12:42:31Z,1788525738,13,0x983f726bf320cdc1fdae041dba782cd08a55842f,0xbe328e128835dae56a42f1e67de4a0daeec61a5f,0x1ec0b9363de82eec831593c0abe68f376d5bde8fb6c173ae7c433b9a363bb5ea
54273553,1788525755,2026-09-04T12:42:35Z,1788525743,12,0xeff19b88e3c72f046e4a19a1e62544d5869d4275,0x67a2da43031e8876acc515a21cb0d95648efd807,0x2e39cf29f466b6f39a00809f19c0882f42c549c8292d49222560a835d8869342
54273594,1788525759,2026-09-04T12:42:39Z,1788525627,132,0x30398b0b0df82a009bb2d507bc7fe1dc6d3ca294,0x4fea9e9741b57bbaad4cf0e60e99a983bb908b3b,0x0d000422afb445f80d70799abb5b0e8083f03f39d9c435ea8aa8fe49694f9098
54273661,1788525766,2026-09-04T12:42:46Z,1788525754,12,0xe50c4775fefc1e3c9206771dd0056aee30f51b2f,0x5d4faed290f0422c7b33586aa772d81785a01d7c,0x14d50f4929ff3f7028ea7e99883881c37987d4707c5de374c17d5f27fe40adfd
54273680,1788525768,2026-09-04T12:42:48Z,1788525756,12,0x42b1c5174ce84be751a23489d7dbdc969bc17ea2,0xa211fbdde369d28efb235bcd3a77f3a77790ba94,0xdfe8b44490e7070330f966dff9582c873409574685033fa1532a7fe4ea6ab3a7
54273708,1788525771,2026-09-04T12:42:51Z,1788525699,72,0x4a9abc759e0b7b0ba98b5fd39c419a5d3e962aaf,0x1dd2dea254a9b9244d2de4139042c65ab9ecdaae,0x97e1fdb652fddd07157a9993bd59d67279ac930a739036009850ec49096ed106
54273814,1788525782,2026-09-04T12:43:02Z,1788525710,72,0x94201f15c0b7701d3f93f3c780042e6a76214104,0x4fea9e9741b57bbaad4cf0e60e99a983bb908b3b,0x3cf23a40f67c01968d98e169e2897d5c3a68308ee1cdff9c093ad6177c69a027
54273887,1788525789,2026-09-04T12:43:09Z,1788525777,12,0x30398b0b0df82a009bb2d507bc7fe1dc6d3ca294,0xa211fbdde369d28efb235bcd3a77f3a77790ba94,0x68469b99dfc56414f276dfdf30b8c0454849bfd7135b780a245f86c5faf50799
54273934,1788525794,2026-09-04T12:43:14Z,1788525782,12,0x55bd01f666c99e4590e084fdeff88041bb50ccd1,0x2df4c8f0095d7323a1521ce82fbf21629fdba7df,0x2d487c034c4ad31befe5fdaddd198684e8c71e8ff86a577b5c717bc9b86e21d1
54273956,1788525796,2026-09-04T12:43:16Z,1788525724,72,0xd9c04b7353421fc4deb1614ed13fe10d90e586cc,0x4fea9e9741b57bbaad4cf0e60e99a983bb908b3b,0xa130efdcf646d21019dd1e5c11bebcd711cf5c97a084f4208a240f7084bb97bb
54274233,1788525825,2026-09-04T12:43:45Z,1788525692,133,0x901d8df245e48dfc82d6483fc45b5be6ddc5281a,0x1dd2dea254a9b9244d2de4139042c65ab9ecdaae,0xe815bb1744dba0e7dd3180f5b62e3c7b8fa643b1e2d46d544146eff0659ac6e1
54274311,1788525833,2026-09-04T12:43:53Z,1788525700,133,0x3d2a8e2937f306d11829d95059deda9a290c74da,0x1dd2dea254a9b9244d2de4139042c65ab9ecdaae,0x3c3b5fcaa61fbc18ec0fe97d8a2cf9f589b01b2a76b090319064e463ed7c07af
54274323,1788525834,2026-09-04T12:43:54Z,1788525702,132,0x6091e64eb7138eef066a80fd3a0d7427b91f2721,0x4fea9e9741b57bbaad4cf0e60e99a983bb908b3b,0x71f5594a22bcade935dc95249bb2a323989f888501e7d481eedd34b5ba24e984
54274385,1788525840,2026-09-04T12:44:00Z,1788525828,12,0x815d23392a48bee944c872cbbb4bc47691ef710f,0x1dd2dea254a9b9244d2de4139042c65ab9ecdaae,0x8ff9d720c2e671c1cd3cf088b021e080f508b10a4d927fc9f81c790afedc5376
54274429,1788525845,2026-09-04T12:44:05Z,1788525773,72,0xeff19b88e3c72f046e4a19a1e62544d5869d4275,0x4fea9e9741b57bbaad4cf0e60e99a983bb908b3b,0x10d6c812fb130fa1424375470ca4074d2d012f649a3722f39a7927427a81904a
54274431,1788525845,2026-09-04T12:44:05Z,1788525712,133,0x76ba75c6c362900b275d9d4d5c422f0275e85578,0xa211fbdde369d28efb235bcd3a77f3a77790ba94,0x1287b60f39a0509257b891f4563dcc1904bb253f0d9698caf91eb6191bfca47f
54274558,1788525858,2026-09-04T12:44:18Z,1788525786,72,0x42b1c5174ce84be751a23489d7dbdc969bc17ea2,0xa211fbdde369d28efb235bcd3a77f3a77790ba94,0xac53da7914f8a2a4d82a0fe4dbcfc576e09083a74642d77924ee6fcd6ac1be07
54274678,1788525870,2026-09-04T12:44:30Z,1788525858,12,0x815d23392a48bee944c872cbbb4bc47691ef710f,0xa211fbdde369d28efb235bcd3a77f3a77790ba94,0x15dab237195699a4c6b015693621bdfe69930f9dc6a9cce3cac7715369d92a43
54274771,1788525880,2026-09-04T12:44:40Z,1788525867,13,0x30398b0b0df82a009bb2d507bc7fe1dc6d3ca294,0x67a2da43031e8876acc515a21cb0d95648efd807,0xde9217ecdbeacb8b98957e777f72c605c0aed5326d7e6bd475d2b253632f7158
54274816,1788525884,2026-09-04T12:44:44Z,1788525872,12,0x55bd01f666c99e4590e084fdeff88041bb50ccd1,0xbe328e128835dae56a42f1e67de4a0daeec61a5f,0xb63541bba8e8113d55804ebc66dd2adf6aacb143db68d85ec988e422d1ba9c06
54274976,1788525900,2026-09-04T12:45:00Z,1788525888,12,0x815d23392a48bee944c872cbbb4bc47691ef710f,0x5d4faed290f0422c7b33586aa772d81785a01d7c,0xb9365e4c43ee5b6f9040ecba1ec233bbe6d54aaf4967892a9dc516eb9999a01c
54274982,1788525901,2026-09-04T12:45:01Z,1788525768,133,0x983f726bf320cdc1fdae041dba782cd08a55842f,0xa211fbdde369d28efb235bcd3a77f3a77790ba94,0xdf1e1d4f3dba0315c6663e244a0473921f0e0732e9e41dfa4f2f922bb1552611
54275197,1788525923,2026-09-04T12:45:23Z,1788525910,13,0x3d2a8e2937f306d11829d95059deda9a290c74da,0x4fea9e9741b57bbaad4cf0e60e99a983bb908b3b,0x25f093dde2a346c54a130d0e09b54b7227d993e66c95165b860bad4896a70aba
54275211,1788525924,2026-09-04T12:45:24Z,1788525912,12,0x6091e64eb7138eef066a80fd3a0d7427b91f2721,0x1dd2dea254a9b9244d2de4139042c65ab9ecdaae,0x64b9d3458f192659da5d927be0a7587ff4a21576e07d014b8906905850485c2c
54275294,1788525932,2026-09-04T12:45:32Z,1788525920,12,0x94201f15c0b7701d3f93f3c780042e6a76214104,0x4fea9e9741b57bbaad4cf0e60e99a983bb908b3b,0x62ed4becd5c59d7797f33d284e9d3a63d0b04a53bd673daaac7eb7525d3b0720
54275365,1788525939,2026-09-04T12:45:39Z,1788525927,12,0xeff19b88e3c72f046e4a19a1e62544d5869d4275,0xbe328e128835dae56a42f1e67de4a0daeec61a5f,0x1632d2f8a41be4b2f4eef2a357280a86b68df18efbaa50d69e44e720912a2e7e
54275367,1788525939,2026-09-04T12:45:39Z,1788525927,12,0x30398b0b0df82a009bb2d507bc7fe1dc6d3ca294,0x4af41cd301e74b05410df9f6b5fc3d99ddce7cd5,0x0c3661ab3df25d121b36909a188d8999672fef91ffa13c153bf1c7f71f3c3ce2
54275397,1788525942,2026-09-04T12:45:42Z,1788525930,12,0x145db0a26222934d32a0bd539863158afb5ee30b,0x5d4faed290f0422c7b33586aa772d81785a01d7c,0x2ea76cb5063fe5dc5550271f070cdf74ce40999e52a1be285e7be97e739e88eb
54275432,1788525946,2026-09-04T12:45:46Z,1788525874,72,0xe50c4775fefc1e3c9206771dd0056aee30f51b2f,0x67a2da43031e8876acc515a21cb0d95648efd807,0xa156eec7e68f82f5b65810eac52d1ef3ea21b2e337aac2abc879eb8aa237c95d
54275466,1788525949,2026-09-04T12:45:49Z,1788525937,12,0xcdf6f7043b3af6afa0caaace1230b355096b5386,0x2df4c8f0095d7323a1521ce82fbf21629fdba7df,0x0ac8739550bdc3a0b8a3be39d1419425f0c897873e5b80589018122ec27acc77
54275501,1788525953,2026-09-04T12:45:53Z,1788525940,13,0x3d2a8e2937f306d11829d95059deda9a290c74da,0x1dd2dea254a9b9244d2de4139042c65ab9ecdaae,0xe8af8b6f9cb69db5ebf280357c93cd15b93f879d3ff35dd399a9ad7fe9bb17ac
54275577,1788525961,2026-09-04T12:46:01Z,1788525949,12,0x983f726bf320cdc1fdae041dba782cd08a55842f,0x1dd2dea254a9b9244d2de4139042c65ab9ecdaae,0x070a1c34a20c165e0ba160f1e1ad1f7c92b526bb6dd319deb372566e35f61af5
54275588,1788525962,2026-09-04T12:46:02Z,1788525950,12,0x94201f15c0b7701d3f93f3c780042e6a76214104,0x4fea9e9741b57bbaad4cf0e60e99a983bb908b3b,0x78aa6e629f948c083c2b51df292ce1422d3ab434077081648807156b43d23c8f
54275624,1788525966,2026-09-04T12:46:06Z,1788525953,13,0x7b2fdfcea772f093dd33b3acf8ee294b368f6c23,0x1dd2dea254a9b9244d2de4139042c65ab9ecdaae,0x126b4ee32b13fbb482632c7767f6d1006c5eafa2a30f537270eb3dc0a77f028f
54275671,1788525970,2026-09-04T12:46:10Z,1788525958,12,0xfaa5fda549575e3b602ad70e4bd8020a28387f96,0x4fea9e9741b57bbaad4cf0e60e99a983bb908b3b,0xcf733a8b1faf49d8bacffd72176dc6828b92e1b6a0092514597da9c1e45fb565
54275708,1788525974,2026-09-04T12:46:14Z,1788525902,72,0x55bd01f666c99e4590e084fdeff88041bb50ccd1,0x1dd2dea254a9b9244d2de4139042c65ab9ecdaae,0xdfc30f0ccf3339c26fb3ad4c20744bb4d3beaa1e842d1c6a3cb9908e61de8726
54275710,1788525974,2026-09-04T12:46:14Z,1788525902,72,0x901d8df245e48dfc82d6483fc45b5be6ddc5281a,0x2df4c8f0095d7323a1521ce82fbf21629fdba7df,0x2e7a549972b946c363f371d256f62718b163c5e776e9123349adcbfd0b8d82b8
54275725,1788525976,2026-09-04T12:46:16Z,1788525964,12,0xe50c4775fefc1e3c9206771dd0056aee30f51b2f,0xa211fbdde369d28efb235bcd3a77f3a77790ba94,0x95c9d4d1a05a8d8cdb82a42c7f796ebba20ddba466c462d8b6e8551c4f7654e4
54275865,1788525990,2026-09-04T12:46:30Z,1788525918,72,0x815d23392a48bee944c872cbbb4bc47691ef710f,0xa211fbdde369d28efb235bcd3a77f3a77790ba94,0x1a6bdeca841ef2a8adf9cc6e09a21f11a34b186f83125af4b8dea43700eefc52
54275953,1788525999,2026-09-04T12:46:39Z,1788525987,12,0x30398b0b0df82a009bb2d507bc7fe1dc6d3ca294,0xa211fbdde369d28efb235bcd3a77f3a77790ba94,0xc8981758be3d29639f1b64a15ea771e3f3f85d4346311cb4f24660e2e1f14b90
54276005,1788526004,2026-09-04T12:46:44Z,1788525992,12,0x901d8df245e48dfc82d6483fc45b5be6ddc5281a,0x2df4c8f0095d7323a1521ce82fbf21629fdba7df,0xa090807923ab67b9a6c0a5275c6b3983aa01440ba55a4c4e5b131e82703e9cd5
54276020,1788526006,2026-09-04T12:46:46Z,1788525994,12,0xe50c4775fefc1e3c9206771dd0056aee30f51b2f,0x67a2da43031e8876acc515a21cb0d95648efd807,0xbc7cd0eee79eceb998f2ca07ed41ead6112441144cd1ffabf234f20de9af5b3c
54276028,1788526007,2026-09-04T12:46:47Z,1788525994,13,0xd6fe4540bdf692cbe147fe19f75f9fd542d733bd,0xa211fbdde369d28efb235bcd3a77f3a77790ba94,0xa7f7701a830c67511496e0be0033a9c1fc430fbb609a73e62fcb30f591334612
54276033,1788526007,2026-09-04T12:46:47Z,1788525995,12,0x815d23392a48bee944c872cbbb4bc47691ef710f,0x5d4faed290f0422c7b33586aa772d81785a01d7c,0x98897f40f6266d3c9cb8ed38df0982721c59a611e583978e60b39792967ca601
54276060,1788526010,2026-09-04T12:46:50Z,1788525938,72,0x2b65a9e1ff6b36a76e50a383a2d2702cd9e78047,0x5d4faed290f0422c7b33586aa772d81785a01d7c,0x35e19c09c19338bca1fb1ea1469645f9a86cda2d7dd1f15adcc5fb3935a4597c
54276097,1788526014,2026-09-04T12:46:54Z,1788525942,72,0x6091e64eb7138eef066a80fd3a0d7427b91f2721,0x5d4faed290f0422c7b33586aa772d81785a01d7c,0x929be1c07b4cea29c67786e956ca22df6085969fc423ee14414d9f48135d90b4
54276250,1788526029,2026-09-04T12:47:09Z,1788526017,12,0x30398b0b0df82a009bb2d507bc7fe1dc6d3ca294,0xa211fbdde369d28efb235bcd3a77f3a77790ba94,0x9d159318fe80c8f0089e412adf44167a1188c13215a396935ec0a1182e554a1a
54276271,1788526031,2026-09-04T12:47:11Z,1788526019,12,0x95fb52f75aecbca8e12aa4403f840c8bc18cfbd4,0xa211fbdde369d28efb235bcd3a77f3a77790ba94,0xb81e68c0bf190a578f8eec6e3a2be78f6c7d868faf664bf96cd257a065f8632a
54276282,1788526033,2026-09-04T12:47:13Z,1788525960,73,0x145db0a26222934d32a0bd539863158afb5ee30b,0xa211fbdde369d28efb235bcd3a77f3a77790ba94,0xbb7e6f085ffd5aa403b59f8e0baefb9cbee69af04a0d0daf79e7f1b532a06dfe
54276285,1788526033,2026-09-04T12:47:13Z,1788526020,13,0x145db0a26222934d32a0bd539863158afb5ee30b,0x1dd2dea254a9b9244d2de4139042c65ab9ecdaae,0xbf1cff1b0580444c5583c1bd9f0305f3e46b487238f16a83e17e4960648db6df
54276384,1788526043,2026-09-04T12:47:23Z,1788526030,13,0x3d2a8e2937f306d11829d95059deda9a290c74da,0x2df4c8f0095d7323a1521ce82fbf21629fdba7df,0x3a3e5d8ac347ee711e9867f2858d7702d06ef18b8e02857b3fa20c9ffa7ae182
54276444,1788526049,2026-09-04T12:47:29Z,1788525977,72,0xc5845f87ad59a7a3d4bf9b90a0c19dba38475eec,0xa211fbdde369d28efb235bcd3a77f3a77790ba94,0x2b632a8c6832cfe69c081ce76a79cc3854f80751362c86f3867382a51e71cfdf
54276450,1788526050,2026-09-04T12:47:30Z,1788526037,13,0x886e11c1053289eed882c734e1864efe3430bc24,0xa211fbdde369d28efb235bcd3a77f3a77790ba94,0xebb05e9f026b53bd4b90ca998832228348f4e3f5974110db331a5ed72eb04818
54276454,1788526050,2026-09-04T12:47:30Z,1788526038,12,0x59ab60b1d63de8b282852573d18a3a99c04c787c,0x5d4faed290f0422c7b33586aa772d81785a01d7c,0xcfc244b36f3b203c6b5099a6b1374ffb9281a7fb90e423bcc339c41878dbea30
54276505,1788526055,2026-09-04T12:47:35Z,1788525983,72,0x42b1c5174ce84be751a23489d7dbdc969bc17ea2,0x2df4c8f0095d7323a1521ce82fbf21629fdba7df,0x8a2fb961a528d0edf984d0015bb759d96960a779d838056b2ee61d412010886c
54276509,1788526056,2026-09-04T12:47:36Z,1788525983,73,0x7b2fdfcea772f093dd33b3acf8ee294b368f6c23,0xa211fbdde369d28efb235bcd3a77f3a77790ba94,0x38cd6ee7ba1e8aaeea6a2104a6e4b26e2d09005c5d9f2536a447db791bde3925
54276512,1788526056,2026-09-04T12:47:36Z,1788526043,13,0x7b2fdfcea772f093dd33b3acf8ee294b368f6c23,0x1dd2dea254a9b9244d2de4139042c65ab9ecdaae,0x358ee9443f2660fcb96e4e6243bb2a9f0c90239df0d5ba3fa1f070fd742049b3
54276546,1788526059,2026-09-04T12:47:39Z,1788526047,12,0x30398b0b0df82a009bb2d507bc7fe1dc6d3ca294,0xa211fbdde369d28efb235bcd3a77f3a77790ba94,0xd5a34d205deb0054379bee6463e293536652bde2b9483f33b9c3b40232100132
54276563,1788526061,2026-09-04T12:47:41Z,1788526049,12,0xdad54b8ee51af258e5a6faa9a84a3300f4775f7d,0x5d4faed290f0422c7b33586aa772d81785a01d7c,0xc87857e25ca7dcc2424152ef8fe08dfb32d498fe6ea898d2c2c57f68aca9eab7
54276593,1788526064,2026-09-04T12:47:44Z,1788525932,132,0x55bd01f666c99e4590e084fdeff88041bb50ccd1,0x67a2da43031e8876acc515a21cb0d95648efd807,0x7a4fb30b0ef8e823ca59576e059da5d240bbedf48df24a0d695e4ef0070b2dab
54276598,1788526065,2026-09-04T12:47:45Z,1788526052,13,0x901d8df245e48dfc82d6483fc45b5be6ddc5281a,0x1dd2dea254a9b9244d2de4139042c65ab9ecdaae,0xe854fdda6059c73992184a2e36476176729d825000a8d19d4ccc4d4ff988f3a9
54276618,1788526067,2026-09-04T12:47:47Z,1788526054,13,0xd6fe4540bdf692cbe147fe19f75f9fd542d733bd,0x1dd2dea254a9b9244d2de4139042c65ab9ecdaae,0x8940b0972b7c3bb27504e9173310be8048f3b0660141ddff879ccad22f60f3a5
54276665,1788526071,2026-09-04T12:47:51Z,1788526059,12,0xc9d16e4f2569b9e3ea0468fd85844953713dc2a2,0xa211fbdde369d28efb235bcd3a77f3a77790ba94,0xad68f9720d66c46d0ab06fcf1fd3bed5b3e4175a247d60a64e787ff817a8209d
54276802,1788526085,2026-09-04T12:48:05Z,1788526073,12,0x42b1c5174ce84be751a23489d7dbdc969bc17ea2,0x1dd2dea254a9b9244d2de4139042c65ab9ecdaae,0x662b2f673bfd518afaf54e2b1dffcba8b06f6118d03604987bffb1c3e3cf0813
54276842,1788526089,2026-09-04T12:48:09Z,1788525957,132,0xeff19b88e3c72f046e4a19a1e62544d5869d4275,0xa211fbdde369d28efb235bcd3a77f3a77790ba94,0x873b71b36cd66581b4017508b6240ae9db01b473d53a67eb7e8b433e08f7cfb6
54276855,1788526091,2026-09-04T12:48:11Z,1788526018,73,0xfaa5fda549575e3b602ad70e4bd8020a28387f96,0x1dd2dea254a9b9244d2de4139042c65ab9ecdaae,0xb4d46f56a9e7f5abba3d4ada0c19a014881ab9bd0be7fae9ff7ae33f52fd2ac2
54276890,1788526094,2026-09-04T12:48:14Z,1788525962,132,0x55bd01f666c99e4590e084fdeff88041bb50ccd1,0x1dd2dea254a9b9244d2de4139042c65ab9ecdaae,0x57e299143a1095aa46fa0ac8ac69a9978e014dc13cd0c40f2cb7003743ccbc5b
54276895,1788526095,2026-09-04T12:48:15Z,1788526022,73,0x55bd01f666c99e4590e084fdeff88041bb50ccd1,0x4af41cd301e74b05410df9f6b5fc3d99ddce7cd5,0x517228a1a4acfc0af36569693c81eefb36c7849dc91b9a13a0016bb4efce4e45
54276912,1788526096,2026-09-04T12:48:16Z,1788526024,72,0xd9c04b7353421fc4deb1614ed13fe10d90e586cc,0x2df4c8f0095d7323a1521ce82fbf21629fdba7df,0xcc65d35f3952b13fe2c112c035663ab8724604235897299c6d64c28757abc6d4
54276914,1788526097,2026-09-04T12:48:17Z,1788526084,13,0xd6fe4540bdf692cbe147fe19f75f9fd542d733bd,0x1dd2dea254a9b9244d2de4139042c65ab9ecdaae,0xf08982e0f42d0f64312c200ba23c925185e32b657e53c12bc39fb3409ec03846
54276922,1788526097,2026-09-04T12:48:17Z,1788526085,12,0x815d23392a48bee944c872cbbb4bc47691ef710f,0x1dd2dea254a9b9244d2de4139042c65ab9ecdaae,0x1a9df9d33d63aaa843ef5596943a0c009b5afbf7fcc83bc440138534bcd10f9c
54277065,1788526112,2026-09-04T12:48:32Z,1788525980,132,0x94201f15c0b7701d3f93f3c780042e6a76214104,0xa211fbdde369d28efb235bcd3a77f3a77790ba94,0xda74d824259e81a05224d37cba5f7ad67da1dbcd92411127793ec9c8ba21d5ae
54277135,1788526119,2026-09-04T12:48:39Z,1788525987,132,0xeff19b88e3c72f046e4a19a1e62544d5869d4275,0x4fea9e9741b57bbaad4cf0e60e99a983bb908b3b,0xa564428960dd1946f7d19144ae81d559fad8a87496753aa154b81b23ed02d106
54277136,1788526119,2026-09-04T12:48:39Z,1788526047,72,0xeff19b88e3c72f046e4a19a1e62544d5869d4275,0x5d4faed290f0422c7b33586aa772d81785a01d7c,0x0203528862163dcae7fe492809d8abd4c83e327c35ca9cb8f08fbd5498b4d22e
54277159,1788526122,2026-09-04T12:48:42Z,1788526049,73,0x95fb52f75aecbca8e12aa4403f840c8bc18cfbd4,0xa211fbdde369d28efb235bcd3a77f3a77790ba94,0x21f60f33f96f2214e3a9e723c0ad6d628036b54755799611e941c7f98f36da44
54277206,1788526126,2026-09-04T12:48:46Z,1788526054,72,0xe50c4775fefc1e3c9206771dd0056aee30f51b2f,0x1dd2dea254a9b9244d2de4139042c65ab9ecdaae,0xe8761286eae20f5d7e666ac2cd4288a8d8c33d1ce0364c8dbe2a6f1d43bbf747
54277207,1788526127,2026-09-04T12:48:47Z,1788526114,13,0xd9c04b7353421fc4deb1614ed13fe10d90e586cc,0xbe328e128835dae56a42f1e67de4a0daeec61a5f,0xb3dab2b8ca74e1a807ad126c0ad0511b508108edc94561d4b762e6471f8c1ab9
54277209,1788526127,2026-09-04T12:48:47Z,1788526114,13,0xd6fe4540bdf692cbe147fe19f75f9fd542d733bd,0x1dd2dea254a9b9244d2de4139042c65ab9ecdaae,0xcc96a3f3e66eae5db65e7ec3667c8dad93b1653ba181ba9f123fccce7fea6c12
54277252,1788526131,2026-09-04T12:48:51Z,1788526119,12,0x4a9abc759e0b7b0ba98b5fd39c419a5d3e962aaf,0x2df4c8f0095d7323a1521ce82fbf21629fdba7df,0xc098eeb978ff9951054510dad24bd6473d16c426da801deff7903e1560cae689
54277335,1788526140,2026-09-04T12:49:00Z,1788526067,73,0x886e11c1053289eed882c734e1864efe3430bc24,0xa211fbdde369d28efb235bcd3a77f3a77790ba94,0xa5c0497d765f5d31dbd01e5f41ae268c09f3d0b6fabf256fc04d5bb158ffd4f0
54277336,1788526140,2026-09-04T12:49:00Z,1788526127,13,0x886e11c1053289eed882c734e1864efe3430bc24,0x83b351d4ed8de251ccf65fd44b42d27c41b5d8a6,0x73fed570c2c3e6a0a7e1c7aaa7797fbaaee141876f62ae0d5be3768845dd3d32
54277338,1788526140,2026-09-04T12:49:00Z,1788526068,72,0x59ab60b1d63de8b282852573d18a3a99c04c787c,0x1dd2dea254a9b9244d2de4139042c65ab9ecdaae,0xc42f2ffbef7bff1ac31d2a8c82b532b3737edf159f2e1e8e2594b6b7773a298d
54277395,1788526146,2026-09-04T12:49:06Z,1788526073,73,0x7b2fdfcea772f093dd33b3acf8ee294b368f6c23,0x83b351d4ed8de251ccf65fd44b42d27c41b5d8a6,0x54a20745e726bcb9108019bc0dade292430de3a4327e511b368a42398c237a25
54277448,1788526151,2026-09-04T12:49:11Z,1788526079,72,0xdad54b8ee51af258e5a6faa9a84a3300f4775f7d,0xa211fbdde369d28efb235bcd3a77f3a77790ba94,0x4e7b465642897418db87fae699c6d610b654c963c66d3b801e1aa5c3daba9976
54277451,1788526151,2026-09-04T12:49:11Z,1788526139,12,0x95fb52f75aecbca8e12aa4403f840c8bc18cfbd4,0xa211fbdde369d28efb235bcd3a77f3a77790ba94,0x23e30d1589d5db7eb73571a382e5813c88b20b39889b0604b21c9ef247e7b601
54277496,1788526156,2026-09-04T12:49:16Z,1788526084,72,0xe50c4775fefc1e3c9206771dd0056aee30f51b2f,0x83b351d4ed8de251ccf65fd44b42d27c41b5d8a6,0xfbbea90ad8993f5fa40e2502b98bfa7796d17a73d01c4612bf39495af38c2210
54277531,1788526160,2026-09-04T12:49:20Z,1788526027,133,0xcdf6f7043b3af6afa0caaace1230b355096b5386,0x1dd2dea254a9b9244d2de4139042c65ab9ecdaae,0xe7ced782b1b0b0ceb9dbaaf200dfc2f379f000e14329f73cf3d4cac0b84de405
54277536,1788526160,2026-09-04T12:49:20Z,1788526028,132,0x2b65a9e1ff6b36a76e50a383a2d2702cd9e78047,0xa211fbdde369d28efb235bcd3a77f3a77790ba94,0x297511366fb924bd29ae6a2d0534c42a6e04268a225704d730eb50f3ef6c6ef3
54277826,1788526189,2026-09-04T12:49:49Z,1788526057,132,0xcdf6f7043b3af6afa0caaace1230b355096b5386,0x2df4c8f0095d7323a1521ce82fbf21629fdba7df,0xd70e4488fcc04ba880fb7aa3f3cb39cddb6ea45d1820f6cafbfc1eeb4945ecf2
54277851,1788526192,2026-09-04T12:49:52Z,1788526169,23,0xd6ed4e7d4aba1111eb42a349899b5c72ee1c9fef,0x67a2da43031e8876acc515a21cb0d95648efd807,0xed61ecfb8ae6d4f78c8fe102456f88d5e32d89b9045f1e45372367d1d1deddc0
54277851,1788526192,2026-09-04T12:49:52Z,1788526179,13,0xd9c04b7353421fc4deb1614ed13fe10d90e586cc,0x1dd2dea254a9b9244d2de4139042c65ab9ecdaae,0x0f2f55dc0e589ce20da1b177e0b1f086a544cc2a37f0bfaeaaae0f49bcf9b2d3
54277859,1788526193,2026-09-04T12:49:53Z,1788526180,13,0x3d2a8e2937f306d11829d95059deda9a290c74da,0x83b351d4ed8de251ccf65fd44b42d27c41b5d8a6,0x2f9a79a812a0859d11f96cdf7c36900912f034bc464a68dec5f00c6e0868761d
54277962,1788526203,2026-09-04T12:50:03Z,1788526191,12,0x983f726bf320cdc1fdae041dba782cd08a55842f,0x83b351d4ed8de251ccf65fd44b42d27c41b5d8a6,0x38480c2c394242f7856654f6f02d2ddaea8194cc576364cf28cd5b64b4bf8115
54278022,1788526209,2026-09-04T12:50:09Z,1788526077,132,0xeff19b88e3c72f046e4a19a1e62544d5869d4275,0x4fea9e9741b57bbaad4cf0e60e99a983bb908b3b,0xc97d7d4c6f6744b0a6a68545613ad36d7b4c5ef2a00827dcc076d86a8615d206
54278045,1788526212,2026-09-04T12:50:12Z,1788526199,13,0xcdf6f7043b3af6afa0caaace1230b355096b5386,0x2df4c8f0095d7323a1521ce82fbf21629fdba7df,0x0ac6cdfa4bcc8671fa9ec422600b01ebcc6889a16e988911ca5bf4a500c9eff7
54278074,1788526214,2026-09-04T12:50:14Z,1788526142,72,0x55bd01f666c99e4590e084fdeff88041bb50ccd1,0x83b351d4ed8de251ccf65fd44b42d27c41b5d8a6,0xb1d43cc44980636aef5b6ba3a93c88d86902ccda6c6d0d57c398633a0b39f8f5
54278076,1788526215,2026-09-04T12:50:15Z,1788526082,133,0x901d8df245e48dfc82d6483fc45b5be6ddc5281a,0x1dd2dea254a9b9244d2de4139042c65ab9ecdaae,0xe7df8d449bd1ba9b48e39ee1bc1f2033e9086ab242ea20169964b9b9b0becbbb
54278144,1788526222,2026-09-04T12:50:22Z,1788526089,133,0xc9d16e4f2569b9e3ea0468fd85844953713dc2a2,0x1dd2dea254a9b9244d2de4139042c65ab9ecdaae,0xf2b69d0233604904c6ce03ad01d424fab181403dbb7ed39820cd3cbb8c211d7e
54278147,1788526222,2026-09-04T12:50:22Z,1788526150,72,0x76ba75c6c362900b275d9d4d5c422f0275e85578,0xbe328e128835dae56a42f1e67de4a0daeec61a5f,0x9903d3b94ed4eb500e6990d7da6e32de93990d3d83b9f1fb056e17f56a4c1916
54278228,1788526230,2026-09-04T12:50:30Z,1788526158,72,0x59ab60b1d63de8b282852573d18a3a99c04c787c,0x1dd2dea254a9b9244d2de4139042c65ab9ecdaae,0x85c5cf97c4ded4891552b9cc0ad1fa0cb7f576a4eb953d866cc4dc3b4ff603d5
54278281,1788526235,2026-09-04T12:50:35Z,1788526103,132,0x42b1c5174ce84be751a23489d7dbdc969bc17ea2,0xa211fbdde369d28efb235bcd3a77f3a77790ba94,0xb235b8fc12f14b8497ddc352dc28903b8f6842e2d82514561df182036514710f
54278317,1788526239,2026-09-04T12:50:39Z,1788526167,72,0xeff19b88e3c72f046e4a19a1e62544d5869d4275,0x83b351d4ed8de251ccf65fd44b42d27c41b5d8a6,0xe9fdf7e680bb11f0b58393318716bbddf66cad549dffecaadf064f81df591d5f
54278428,1788526250,2026-09-04T12:50:50Z,1788526058,192,0x2b65a9e1ff6b36a76e50a383a2d2702cd9e78047,0x1dd2dea254a9b9244d2de4139042c65ab9ecdaae,0xa8babaa843ee88eba3fdcce76c82e8b59ac2b7990470d86fa6c4aa8b557c0904
54278721,1788526280,2026-09-04T12:51:20Z,1788526088,192,0x2b65a9e1ff6b36a76e50a383a2d2702cd9e78047,0x83b351d4ed8de251ccf65fd44b42d27c41b5d8a6,0xb9c63a91b05e13f0066df69ce723cf37d59a3af3c9e4f25f1533fbdaa906f57b
54278721,1788526280,2026-09-04T12:51:20Z,1788526148,132,0x2b65a9e1ff6b36a76e50a383a2d2702cd9e78047,0x2df4c8f0095d7323a1521ce82fbf21629fdba7df,0x0e811d50b1c701eb0c191be472810f1e572ba73828c53cec5bbf39625a12b603
54278743,1788526282,2026-09-04T12:51:22Z,1788526150,132,0x42b1c5174ce84be751a23489d7dbdc969bc17ea2,0x83b351d4ed8de251ccf65fd44b42d27c41b5d8a6,0xc97bbf13965c47e807971726352821c528f509b09d40f9a1e97698f657dc3789
54278806,1788526290,2026-09-04T12:51:30Z,1788526157,133,0x886e11c1053289eed882c734e1864efe3430bc24,0x1dd2dea254a9b9244d2de4139042c65ab9ecdaae,0xb8ba51afba768ff3c99f7965055c5c62ac7b7d62c45fd148bdd046929abbdf37
54278912,1788526301,2026-09-04T12:51:41Z,1788526048,253,0xfaa5fda549575e3b602ad70e4bd8020a28387f96,0x4fea9e9741b57bbaad4cf0e60e99a983bb908b3b,0x12025faa1d86b5e32c707efb956067d7aed8bd2613274e1c895d0b4ba4797ce3
54278937,1788526303,2026-09-04T12:51:43Z,1788526291,12,0x7b2fdfcea772f093dd33b3acf8ee294b368f6c23,0x4fea9e9741b57bbaad4cf0e60e99a983bb908b3b,0xa2630b34757264078c0bb34cd0ba8ded985385e6fee4d91c13da57e92ade1c95
54279050,1788526315,2026-09-04T12:51:55Z,1788526289,26,0x30398b0b0df82a009bb2d507bc7fe1dc6d3ca294,0x67a2da43031e8876acc515a21cb0d95648efd807,0x7e23a15cd0bb55bd83db2f2739f0b9b1991e879445f980605cd1cdfd8d34ada2
54279099,1788526319,2026-09-04T12:51:59Z,1788526306,13,0xe50c4775fefc1e3c9206771dd0056aee30f51b2f,0xbe328e128835dae56a42f1e67de4a0daeec61a5f,0xc02ea116761decb6f180d7b4b1f2999aeb71205e456a9c6578a406f9fb570d4e
54279222,1788526329,2026-09-04T12:52:09Z,1788526256,73,0xd9c04b7353421fc4deb1614ed13fe10d90e586cc,0x1dd2dea254a9b9244d2de4139042c65ab9ecdaae,0xa2d4114759b7c8f672d9c0c335aebe99479c4568cddd384e99d9989dcb21f861
54279275,1788526334,2026-09-04T12:52:14Z,1788526202,132,0x55bd01f666c99e4590e084fdeff88041bb50ccd1,0x4fea9e9741b57bbaad4cf0e60e99a983bb908b3b,0x9a5e5e555452252f2bcfe843aea20acd0b0995cbfde95e1a4cac66364d1fb5bd
54279319,1788526339,2026-09-04T12:52:19Z,1788526326,13,0x4a9abc759e0b7b0ba98b5fd39c419a5d3e962aaf,0xa211fbdde369d28efb235bcd3a77f3a77790ba94,0x63a6300279d308c6fd25fe1b39556d0f53ae48824311b53e9a180a91dcdc481d
54279457,1788526353,2026-09-04T12:52:33Z,1788526160,193,0xfaa5fda549575e3b602ad70e4bd8020a28387f96,0xa211fbdde369d28efb235bcd3a77f3a77790ba94,0xbfd8992f60593ae4bc53efaefa5eefe3045735b320e8e2a00b5760432e708163
54279495,1788526357,2026-09-04T12:52:37Z,1788526284,73,0x55bd01f666c99e4590e084fdeff88041bb50ccd1,0x2df4c8f0095d7323a1521ce82fbf21629fdba7df,0xeabbc9ab754df2fd9f80a53cb14e0e41b9a2dfc5b8c8e57a72e75ef461524f5b
54279546,1788526362,2026-09-04T12:52:42Z,1788526289,73,0xcdf6f7043b3af6afa0caaace1230b355096b5386,0xa211fbdde369d28efb235bcd3a77f3a77790ba94,0xca87fbf448673aac7bb987b51f04a9b21b87e79ac3ceadb69d2f76d267399607
54279642,1788526371,2026-09-04T12:52:51Z,1788526119,252,0xc9d16e4f2569b9e3ea0468fd85844953713dc2a2,0x83b351d4ed8de251ccf65fd44b42d27c41b5d8a6,0x5ef520c8aee1885676900000c5fc972db4a3cde9e088fac7f61ada16ac63105e
54279656,1788526373,2026-09-04T12:52:53Z,1788526180,193,0x42b1c5174ce84be751a23489d7dbdc969bc17ea2,0x4fea9e9741b57bbaad4cf0e60e99a983bb908b3b,0xec7f75756da4579eada372607ddc39a5862a7b25244e8ff632475b039b065e68
54279838,1788526391,2026-09-04T12:53:11Z,1788526259,132,0xd6ed4e7d4aba1111eb42a349899b5c72ee1c9fef,0xa211fbdde369d28efb235bcd3a77f3a77790ba94,0x1ef7ff9793db9d4f67bd0618912787cd79a5c410eeb66ee4ec96a8312e27de2c
54279838,1788526391,2026-09-04T12:53:11Z,1788526139,252,0xdad54b8ee51af258e5a6faa9a84a3300f4775f7d,0x83b351d4ed8de251ccf65fd44b42d27c41b5d8a6,0x4f651f82567c1f8aa1bc369d5fcac897289847032e3f52e72dcb9fd27f861c07
54279848,1788526392,2026-09-04T12:53:12Z,1788526356,36,0x4a9abc759e0b7b0ba98b5fd39c419a5d3e962aaf,0x67a2da43031e8876acc515a21cb0d95648efd807,0xce9459fc28ba059fa3effcf00298c13b571ca6b3900b921205e959513f42120c
54280241,1788526432,2026-09-04T12:53:52Z,1788526360,72,0x59ab60b1d63de8b282852573d18a3a99c04c787c,0xbe328e128835dae56a42f1e67de4a0daeec61a5f,0x50861f35f7a3441a6d2989c4c79de6795e48da8179f4ca7f720e3a4598f51dcf
54280270,1788526435,2026-09-04T12:53:55Z,1788526363,72,0x3d2a8e2937f306d11829d95059deda9a290c74da,0xa211fbdde369d28efb235bcd3a77f3a77790ba94,0x80788aecadbbb8ad3253fef227a27c0d46dbab860b282a681c1c73a13305b9af
54280766,1788526485,2026-09-04T12:54:45Z,1788526351,134,0x7b2fdfcea772f093dd33b3acf8ee294b368f6c23,0x4af41cd301e74b05410df9f6b5fc3d99ddce7cd5,0x75719de05c6ccdd7c31897bbbd91c26c2cccea6d39465f6f7033d1b5cfcb54eb
54281001,1788526509,2026-09-04T12:55:09Z,1788526437,72,0x901d8df245e48dfc82d6483fc45b5be6ddc5281a,0x2df4c8f0095d7323a1521ce82fbf21629fdba7df,0x6152df1bc4bc2aae424cf94826e9af1ab35ab0022d7d4c5d713547c5a203c3ee
54281031,1788526512,2026-09-04T12:55:12Z,1788526499,13,0xcdf6f7043b3af6afa0caaace1230b355096b5386,0x4af41cd301e74b05410df9f6b5fc3d99ddce7cd5,0x0ba802d1e4864f41de00dd94b7e25f1c42084e7767bd5bdc364587e9152b03cb
54281038,1788526513,2026-09-04T12:55:13Z,1788526440,73,0x2b65a9e1ff6b36a76e50a383a2d2702cd9e78047,0x1dd2dea254a9b9244d2de4139042c65ab9ecdaae,0xd413ef864370cf46cda2e45d8878b5934f79732af126b32d5eb150027fbc1f15
54281163,1788526525,2026-09-04T12:55:25Z,1788526453,72,0xfaa5fda549575e3b602ad70e4bd8020a28387f96,0x4af41cd301e74b05410df9f6b5fc3d99ddce7cd5,0xb6f083f5f61b868dca82ce1bfbccbb9e0ce8a3128b5f267fa239857c3aabbd36
54281325,1788526542,2026-09-04T12:55:42Z,1788526529,13,0x30398b0b0df82a009bb2d507bc7fe1dc6d3ca294,0x4af41cd301e74b05410df9f6b5fc3d99ddce7cd5,0x0830d906fabe6484717d96266c09cd3864d81361e4ad384012eb33fea6d5c67e
54281614,1788526571,2026-09-04T12:56:11Z,1788526499,72,0x6091e64eb7138eef066a80fd3a0d7427b91f2721,0x5d4faed290f0422c7b33586aa772d81785a01d7c,0xd2b75c53f4e6eec1abf65356bdf0a4f7c34ecc2f6903de19b34bb9584aff48b5
54281628,1788526573,2026-09-04T12:56:13Z,1788526500,73,0x2b65a9e1ff6b36a76e50a383a2d2702cd9e78047,0x5d4faed290f0422c7b33586aa772d81785a01d7c,0xa47f068e077daea3257770bdb92791a1eebae1fad28eb218b712262d00c48791
54281742,1788526584,2026-09-04T12:56:24Z,1788526572,12,0xa6ac45e27d19f91c55109191d71cfba4a9f5fbe1,0x4af41cd301e74b05410df9f6b5fc3d99ddce7cd5,0x0f2325a9be217fad398712f722d85ccac64e4850ce776c3a7a4ec630d6cf67cc
54281801,1788526590,2026-09-04T12:56:30Z,1788526458,132,0x7b2fdfcea772f093dd33b3acf8ee294b368f6c23,0x5d4faed290f0422c7b33586aa772d81785a01d7c,0x7fa9d1bb98acea66a1407f6b67abace54556b9f05b3df439918322b21e2765dc
54282039,1788526614,2026-09-04T12:56:54Z,1788526602,12,0x76ba75c6c362900b275d9d4d5c422f0275e85578,0x5d4faed290f0422c7b33586aa772d81785a01d7c,0x4d1d146875469f893f765b03308a1f0ca0f84f4ba2f4851bc28642f013d6d334
54282051,1788526616,2026-09-04T12:56:56Z,1788526603,13,0x7a6b81ba7fbcb90104d8c496158cf383cd7233b1,0xa211fbdde369d28efb235bcd3a77f3a77790ba94,0x38c9a3db38941b5accaaa1d1e0362b0b0ae1824763b66d54ede8f6f8482f2528
54282081,1788526619,2026-09-04T12:56:59Z,1788526366,253,0xe50c4775fefc1e3c9206771dd0056aee30f51b2f,0x4af41cd301e74b05410df9f6b5fc3d99ddce7cd5,0xf2a8bf8eff6d6982e9ee6a697211e72a52ae8f684afba69ff782c6d6550adeff
54282342,1788526645,2026-09-04T12:57:25Z,1788526513,132,0x3d2a8e2937f306d11829d95059deda9a290c74da,0x2df4c8f0095d7323a1521ce82fbf21629fdba7df,0x910a6ce2282434294bd75e31fa51867a6bb40e028cedd8241a18c499e9da3b96
54282477,1788526659,2026-09-04T12:57:39Z,1788526361,298,0x55bd01f666c99e4590e084fdeff88041bb50ccd1,0x83b351d4ed8de251ccf65fd44b42d27c41b5d8a6,0x1d086cc0597405f7aa32719cdf960b1e57421da28d1a38c659289d1e77120fbd
54282486,1788526660,2026-09-04T12:57:40Z,1788526434,226,0xd9c04b7353421fc4deb1614ed13fe10d90e586cc,0x83b351d4ed8de251ccf65fd44b42d27c41b5d8a6,0x9dbb9ce20fb0e0fd3fb313e4fcbae27d77e6fe0f13b4851cbe0a2cc5eaf68e24
54282574,1788526669,2026-09-04T12:57:49Z,1788526536,133,0x4a9abc759e0b7b0ba98b5fd39c419a5d3e962aaf,0x4af41cd301e74b05410df9f6b5fc3d99ddce7cd5,0xbcb56b7c18f112a7a0f7e784ced9f219f216821cef1e5efcb983e8a30161f3f5
54282638,1788526675,2026-09-04T12:57:55Z,1788526483,192,0xfaa5fda549575e3b602ad70e4bd8020a28387f96,0x5d4faed290f0422c7b33586aa772d81785a01d7c,0x2d79f842cc30b0805de4bb228bf9fd6971ed0261a7c23179e4779e31215e0a96
54282800,1788526691,2026-09-04T12:58:11Z,1788526499,192,0xd6ed4e7d4aba1111eb42a349899b5c72ee1c9fef,0x4af41cd301e74b05410df9f6b5fc3d99ddce7cd5,0x05e4aa0a6ff7d9dbadcfcbea0fdf70926d08df75f34f95342737cd795530d3b0
54283124,1788526721,2026-09-04T12:58:41Z,1788526708,13,0xd9c04b7353421fc4deb1614ed13fe10d90e586cc,0x67a2da43031e8876acc515a21cb0d95648efd807,0xf00ffa334161137879c86fe45682bd3c50c2962f4f6715af246041e94ca446cb
54283328,1788526741,2026-09-04T12:59:01Z,1788526486,255,0xe50c4775fefc1e3c9206771dd0056aee30f51b2f,0x5d4faed290f0422c7b33586aa772d81785a01d7c,0x0b0228a48068aa7c0bc730baa4c183620e3340afc10666b068366c918bf64792
54283330,1788526742,2026-09-04T12:59:02Z,1788526727,15,0x95fb52f75aecbca8e12aa4403f840c8bc18cfbd4,0x5d4faed290f0422c7b33586aa772d81785a01d7c,0xe9fba640cb7829bf4fda02e8448b158181d3a866d67d02aa604228ad59d0200a
54283406,1788526749,2026-09-04T12:59:09Z,1788526731,18,0x55bd01f666c99e4590e084fdeff88041bb50ccd1,0x67a2da43031e8876acc515a21cb0d95648efd807,0xc10db017fbbef6e1ee7470a272da3d0d3d53d05364419d5d9771cd81e2aad746
54283524,1788526761,2026-09-04T12:59:21Z,1788526707,54,0xeff19b88e3c72f046e4a19a1e62544d5869d4275,0xa211fbdde369d28efb235bcd3a77f3a77790ba94,0x1db17b1924dad8bd374604b0e3c05e95cfc8a79e32f213b4d5023accd8cff31c
54283614,1788526770,2026-09-04T12:59:30Z,1788526638,132,0x7b2fdfcea772f093dd33b3acf8ee294b368f6c23,0x2df4c8f0095d7323a1521ce82fbf21629fdba7df,0xf29e8d2cddd4c094104d3b9418ecb2458d4e0b2300b66d5b31351730e0024872
54283702,1788526779,2026-09-04T12:59:39Z,1788526767,12,0xeff19b88e3c72f046e4a19a1e62544d5869d4275,0x2df4c8f0095d7323a1521ce82fbf21629fdba7df,0xf441340d54e06ddf662e7dc1194362a52c5bc154dee6d544067e789227ba93c9
54283925,1788526802,2026-09-04T13:00:02Z,1788526722,80,0x76ba75c6c362900b275d9d4d5c422f0275e85578,0x2df4c8f0095d7323a1521ce82fbf21629fdba7df,0xcc5a81eb74c41f6988ed857d886a0d8891a2eadbf025e89e0f3df41a3ead4ed3
54283942,1788526804,2026-09-04T13:00:04Z,1788526724,80,0x59ab60b1d63de8b282852573d18a3a99c04c787c,0x4af41cd301e74b05410df9f6b5fc3d99ddce7cd5,0x7f9adb15e774661e39dc75aa74c69a5f86f554828ad5df39f1de0f0ad8edc6a1
54283990,1788526809,2026-09-04T13:00:09Z,1788526736,73,0xd6ed4e7d4aba1111eb42a349899b5c72ee1c9fef,0x2df4c8f0095d7323a1521ce82fbf21629fdba7df,0x4918ce1b8e2486e136a67d0ad847916baf06060eeaca023a5baaa854f96f7763
54284184,1788526828,2026-09-04T13:00:28Z,1788526636,192,0xe50c4775fefc1e3c9206771dd0056aee30f51b2f,0x2df4c8f0095d7323a1521ce82fbf21629fdba7df,0x9783987ebe7aa39d1240fbb4aaeea392622c249dd923482cc2462a341f6ce09f
54284219,1788526832,2026-09-04T13:00:32Z,1788526820,12,0xcdf6f7043b3af6afa0caaace1230b355096b5386,0xbe328e128835dae56a42f1e67de4a0daeec61a5f,0x7981768b48777f7921323d165f4d1bf97e40ade970d58bd4c03baef69942a92e
54284231,1788526833,2026-09-04T13:00:33Z,1788526761,72,0x55bd01f666c99e4590e084fdeff88041bb50ccd1,0x2df4c8f0095d7323a1521ce82fbf21629fdba7df,0x3feb60256e76a505abe3ae5231889dc4778d0dc08148c1cc50d55a97e7b2fa4b
54284457,1788526856,2026-09-04T13:00:56Z,1788526724,132,0x901d8df245e48dfc82d6483fc45b5be6ddc5281a,0x2df4c8f0095d7323a1521ce82fbf21629fdba7df,0x5ae043bf115b062e6786a377655149f9a856aaa24a91b3c95d285698288948dd
54284610,1788526872,2026-09-04T13:01:12Z,1788526799,73,0x30398b0b0df82a009bb2d507bc7fe1dc6d3ca294,0x67a2da43031e8876acc515a21cb0d95648efd807,0xb63ef9a297177edeecee528d205396f4e094c690d71f72a3eae0a9e2e5f1b114
54284618,1788526873,2026-09-04T13:01:13Z,1788526740,133,0x2b65a9e1ff6b36a76e50a383a2d2702cd9e78047,0x67a2da43031e8876acc515a21cb0d95648efd807,0x28d69faaedcd405f1ef8fc9f599e05597ab374ab504d51125b6aa9d205b177b9
54284882,1788526899,2026-09-04T13:01:39Z,1788526827,72,0xeff19b88e3c72f046e4a19a1e62544d5869d4275,0x67a2da43031e8876acc515a21cb0d95648efd807,0xedc1c4505e1c0597fb2d0971b40c5413853ee9c243c7a8ac1391ae3c785d3185
54284898,1788526902,2026-09-04T13:01:42Z,1788526889,13,0x815d23392a48bee944c872cbbb4bc47691ef710f,0xa211fbdde369d28efb235bcd3a77f3a77790ba94,0x31d868d4cf1829ac8c62005e710d69c520511658e48322e60366eb520e1681e3
54285068,1788526919,2026-09-04T13:01:59Z,1788526722,197,0xa6ac45e27d19f91c55109191d71cfba4a9f5fbe1,0x67a2da43031e8876acc515a21cb0d95648efd807,0x5d65e400ef14a37e1a0aecb9050302132682b234595fe2e7285dc03f79b812e9
54285081,1788526920,2026-09-04T13:02:00Z,1788526728,192,0x7b2fdfcea772f093dd33b3acf8ee294b368f6c23,0x67a2da43031e8876acc515a21cb0d95648efd807,0xe5e6aad6a37253792413edd4384c93a8ef13819596ec1846f17ce3f56f9d2069
54285081,1788526920,2026-09-04T13:02:00Z,1788526788,132,0x7b2fdfcea772f093dd33b3acf8ee294b368f6c23,0x2df4c8f0095d7323a1521ce82fbf21629fdba7df,0xf5df33e200aaec0452a3b3d31415b6faa65c87bff42db83d596db26bd4571c99
54285182,1788526931,2026-09-04T13:02:11Z,1788526738,193,0xd9c04b7353421fc4deb1614ed13fe10d90e586cc,0x2df4c8f0095d7323a1521ce82fbf21629fdba7df,0x996701b121d67ef59a6489161a753416f834cb931a785eb1103e868750b51a1e
54285260,1788526938,2026-09-04T13:02:18Z,1788526686,252,0x4a9abc759e0b7b0ba98b5fd39c419a5d3e962aaf,0x2df4c8f0095d7323a1521ce82fbf21629fdba7df,0x72553e820a8f8b4fb7f5f0362798099c14adcb6bbcdb22adab83782b716a4942
54285461,1788526959,2026-09-04T13:02:39Z,1788526946,13,0xd6ed4e7d4aba1111eb42a349899b5c72ee1c9fef,0x2df4c8f0095d7323a1521ce82fbf21629fdba7df,0xabfd4883fda245e0a4a768d8d2d100a248f7dde5563844760162cae37e8b2571
54285478,1788526961,2026-09-04T13:02:41Z,1788526768,193,0xd9c04b7353421fc4deb1614ed13fe10d90e586cc,0x67a2da43031e8876acc515a21cb0d95648efd807,0x8839096374dec67f954e7764181dcb882598cf26093127efce1a7d43deb0d6ad
54285801,1788526993,2026-09-04T13:03:13Z,1788526782,211,0x76ba75c6c362900b275d9d4d5c422f0275e85578,0x67a2da43031e8876acc515a21cb0d95648efd807,0xbd72422c8194aa1c761689df445e4c4b108f956ed97834347ec26cc9d9f8ca4f
54285952,1788527009,2026-09-04T13:03:29Z,1788526816,193,0xe50c4775fefc1e3c9206771dd0056aee30f51b2f,0x67a2da43031e8876acc515a21cb0d95648efd807,0x461fee0af8bd795aba5994aac729bf10f002745d439a0634c36ee2f9583cad1b
54286056,1788527019,2026-09-04T13:03:39Z,1788526947,72,0xeff19b88e3c72f046e4a19a1e62544d5869d4275,0x2df4c8f0095d7323a1521ce82fbf21629fdba7df,0x9a556db022b5d7e59c912aff025fef0b856582b085ab528c9a7fa086d86f85a0
54286076,1788527021,2026-09-04T13:03:41Z,1788526949,72,0x815d23392a48bee944c872cbbb4bc47691ef710f,0x2df4c8f0095d7323a1521ce82fbf21629fdba7df,0x0494974a3b8c725596d588c89d4a4f7643da7871fab2a1b57d6045d25ed48e5a
54286207,1788527035,2026-09-04T13:03:55Z,1788526962,73,0x76ba75c6c362900b275d9d4d5c422f0275e85578,0x1dd2dea254a9b9244d2de4139042c65ab9ecdaae,0xaab73da7dbf2febd624c63716806035573466330d5409b788e76a3120fc74527
54286885,1788527096,2026-09-04T13:04:56Z,1788526904,192,0x59ab60b1d63de8b282852573d18a3a99c04c787c,0x2df4c8f0095d7323a1521ce82fbf21629fdba7df,0xcfd3aa1d71d5781158e320d560d377657bc38b406a68d409d4b313bbcb476eed
54287138,1788527122,2026-09-04T13:05:22Z,1788527110,12,0x3d2a8e2937f306d11829d95059deda9a290c74da,0x67a2da43031e8876acc515a21cb0d95648efd807,0x15772b8e5da7bc41d2cfba960acc66df7244bc86c61debd3adbcfa2c95d8076c
54287328,1788527142,2026-09-04T13:05:42Z,1788527009,133,0x815d23392a48bee944c872cbbb4bc47691ef710f,0x5d4faed290f0422c7b33586aa772d81785a01d7c,0xbde6a8236bc8c18a88311a917f02ac35340c2daef465a83ee5138723a6f20d4b
54287532,1788527162,2026-09-04T13:06:02Z,1788527090,72,0xcdf6f7043b3af6afa0caaace1230b355096b5386,0xa211fbdde369d28efb235bcd3a77f3a77790ba94,0xc2125768f302768fa5b09015a3b475abd4152fca13dd76e3f1b36c1492f36f47
54287601,1788527169,2026-09-04T13:06:09Z,1788526977,192,0xeff19b88e3c72f046e4a19a1e62544d5869d4275,0x5d4faed290f0422c7b33586aa772d81785a01d7c,0x8748c6320512cc1c75cec31d8d4ce6185442440f90edc331f5a97c2675d7308d
54287765,1788527186,2026-09-04T13:06:26Z,1788526993,193,0xd6ed4e7d4aba1111eb42a349899b5c72ee1c9fef,0x1dd2dea254a9b9244d2de4139042c65ab9ecdaae,0x142b13fcc4b1ca84e0834a3892e69f0c58b6d607936c2c4469fccb4c92736231
54288656,1788527277,2026-09-04T13:07:57Z,1788527264,13,0x901d8df245e48dfc82d6483fc45b5be6ddc5281a,0x2df4c8f0095d7323a1521ce82fbf21629fdba7df,0x8d84641186fa5edffa049164254098eb79f7c3040e6de31a5eb0ff25ad1c8806
54289102,1788527322,2026-09-04T13:08:42Z,1788527129,193,0x815d23392a48bee944c872cbbb4bc47691ef710f,0xa211fbdde369d28efb235bcd3a77f3a77790ba94,0xfb06300404003ae8ee8bda61951ccbfc845dcb68e3c7d6318d35d09ec9d3c218
54289399,1788527352,2026-09-04T13:09:12Z,1788527339,13,0x76ba75c6c362900b275d9d4d5c422f0275e85578,0xa211fbdde369d28efb235bcd3a77f3a77790ba94,0x3ded445b381eefeca138e7781ff0adc9fbd58691bb10ba7c0aa78d3a0dab90a6
54289548,1788527367,2026-09-04T13:09:27Z,1788527294,73,0x901d8df245e48dfc82d6483fc45b5be6ddc5281a,0x4af41cd301e74b05410df9f6b5fc3d99ddce7cd5,0x2d0c650ecbbf1569f20417e362acd2224376cd228244d10f4161b9f40ffe6fca
54290206,1788527434,2026-09-04T13:10:34Z,1788527421,13,0x55bd01f666c99e4590e084fdeff88041bb50ccd1,0x1dd2dea254a9b9244d2de4139042c65ab9ecdaae,0xfbf1d6615fbc075e7060459eef490f819b886265d439c088839b4c56e49bcb1c
54291056,1788527519,2026-09-04T13:11:59Z,1788527507,12,0x815d23392a48bee944c872cbbb4bc47691ef710f,0x2df4c8f0095d7323a1521ce82fbf21629fdba7df,0x15008f33cca45ce64d3c56ba2a1c7a3ad3246e59122832b8be199b500b6446a4
54291989,1788527614,2026-09-04T13:13:34Z,1788527601,13,0x55bd01f666c99e4590e084fdeff88041bb50ccd1,0x67a2da43031e8876acc515a21cb0d95648efd807,0xfa8d88d6ac928fa8e366e22603f2f07fc174abc0ebeeed0c84287e0b2e547022
54294144,1788527832,2026-09-04T13:17:12Z,1788527819,13,0xdad54b8ee51af258e5a6faa9a84a3300f4775f7d,0x83b351d4ed8de251ccf65fd44b42d27c41b5d8a6,0xbb272bc9afb6fffc89e42ebf96122caaef59a4a6192be53d59b7f0b6f40e9ce1
54294391,1788527854,2026-09-04T13:17:34Z,1788527841,13,0x55bd01f666c99e4590e084fdeff88041bb50ccd1,0x74d14b5e642ea3331c88bcc72649997f447a7a5f,0x87d5e7d393ac8cb8369663aa697779c946c7aa776dc1ed9c4353fa518102c980
54294596,1788527875,2026-09-04T13:17:55Z,1788527862,13,0xa6ac45e27d19f91c55109191d71cfba4a9f5fbe1,0x83b351d4ed8de251ccf65fd44b42d27c41b5d8a6,0x7241bf548c5aac8af86e942e57443e43ae507fef66f45793ac93202294c30e21
54294833,1788527899,2026-09-04T13:18:19Z,1788527886,13,0x4a9abc759e0b7b0ba98b5fd39c419a5d3e962aaf,0xbe328e128835dae56a42f1e67de4a0daeec61a5f,0xe2725f2bab4f95cb8ddfcb8deec4823df515de0df5bce1179db5250d281ea7f6
54296015,1788528019,2026-09-04T13:20:19Z,1788528006,13,0x4a9abc759e0b7b0ba98b5fd39c419a5d3e962aaf,0x5d4faed290f0422c7b33586aa772d81785a01d7c,0x82530dc02fe79fd93f82812821041926c7d944cb08a0be07407cdda3f7f168cc
54296244,1788528042,2026-09-04T13:20:42Z,1788528030,12,0x76ba75c6c362900b275d9d4d5c422f0275e85578,0xa211fbdde369d28efb235bcd3a77f3a77790ba94,0x58f8703d756bbd37f7ad49796564947ab289779890575397363dc037cca75a1e
54296412,1788528059,2026-09-04T13:20:59Z,1788528047,12,0x815d23392a48bee944c872cbbb4bc47691ef710f,0xbe328e128835dae56a42f1e67de4a0daeec61a5f,0x6c764071c89f41cca2fe3e58ea11cc93a5ec8c5e9cbdb2581011748eba6b9227
54297510,1788528172,2026-09-04T13:22:52Z,1788528100,72,0xc9d16e4f2569b9e3ea0468fd85844953713dc2a2,0x2df4c8f0095d7323a1521ce82fbf21629fdba7df,0x2a3f5990e96b0f0e71661b273b0da173202dbd6c81e63ec07cbf4bfdc0d7dd46
54297559,1788528177,2026-09-04T13:22:57Z,1788528165,12,0x59ab60b1d63de8b282852573d18a3a99c04c787c,0x4af41cd301e74b05410df9f6b5fc3d99ddce7cd5,0x1d9449a1f7be1312bea773bb64ebcffa077c261b627d4dea87320ed6132565a0
54297990,1788528221,2026-09-04T13:23:41Z,1788528209,12,0xd9c04b7353421fc4deb1614ed13fe10d90e586cc,0x1dd2dea254a9b9244d2de4139042c65ab9ecdaae,0xc1fcbc63be0013a137afe89c2a407142cb35f5ac0fce7b6660a766a55edec24f
54298751,1788528295,2026-09-04T13:24:55Z,1788528283,12,0xcdf6f7043b3af6afa0caaace1230b355096b5386,0x2df4c8f0095d7323a1521ce82fbf21629fdba7df,0xd055875eb5a241761dde0b2ab24042cae83c7078916c7d3b6a9e6e78a1c48fd9
54299123,1788528333,2026-09-04T13:25:33Z,1788528320,13,0x5eaa223c585f40cdca2d119ea91b97c491245631,0x74d14b5e642ea3331c88bcc72649997f447a7a5f,0x6ca8dde62955fb3bd569e60d9915c7c71757a52804559c2db87b558b08b46d57
54299795,1788528401,2026-09-04T13:26:41Z,1788528389,12,0xd9c04b7353421fc4deb1614ed13fe10d90e586cc,0x5d4faed290f0422c7b33586aa772d81785a01d7c,0x2693eabb6037f8fd71d3020301e894ca65389e8a6d24dc6d7d635f63f33596ca
54299974,1788528419,2026-09-04T13:26:59Z,1788528407,12,0xe50c4775fefc1e3c9206771dd0056aee30f51b2f,0xbe328e128835dae56a42f1e67de4a0daeec61a5f,0x0e0bde3f6914a20f656e29a2f4acff64e792d51d9e005d9ac7a446fa5a8e9a24
54300312,1788528454,2026-09-04T13:27:34Z,1788528441,13,0x55bd01f666c99e4590e084fdeff88041bb50ccd1,0x5d4faed290f0422c7b33586aa772d81785a01d7c,0xed62c59aeaff0171415f1db3a83a5fb1d8bda1352f9eb8c181e08d60b3b68a65
54300397,1788528463,2026-09-04T13:27:43Z,1788528390,73,0x30398b0b0df82a009bb2d507bc7fe1dc6d3ca294,0x74d14b5e642ea3331c88bcc72649997f447a7a5f,0xaaa5871bfb1b2df0e83895b0c47f7393573af005a04414ca455b342468e2fff6
54300749,1788528498,2026-09-04T13:28:18Z,1788528486,12,0x7b2fdfcea772f093dd33b3acf8ee294b368f6c23,0x74d14b5e642ea3331c88bcc72649997f447a7a5f,0x37cfc1584613706a7a6321997016e80069960b7885b9ea3bcef88e3d95965e48
54301331,1788528557,2026-09-04T13:29:17Z,1788528545,12,0xc190b6164b9e320a6400cdab0085a2e0e2b9738e,0x1dd2dea254a9b9244d2de4139042c65ab9ecdaae,0xaa0d40d46f1800aebbe221a15c97efc8da3a533b6d9bf5b3029b441ff5514537
54301566,1788528581,2026-09-04T13:29:41Z,1788528509,72,0xd9c04b7353421fc4deb1614ed13fe10d90e586cc,0x83b351d4ed8de251ccf65fd44b42d27c41b5d8a6,0x1f937db7f8152829ef18a66f36b56b52f77a4513ee3c4a60159db47bbaeb579c
54301695,1788528594,2026-09-04T13:29:54Z,1788528582,12,0x105cbe427bbd3225826a450f67ea80fec6417f93,0x74d14b5e642ea3331c88bcc72649997f447a7a5f,0xa400a21e13b2524c596ae2336fa9b5c1e710d42257535c15a07b06a7b14e2326
54302015,1788528623,2026-09-04T13:30:23Z,1788528610,13,0xc9d16e4f2569b9e3ea0468fd85844953713dc2a2,0x74d14b5e642ea3331c88bcc72649997f447a7a5f,0xbd4330af52809a946a37b2287f96045e3c91b89324d283c85aa9ca46e29e92c9
54302080,1788528629,2026-09-04T13:30:29Z,1788528617,12,0x95fb52f75aecbca8e12aa4403f840c8bc18cfbd4,0x83b351d4ed8de251ccf65fd44b42d27c41b5d8a6,0x8bd956fa04c89c9656d9e24b495c3c5df345b3868d709f5f6d3627577f07d9a4
54302109,1788528632,2026-09-04T13:30:32Z,1788528620,12,0xeff19b88e3c72f046e4a19a1e62544d5869d4275,0x5d4faed290f0422c7b33586aa772d81785a01d7c,0x8804144ad2b0141664777b3ae68e6debb6a7c39b5172d65674bb786eca3baed7
54302128,1788528634,2026-09-04T13:30:34Z,1788528622,12,0x315afd0f71d5407b99ad19ab001a67af40fbaaf4,0x67a2da43031e8876acc515a21cb0d95648efd807,0x4f5953138aaeb778c7bde9e9dd74481fbe9ece03597dc9d1653d960ff13389e7
54302138,1788528635,2026-09-04T13:30:35Z,1788528623,12,0x42b1c5174ce84be751a23489d7dbdc969bc17ea2,0x67a2da43031e8876acc515a21cb0d95648efd807,0xd8f7281fdbb866e3e99945bfc22a62348cfddbab133d4dbe77185a907250cb91
54302202,1788528642,2026-09-04T13:30:42Z,1788528630,12,0x76ba75c6c362900b275d9d4d5c422f0275e85578,0x5d4faed290f0422c7b33586aa772d81785a01d7c,0x32c822833e702707586dce323156c22bd2ef0471f0301b45ce32dcac2299aa6a
54302205,1788528642,2026-09-04T13:30:42Z,1788528630,12,0x30398b0b0df82a009bb2d507bc7fe1dc6d3ca294,0x5d4faed290f0422c7b33586aa772d81785a01d7c,0xd5b1d31bc97ca0ada2dc1342a479253a6a349a7c6f0d6b13d0ad7fc47ca4aa70
54302225,1788528644,2026-09-04T13:30:44Z,1788528632,12,0x901d8df245e48dfc82d6483fc45b5be6ddc5281a,0xa211fbdde369d28efb235bcd3a77f3a77790ba94,0x5259da05f4316fd82d5c82d6bed22beb6a7070f84e9cb131b00014e9bf596fb6
54302261,1788528648,2026-09-04T13:30:48Z,1788528636,12,0x7b2fdfcea772f093dd33b3acf8ee294b368f6c23,0x2df4c8f0095d7323a1521ce82fbf21629fdba7df,0xc3a635dcfa79d13f120a53032663f83274cc72ea7df387d83a8ec8a048376299
54302272,1788528649,2026-09-04T13:30:49Z,1788528637,12,0xa088fad0a0a62693af068e2edb80b1578c8a9365,0x2df4c8f0095d7323a1521ce82fbf21629fdba7df,0x07d72a227bb2bd5ed8bb9858f5bdc8a8d0282e50cc2a50184575bbac515488df
54302283,1788528650,2026-09-04T13:30:50Z,1788528638,12,0x886e11c1053289eed882c734e1864efe3430bc24,0x1dd2dea254a9b9244d2de4139042c65ab9ecdaae,0x400b8ef07d1c9d922166b8ace8d775638f2bded9c883d6750c54a8f693b03d8b
54302341,1788528656,2026-09-04T13:30:56Z,1788528644,12,0x7a6b81ba7fbcb90104d8c496158cf383cd7233b1,0x2df4c8f0095d7323a1521ce82fbf21629fdba7df,0xd410596c7cd8bfc8bb92e873d1be1e46c187309f79a90a3cb5b6a445526a47e9
54302372,1788528660,2026-09-04T13:31:00Z,1788528647,13,0x815d23392a48bee944c872cbbb4bc47691ef710f,0x74d14b5e642ea3331c88bcc72649997f447a7a5f,0x56e74abc4aa5f704797a12de279fbb0611e72c03e7765c442d02e379cd7f588f
54302374,1788528660,2026-09-04T13:31:00Z,1788528647,13,0xe50c4775fefc1e3c9206771dd0056aee30f51b2f,0xbe328e128835dae56a42f1e67de4a0daeec61a5f,0x0eb2cf60da8adf95ee2956ced4dbd2dd9e66e12bfd7b350238a304b463715680
54302533,1788528676,2026-09-04T13:31:16Z,1788528664,12,0x93503dfc97157cdb8aadccaf70452621d598fdeb,0xbe328e128835dae56a42f1e67de4a0daeec61a5f,0x2a3fda3aa4e2c6b3130aaba11f802b8d051ddb8d53c95683d4822697c45fbbf8
54302565,1788528679,2026-09-04T13:31:19Z,1788528667,12,0x4a9abc759e0b7b0ba98b5fd39c419a5d3e962aaf,0x4af41cd301e74b05410df9f6b5fc3d99ddce7cd5,0xcaf6566143b347a6bd4a01034b34cb9498e7fb88bd4e6cb44668eb48a39d7060
54302632,1788528686,2026-09-04T13:31:26Z,1788528674,12,0x7a6b81ba7fbcb90104d8c496158cf383cd7233b1,0xbe328e128835dae56a42f1e67de4a0daeec61a5f,0x9355ce87dfac3b326bf3418c867f85e1b15fd8048eebdde7e323ab973414c511
54302643,1788528687,2026-09-04T13:31:27Z,1788528675,12,0x59ab60b1d63de8b282852573d18a3a99c04c787c,0x2df4c8f0095d7323a1521ce82fbf21629fdba7df,0x0f4fc2fced253e657c9a819638ca6f5e5f7397768cb52e796274a22f8e71ef08
54302700,1788528693,2026-09-04T13:31:33Z,1788528680,13,0x5eaa223c585f40cdca2d119ea91b97c491245631,0x83b351d4ed8de251ccf65fd44b42d27c41b5d8a6,0x69f9c2b5e9aab66180fc89695f938a1b9b0b828fb179be08b19b241828fa734e
54302706,1788528694,2026-09-04T13:31:34Z,1788528621,73,0x55bd01f666c99e4590e084fdeff88041bb50ccd1,0xbe328e128835dae56a42f1e67de4a0daeec61a5f,0x5f12d865fb5f85dcf10b2dd4608b7dea399ddd23741ce76fb9fc56c528fc5814
54302709,1788528694,2026-09-04T13:31:34Z,1788528682,12,0x55bd01f666c99e4590e084fdeff88041bb50ccd1,0xbe328e128835dae56a42f1e67de4a0daeec61a5f,0xfa0cf8b89c009b23bf1504b4a1544273faf7f6013f9245a32af5d05aeae2a484
54302788,1788528702,2026-09-04T13:31:42Z,1788528690,12,0x30398b0b0df82a009bb2d507bc7fe1dc6d3ca294,0x2df4c8f0095d7323a1521ce82fbf21629fdba7df,0xe2525ae772cb3672bd8d2978a454e0d4acec5991a76bb886de5431837e9312af
54302843,1788528708,2026-09-04T13:31:48Z,1788528696,12,0x7b2fdfcea772f093dd33b3acf8ee294b368f6c23,0x67a2da43031e8876acc515a21cb0d95648efd807,0x1216771cccc422fb2b95becd5d5449b436ce1d2742cca7b67f67064148ec9401
54302982,1788528722,2026-09-04T13:32:02Z,1788528710,12,0xeff19b88e3c72f046e4a19a1e62544d5869d4275,0x67a2da43031e8876acc515a21cb0d95648efd807,0xf22f8d11670d1aa028c29a76cf3337e0bbda724587029881d7e5af73a92f05f1
54302986,1788528723,2026-09-04T13:32:03Z,1788528710,13,0x5eaa223c585f40cdca2d119ea91b97c491245631,0x67a2da43031e8876acc515a21cb0d95648efd807,0xbab25d8ffb85fc6038a14b76dc952c350aec53d898b7c3c81c6526556c7148e3
54303003,1788528724,2026-09-04T13:32:04Z,1788528712,12,0x315afd0f71d5407b99ad19ab001a67af40fbaaf4,0x5d4faed290f0422c7b33586aa772d81785a01d7c,0xa0dd96c1699dc459ebf72ee2364386d0005dcddb7232cc3293b280463b6b3115
54303072,1788528731,2026-09-04T13:32:11Z,1788528719,12,0xd9c04b7353421fc4deb1614ed13fe10d90e586cc,0x4af41cd301e74b05410df9f6b5fc3d99ddce7cd5,0xe150d13d93865e42c47c554ca0e14167c508f05cf1a6539503fe89a02b60c0b9
54303075,1788528732,2026-09-04T13:32:12Z,1788528660,72,0xdad54b8ee51af258e5a6faa9a84a3300f4775f7d,0x2df4c8f0095d7323a1521ce82fbf21629fdba7df,0x8dd36bf8fa04c4a441482e4ef9aa81918ad412635006b2a4072f1a61ffd85d87
54303076,1788528732,2026-09-04T13:32:12Z,1788528720,12,0xdad54b8ee51af258e5a6faa9a84a3300f4775f7d,0x83b351d4ed8de251ccf65fd44b42d27c41b5d8a6,0x78eea10cac78fcb8d3f2cb438c3e6d6f57a67d3a11390c80aebcff04acd1b77a
54303099,1788528734,2026-09-04T13:32:14Z,1788528662,72,0x901d8df245e48dfc82d6483fc45b5be6ddc5281a,0xa211fbdde369d28efb235bcd3a77f3a77790ba94,0x4ef950027a7e33c5e093d92d865568b6d50c20ce58f01e7d705a84c63b2e2fc4
54303136,1788528738,2026-09-04T13:32:18Z,1788528726,12,0x7b2fdfcea772f093dd33b3acf8ee294b368f6c23,0x5d4faed290f0422c7b33586aa772d81785a01d7c,0x95acf9700a97a87cd818aa540df5e85218be063b5d10ca08be4ca4fd465cc1c3
54303161,1788528741,2026-09-04T13:32:21Z,1788528728,13,0x886e11c1053289eed882c734e1864efe3430bc24,0xbe328e128835dae56a42f1e67de4a0daeec61a5f,0xa439a0a02317215b43e7ab1490b198adc4cac2ef6b5991292d3899cd64a50bc1
54303179,1788528742,2026-09-04T13:32:22Z,1788528730,12,0xc9d16e4f2569b9e3ea0468fd85844953713dc2a2,0x2df4c8f0095d7323a1521ce82fbf21629fdba7df,0x71a69de14a7e5a420b68c48c013b7aaac33396073a27e737e683297d424dda58
54303218,1788528746,2026-09-04T13:32:26Z,1788528734,12,0x7a6b81ba7fbcb90104d8c496158cf383cd7233b1,0x4af41cd301e74b05410df9f6b5fc3d99ddce7cd5,0x65ffaaae7e5e44658af1103945e55d2479c6bf8fb908cefbe142269a3b1a3e0b
54303225,1788528747,2026-09-04T13:32:27Z,1788528735,12,0x59ab60b1d63de8b282852573d18a3a99c04c787c,0xbe328e128835dae56a42f1e67de4a0daeec61a5f,0x58b631ec2d74e31ffebb2f6266f4b2045259989bbc2d3920fe97a46d8d1273e9
54303279,1788528754,2026-09-04T13:32:34Z,1788528742,12,0x315afd0f71d5407b99ad19ab001a67af40fbaaf4,0xbe328e128835dae56a42f1e67de4a0daeec61a5f,0x46353d681d0cd9bd6c4fd064d1d55d06469d32a6a3d8a244c025a13b69e35c18
54303360,1788528762,2026-09-04T13:32:42Z,1788528750,12,0x76ba75c6c362900b275d9d4d5c422f0275e85578,0x67a2da43031e8876acc515a21cb0d95648efd807,0x0394499262449e3c744a4cb619a9267eccb6f341749c65163db9e0c26d75f817
54303427,1788528769,2026-09-04T13:32:49Z,1788528697,72,0xa088fad0a0a62693af068e2edb80b1578c8a9365,0x67a2da43031e8876acc515a21cb0d95648efd807,0xe8963365c659416522e02ecbb8a162ab9b4bf0e9c144439b310f67478eec6f23
54303525,1788528779,2026-09-04T13:32:59Z,1788528707,72,0xe50c4775fefc1e3c9206771dd0056aee30f51b2f,0xbe328e128835dae56a42f1e67de4a0daeec61a5f,0x3ce0787db094fbccbc0546ced4b13786c45a7ffe8a886f48856306acabfa8ba5
54303530,1788528780,2026-09-04T13:33:00Z,1788528707,73,0x95fb52f75aecbca8e12aa4403f840c8bc18cfbd4,0x5d4faed290f0422c7b33586aa772d81785a01d7c,0xa9b0aa8389e4b03334ecb69738e0947b3ab43a193ac2ab33a959fcede748c3c1
54303531,1788528780,2026-09-04T13:33:00Z,1788528767,13,0xe50c4775fefc1e3c9206771dd0056aee30f51b2f,0x74d14b5e642ea3331c88bcc72649997f447a7a5f,0x0f5726e93257472ff44ee09af204ab4fa741b1f96695acbb84c5873785a50514
54303576,1788528784,2026-09-04T13:33:04Z,1788528772,12,0x315afd0f71d5407b99ad19ab001a67af40fbaaf4,0xbe328e128835dae56a42f1e67de4a0daeec61a5f,0xc76444de45c3564b2b4927a8f10b62f3482b770d4b52c674bdfdcb648efbf194
54303656,1788528792,2026-09-04T13:33:12Z,1788528780,12,0x30398b0b0df82a009bb2d507bc7fe1dc6d3ca294,0x1dd2dea254a9b9244d2de4139042c65ab9ecdaae,0x8ef9b8022fbe321f8b2ef3c75aed37f6e5950afdb6c1aa5775ec134fd15e6032
54303673,1788528794,2026-09-04T13:33:14Z,1788528782,12,0x901d8df245e48dfc82d6483fc45b5be6ddc5281a,0x4af41cd301e74b05410df9f6b5fc3d99ddce7cd5,0x47bbbf87fa4bf6294e3051f51fb22367d2dfeffb3a967144895651484fc43e5b
54303683,1788528795,2026-09-04T13:33:15Z,1788528723,72,0xf795030a46ad6ca4b07bf5fb704dc36039118c9f,0x5d4faed290f0422c7b33586aa772d81785a01d7c,0xb3a66fef9a83bbe1b355353550bc05a6af482130de962f88fa357cb4c165e47b
54303712,1788528798,2026-09-04T13:33:18Z,1788528786,12,0x7b2fdfcea772f093dd33b3acf8ee294b368f6c23,0x1dd2dea254a9b9244d2de4139042c65ab9ecdaae,0xe4babe3b3c168527089c24c2051a60f7d30a795de0f81df01814a740dfbc6594
54303718,1788528799,2026-09-04T13:33:19Z,1788528726,73,0xd6ed4e7d4aba1111eb42a349899b5c72ee1c9fef,0x4af41cd301e74b05410df9f6b5fc3d99ddce7cd5,0xf2d44d6e1fad4d836b4a8746882bde3ad0177a307341e94d8c5ef5767f628cad
54303723,1788528799,2026-09-04T13:33:19Z,1788528787,12,0xa088fad0a0a62693af068e2edb80b1578c8a9365,0xbe328e128835dae56a42f1e67de4a0daeec61a5f,0x98a63482b7315081b02674e2a02032f0455850c43240dd537374c92b20a1586e
54303734,1788528800,2026-09-04T13:33:20Z,1788528788,12,0x886e11c1053289eed882c734e1864efe3430bc24,0x1dd2dea254a9b9244d2de4139042c65ab9ecdaae,0x9a5d7f7aa6e6a6dda8e443165a42279037ccaa1843f2436c9b8b4d79362ae8f6
54303822,1788528809,2026-09-04T13:33:29Z,1788528797,12,0x95fb52f75aecbca8e12aa4403f840c8bc18cfbd4,0x5d4faed290f0422c7b33586aa772d81785a01d7c,0x633f63247d06de5f091a4e345a0fea5e47ec21489e1099fc5505f2986527a9a2
54303851,1788528812,2026-09-04T13:33:32Z,1788528740,72,0xeff19b88e3c72f046e4a19a1e62544d5869d4275,0x67a2da43031e8876acc515a21cb0d95648efd807,0x4c0f3d4ee2fb028dbc4b6b6b2f5feacebdb0cc1253a17a0f7f62182511f5df47
54303966,1788528824,2026-09-04T13:33:44Z,1788528812,12,0x901d8df245e48dfc82d6483fc45b5be6ddc5281a,0x2df4c8f0095d7323a1521ce82fbf21629fdba7df,0x29dc94653ad2f73d8cae2b78f611a9e317b472eba60b925cfbd1dbee6ecd9734
54304003,1788528828,2026-09-04T13:33:48Z,1788528815,13,0xc190b6164b9e320a6400cdab0085a2e0e2b9738e,0x1dd2dea254a9b9244d2de4139042c65ab9ecdaae,0x2817dc654ad6e1b339bcbeca1aeac4aefd20136090a44d393456f53bcb073cf1
54304019,1788528829,2026-09-04T13:33:49Z,1788528817,12,0x4a9abc759e0b7b0ba98b5fd39c419a5d3e962aaf,0x83b351d4ed8de251ccf65fd44b42d27c41b5d8a6,0x42f84bcdbd625c7f467a16b054c7d7bd8a0cb1da5d3f738840961e60395208d6
54304088,1788528836,2026-09-04T13:33:56Z,1788528824,12,0x7a6b81ba7fbcb90104d8c496158cf383cd7233b1,0x1dd2dea254a9b9244d2de4139042c65ab9ecdaae,0xf40500429f087004472fd993a4703af0108140f17a69e6adc739d1b7a4849f1b
54304284,1788528856,2026-09-04T13:34:16Z,1788528844,12,0x93503dfc97157cdb8aadccaf70452621d598fdeb,0xa211fbdde369d28efb235bcd3a77f3a77790ba94,0xe458dc010fa9aa3e3423b69e3b8fbedf2a14522236a0d3166b6146abdd65e218
54304363,1788528864,2026-09-04T13:34:24Z,1788528852,12,0x105cbe427bbd3225826a450f67ea80fec6417f93,0x83b351d4ed8de251ccf65fd44b42d27c41b5d8a6,0x5bb5669bccf4743b0661687d96b6ebe93b4221f0b6e1173339714f2367d7452b
54304365,1788528865,2026-09-04T13:34:25Z,1788528852,13,0xa6ac45e27d19f91c55109191d71cfba4a9f5fbe1,0x2df4c8f0095d7323a1521ce82fbf21629fdba7df,0xaf1882d40bf47ec2428d0105261424b002a075f00408ed443977782c39b3583e
54304415,1788528870,2026-09-04T13:34:30Z,1788528857,13,0x95fb52f75aecbca8e12aa4403f840c8bc18cfbd4,0xbe328e128835dae56a42f1e67de4a0daeec61a5f,0xdcedb22e15a6b8c8c100075e8b0b22c6300d1abdc31fa4061252492e1ac8ba97
54304440,1788528872,2026-09-04T13:34:32Z,1788528860,12,0xeff19b88e3c72f046e4a19a1e62544d5869d4275,0x67a2da43031e8876acc515a21cb0d95648efd807,0x22069e0959ec083dd99bb2f1e928f7a988ba0c1e989f1e5381e4c183997a07bc
54304539,1788528882,2026-09-04T13:34:42Z,1788528870,12,0xdad54b8ee51af258e5a6faa9a84a3300f4775f7d,0xa211fbdde369d28efb235bcd3a77f3a77790ba94,0x5798632d7f4e8d6942d1462e17f3c762f95931b52a4bae0fa2a3aa36655d1ae9
54304685,1788528897,2026-09-04T13:34:57Z,1788528825,72,0x59ab60b1d63de8b282852573d18a3a99c04c787c,0x2df4c8f0095d7323a1521ce82fbf21629fdba7df,0x95461dc48efcec3019d5101298771492471e4a51dde0227ad3d4a250fa03712e
54304754,1788528904,2026-09-04T13:35:04Z,1788528892,12,0x55bd01f666c99e4590e084fdeff88041bb50ccd1,0x83b351d4ed8de251ccf65fd44b42d27c41b5d8a6,0xb458ad5a01677faaac9b8c3a8217df5d348379a8cf2da4728d2c0b61cff496f0
54304759,1788528905,2026-09-04T13:35:05Z,1788528892,13,0x315afd0f71d5407b99ad19ab001a67af40fbaaf4,0x4af41cd301e74b05410df9f6b5fc3d99ddce7cd5,0xc365eb50335eba9898735c9f578960eab6a4030b0a24b3cba35563285d30cfd3
54304832,1788528912,2026-09-04T13:35:12Z,1788528900,12,0x76ba75c6c362900b275d9d4d5c422f0275e85578,0xa211fbdde369d28efb235bcd3a77f3a77790ba94,0x380493b2590201259748e24ae01f72e41ab277234a8c6bf02c730c35b8bc5ba4
54304833,1788528912,2026-09-04T13:35:12Z,1788528900,12,0x30398b0b0df82a009bb2d507bc7fe1dc6d3ca294,0x67a2da43031e8876acc515a21cb0d95648efd807,0xc66ec47812c74b1a19af6d4bc52f7ab90ee511f4ef814460a4a49f70fd40ae6f
54304851,1788528914,2026-09-04T13:35:14Z,1788528902,12,0x901d8df245e48dfc82d6483fc45b5be6ddc5281a,0x67a2da43031e8876acc515a21cb0d95648efd807,0xa55b981c2c966d4b8959defd245574648ea7e2e9d038a564fe66bc5f351a04e6
54304895,1788528919,2026-09-04T13:35:19Z,1788528906,13,0xd6ed4e7d4aba1111eb42a349899b5c72ee1c9fef,0x2df4c8f0095d7323a1521ce82fbf21629fdba7df,0x3f0e0fdfa5a3cd890b1ec8139cfd34388f0d5736992a0048a55cdfea42553c69
54304900,1788528919,2026-09-04T13:35:19Z,1788528907,12,0x4a9abc759e0b7b0ba98b5fd39c419a5d3e962aaf,0x83b351d4ed8de251ccf65fd44b42d27c41b5d8a6,0x89892a6af752c702d81b22ceb064e07219389e1f4d789ef46f3ee5547a398984
54305002,1788528930,2026-09-04T13:35:30Z,1788528917,13,0x815d23392a48bee944c872cbbb4bc47691ef710f,0x5d4faed290f0422c7b33586aa772d81785a01d7c,0x72c7a833f7c056f849d821c4dace53449af6d3223db8178413844efdb23d9ba6
54305032,1788528933,2026-09-04T13:35:33Z,1788528920,13,0x5eaa223c585f40cdca2d119ea91b97c491245631,0x83b351d4ed8de251ccf65fd44b42d27c41b5d8a6,0x28df768f963a7770fbaf5594eb1e6d471c154e425b4407739b8de8b59d7c1d07
54305124,1788528942,2026-09-04T13:35:42Z,1788528930,12,0x6091e64eb7138eef066a80fd3a0d7427b91f2721,0x4af41cd301e74b05410df9f6b5fc3d99ddce7cd5,0x0967d623b6cd588443ddb93ab6dba00cf97ad3de43b6b7e061b2d45281b201d6
54305155,1788528945,2026-09-04T13:35:45Z,1788528933,12,0xf795030a46ad6ca4b07bf5fb704dc36039118c9f,0x83b351d4ed8de251ccf65fd44b42d27c41b5d8a6,0xf05972d36e36bb1191fd75eb8717e8ec16023015d14f30d0089fb1e5f4d8a817
54305195,1788528949,2026-09-04T13:35:49Z,1788528877,72,0xa088fad0a0a62693af068e2edb80b1578c8a9365,0x67a2da43031e8876acc515a21cb0d95648efd807,0xb857f9cc998974e36c4e4affa6bee17382cec07d1a73a165252dc2da6fc9c423
54305263,1788528956,2026-09-04T13:35:56Z,1788528944,12,0xfaa5fda549575e3b602ad70e4bd8020a28387f96,0x83b351d4ed8de251ccf65fd44b42d27c41b5d8a6,0x865a8672543f4095ba55e370c7365f2e29969ad9813c914b36a27cd8ca35e737
54305292,1788528959,2026-09-04T13:35:59Z,1788528947,12,0x76ba75c6c362900b275d9d4d5c422f0275e85578,0x83b351d4ed8de251ccf65fd44b42d27c41b5d8a6,0xaf39c7b2d1e066a3ffd279a84f31ab02612411c192b4eba9b5998579b7e282bc
54305303,1788528960,2026-09-04T13:36:00Z,1788528948,12,0xc3b117f52cf17dd4369eaf5eaf7cf0e2f91b4e30,0x4af41cd301e74b05410df9f6b5fc3d99ddce7cd5,0x0276f6e7e87fd9467fcddcaf7d11264c3d47fc4cfd162c822c1db89e2f45e164
54305306,1788528961,2026-09-04T13:36:01Z,1788528948,13,0x2b65a9e1ff6b36a76e50a383a2d2702cd9e78047,0x67a2da43031e8876acc515a21cb0d95648efd807,0x673e4e080ec846df74b92760b3cc34e3b72199e13024d26443e16f010b45a1ea
54305315,1788528961,2026-09-04T13:36:01Z,1788528949,12,0x7a6b81ba7fbcb90104d8c496158cf383cd7233b1,0x4af41cd301e74b05410df9f6b5fc3d99ddce7cd5,0x0bc8dc9b725843d4b2a2a43507427ac63f7120793ca19ea8b3a2b8b6dc91887c
54305323,1788528962,2026-09-04T13:36:02Z,1788528950,12,0xeff19b88e3c72f046e4a19a1e62544d5869d4275,0x2df4c8f0095d7323a1521ce82fbf21629fdba7df,0x2314456755943ae8b77fa426388b4c0e346624680044fcda906261831063b926
54305444,1788528975,2026-09-04T13:36:15Z,1788528962,13,0x901d8df245e48dfc82d6483fc45b5be6ddc5281a,0x1dd2dea254a9b9244d2de4139042c65ab9ecdaae,0x2ed4c0a4dab080c5967a1087bcb5deec2e1e056843dbbfab3b700f383c007d3f
54305483,1788528978,2026-09-04T13:36:18Z,1788528966,12,0x7b2fdfcea772f093dd33b3acf8ee294b368f6c23,0xa211fbdde369d28efb235bcd3a77f3a77790ba94,0xa10ff4a945a735d63b95efc35208887b27ff56e01553f573354d7dd9294a6b21
54305514,1788528982,2026-09-04T13:36:22Z,1788528969,13,0x55bd01f666c99e4590e084fdeff88041bb50ccd1,0xbe328e128835dae56a42f1e67de4a0daeec61a5f,0x96c66a7d19463f7dc08a2a401c1527a0ef694f68bbfaad8a8a94be68b2d87672
54305591,1788528990,2026-09-04T13:36:30Z,1788528977,13,0xe50c4775fefc1e3c9206771dd0056aee30f51b2f,0x4af41cd301e74b05410df9f6b5fc3d99ddce7cd5,0x8016c510299c9855bed1eed65ddf1a696843f3a0784a9e092f7c34c0de0348ac
54305594,1788528990,2026-09-04T13:36:30Z,1788528977,13,0x76ba75c6c362900b275d9d4d5c422f0275e85578,0x4af41cd301e74b05410df9f6b5fc3d99ddce7cd5,0x89a7ea5c585278b0af1c55adbf5e836dfbe62f3ae4670d67465c1d405babc025
54305740,1788529005,2026-09-04T13:36:45Z,1788528992,13,0x59ab60b1d63de8b282852573d18a3a99c04c787c,0xa211fbdde369d28efb235bcd3a77f3a77790ba94,0x2b98d534e9c1f730fc39051f876db5fd1b52decee49b1b74745bae984501c568
54305779,1788529009,2026-09-04T13:36:49Z,1788528996,13,0xd6ed4e7d4aba1111eb42a349899b5c72ee1c9fef,0xa211fbdde369d28efb235bcd3a77f3a77790ba94,0x4f80d778b99fe1000fb535087bcf3d5dd81a60af39850286391c226b3274c3be
54305910,1788529019,2026-09-04T13:36:59Z,1788529007,12,0xe50c4775fefc1e3c9206771dd0056aee30f51b2f,0x2df4c8f0095d7323a1521ce82fbf21629fdba7df,0x53f630dee69f092f9446489ab767c8e3fe9bd4408ab48af051e3dbf19bde82fc
54305973,1788529026,2026-09-04T13:37:06Z,1788529013,13,0x42b1c5174ce84be751a23489d7dbdc969bc17ea2,0x1dd2dea254a9b9244d2de4139042c65ab9ecdaae,0x4ec6f42f2539bba27fcd95961cdf1025b09c0b930906bb74aa6a490c8d1405aa
54306025,1788529031,2026-09-04T13:37:11Z,1788529019,12,0xd9c04b7353421fc4deb1614ed13fe10d90e586cc,0x2df4c8f0095d7323a1521ce82fbf21629fdba7df,0x70eab0fb6c48e94c4694a47fa4ea2e92e87413749bc1c9c4d54f6b02e622343a
54306054,1788529034,2026-09-04T13:37:14Z,1788529022,12,0x901d8df245e48dfc82d6483fc45b5be6ddc5281a,0x2df4c8f0095d7323a1521ce82fbf21629fdba7df,0x0db368580b438a7b8b19076128e7ef4aa31459561e4ff133e11ac2942b12b4b8
54306203,1788529049,2026-09-04T13:37:29Z,1788529037,12,0x76ba75c6c362900b275d9d4d5c422f0275e85578,0x67a2da43031e8876acc515a21cb0d95648efd807,0x82057fd6dbfe4b21de5bff5b40e1780f9f32388837fe63fea158100b37b16ea0
54306313,1788529060,2026-09-04T13:37:40Z,1788528988,72,0x3d2a8e2937f306d11829d95059deda9a290c74da,0x1dd2dea254a9b9244d2de4139042c65ab9ecdaae,0xd716d48417a2e10c0087e632a01823df88ca5b2f2316497875a1b99e4b8cdd07
54306324,1788529062,2026-09-04T13:37:42Z,1788529049,13,0x105cbe427bbd3225826a450f67ea80fec6417f93,0x1dd2dea254a9b9244d2de4139042c65ab9ecdaae,0xf34b0fd050f66c882c30c25dea440ecd942faf5f00262818309f97453ddc9276
54306400,1788529069,2026-09-04T13:37:49Z,1788529057,12,0xa088fad0a0a62693af068e2edb80b1578c8a9365,0x2df4c8f0095d7323a1521ce82fbf21629fdba7df,0xd7e6b83e9cd44fda83716ea6dbf9ebb015ce06c8ea7eb685612a6d205768d0ac
54306401,1788529069,2026-09-04T13:37:49Z,1788529057,12,0x4a9abc759e0b7b0ba98b5fd39c419a5d3e962aaf,0x83b351d4ed8de251ccf65fd44b42d27c41b5d8a6,0x9b5b60bda69be3fa23393c1365262cb77032eee9b0cfbe8b7c60c2c90b3bde1d
54306417,1788529071,2026-09-04T13:37:51Z,1788529059,12,0x55bd01f666c99e4590e084fdeff88041bb50ccd1,0x2df4c8f0095d7323a1521ce82fbf21629fdba7df,0x374f6b04bde50b42e7f3027e7bbce959cd707c81709953fd2240fbdd08a1e479
54306503,1788529080,2026-09-04T13:38:00Z,1788529067,13,0x30398b0b0df82a009bb2d507bc7fe1dc6d3ca294,0x1dd2dea254a9b9244d2de4139042c65ab9ecdaae,0xf71195628b5d5ba8accc1fdfa9473f9a9bdf31a66088719b7a99c08e0053d085
54306506,1788529080,2026-09-04T13:38:00Z,1788529067,13,0x815d23392a48bee944c872cbbb4bc47691ef710f,0x4af41cd301e74b05410df9f6b5fc3d99ddce7cd5,0x3180fd843741916de73f1dc9e586de9981dd50434eadeda66e87d8ade294f7be
54306528,1788529082,2026-09-04T13:38:02Z,1788529070,12,0xeff19b88e3c72f046e4a19a1e62544d5869d4275,0x83b351d4ed8de251ccf65fd44b42d27c41b5d8a6,0x02e1e4bf6146ed520cd9208f688978338396db0dcadc879b1c5fe65574a95679
54306646,1788529094,2026-09-04T13:38:14Z,1788529082,12,0x901d8df245e48dfc82d6483fc45b5be6ddc5281a,0xbe328e128835dae56a42f1e67de4a0daeec61a5f,0x8d87ae60c26556d7a4decca5b44f62f20af35cc3215eff3ecf163decfe018df3
54306732,1788529103,2026-09-04T13:38:23Z,1788529030,73,0xc9d16e4f2569b9e3ea0468fd85844953713dc2a2,0x1dd2dea254a9b9244d2de4139042c65ab9ecdaae,0x9e73da34a37ef63b552abdfa86176cc1c9c01cd9869092203bdafb3fcda3f994
54306920,1788529122,2026-09-04T13:38:42Z,1788529109,13,0xa6ac45e27d19f91c55109191d71cfba4a9f5fbe1,0xa211fbdde369d28efb235bcd3a77f3a77790ba94,0xce334fd3b123b5ea11667bd23c6311d1a5565cc55b95cc5bb7a92257387a08f3
54306950,1788529125,2026-09-04T13:38:45Z,1788529112,13,0x59ab60b1d63de8b282852573d18a3a99c04c787c,0x4af41cd301e74b05410df9f6b5fc3d99ddce7cd5,0x6757a89870fc8b48416af2388641973de645f80d528e15c9c7122b7dcc250eeb
54307015,1788529132,2026-09-04T13:38:52Z,1788529119,13,0x315afd0f71d5407b99ad19ab001a67af40fbaaf4,0x1dd2dea254a9b9244d2de4139042c65ab9ecdaae,0x4b1a93b49467f25f539049f84c5eb2eab5ce2eef156d46aecabf9200b71c78de
54307090,1788529139,2026-09-04T13:38:59Z,1788529127,12,0x76ba75c6c362900b275d9d4d5c422f0275e85578,0x67a2da43031e8876acc515a21cb0d95648efd807,0xbb62b5cc127d2de14442afd084f092525286ae5ba093a1e0d47d3cfdd146be63
54307197,1788529150,2026-09-04T13:39:10Z,1788529078,72,0x3d2a8e2937f306d11829d95059deda9a290c74da,0x67a2da43031e8876acc515a21cb0d95648efd807,0x49278cd7241a85201e32465ca2c0ee619b739d7cfe0faf919fb82345df08a5f1
54307209,1788529151,2026-09-04T13:39:11Z,1788529139,12,0x105cbe427bbd3225826a450f67ea80fec6417f93,0x67a2da43031e8876acc515a21cb0d95648efd807,0x7f37fae1e4a221b91eea9a3dcd9fdb5a56863a142506cf4a2851c44c51f2acdc
54307279,1788529159,2026-09-04T13:39:19Z,1788529146,13,0xd6ed4e7d4aba1111eb42a349899b5c72ee1c9fef,0x2df4c8f0095d7323a1521ce82fbf21629fdba7df,0x4f42db1187f8845710bba394c9b2fce6821fc75d91512e99bf877f5afb3ca77e
54307387,1788529169,2026-09-04T13:39:29Z,1788529157,12,0x76ba75c6c362900b275d9d4d5c422f0275e85578,0x1dd2dea254a9b9244d2de4139042c65ab9ecdaae,0x7c2ad63920938c2c152bc1f03740951fbf3d3db21cfea16b429f9433be7135c5
54307451,1788529176,2026-09-04T13:39:36Z,1788529163,13,0x42b1c5174ce84be751a23489d7dbdc969bc17ea2,0xbe328e128835dae56a42f1e67de4a0daeec61a5f,0xd81a451a7ebce13015b871c32f5edbf189dcf3ebdd4440bed40524e640a6e086
54307538,1788529185,2026-09-04T13:39:45Z,1788529172,13,0x59ab60b1d63de8b282852573d18a3a99c04c787c,0x2df4c8f0095d7323a1521ce82fbf21629fdba7df,0x8f967503247218531a265663bc827961167e4f0f9e5609614a49f9d1566a6b8f
54307564,1788529187,2026-09-04T13:39:47Z,1788529175,12,0xc190b6164b9e320a6400cdab0085a2e0e2b9738e,0xbe328e128835dae56a42f1e67de4a0daeec61a5f,0x591326de2bf8d2ac3476daa50b30d1a1701ddb6caaf7abc9dbcefce24333e701
54307593,1788529190,2026-09-04T13:39:50Z,1788529118,72,0x886e11c1053289eed882c734e1864efe3430bc24,0xbe328e128835dae56a42f1e67de4a0daeec61a5f,0xa17f16caa02d3f8de9539e5abccf9520cc8aea975bfde4aea7adda4c2d1f79ac
54307680,1788529199,2026-09-04T13:39:59Z,1788529187,12,0x76ba75c6c362900b275d9d4d5c422f0275e85578,0xa211fbdde369d28efb235bcd3a77f3a77790ba94,0xea46189fc3cf150e36460ca4f7b7e3257732e1f84f43ae58db9f3de759eaee06
54307707,1788529202,2026-09-04T13:40:02Z,1788529189,13,0xf83cde62d1cd90de8d2bf3332b90c590985ad679,0x1dd2dea254a9b9244d2de4139042c65ab9ecdaae,0xb77b4ea3520d472c12ab5c3949fcc5f221b5ca1df74d23eebeb9ae8c07612825
54307825,1788529214,2026-09-04T13:40:14Z,1788529142,72,0x901d8df245e48dfc82d6483fc45b5be6ddc5281a,0xa211fbdde369d28efb235bcd3a77f3a77790ba94,0xd94b3a27403be3e3dbc7f3854087ce10185917e029823a9df65b946ef114653d
54307870,1788529219,2026-09-04T13:40:19Z,1788529206,13,0xd6ed4e7d4aba1111eb42a349899b5c72ee1c9fef,0x2df4c8f0095d7323a1521ce82fbf21629fdba7df,0x61fa49f60f0eafcaaddb137c0d7010a747e83bef9a7dc57a6f9df9a6b9923c1c
54308010,1788529233,2026-09-04T13:40:33Z,1788529220,13,0x5eaa223c585f40cdca2d119ea91b97c491245631,0xbe328e128835dae56a42f1e67de4a0daeec61a5f,0x169ff834d1e8e988c080372241ad9079cf12991f8949a4d339a08c0a8e86ed71
54308165,1788529249,2026-09-04T13:40:49Z,1788529236,13,0xd6ed4e7d4aba1111eb42a349899b5c72ee1c9fef,0x67a2da43031e8876acc515a21cb0d95648efd807,0xa498603a842a796b9640343a626029b226e5db30dd509f90625118bf56677b36
54308229,1788529255,2026-09-04T13:40:55Z,1788529243,12,0xff5f85e4888782e66f1dd9cabadf4822fbeb1439,0x5d4faed290f0422c7b33586aa772d81785a01d7c,0x3f706bebe25920ec07dfffc1c290584dd1c530ee85513178479c2b1dd45bbefc
54308464,1788529279,2026-09-04T13:41:19Z,1788529266,13,0xd6ed4e7d4aba1111eb42a349899b5c72ee1c9fef,0x4af41cd301e74b05410df9f6b5fc3d99ddce7cd5,0xf2352f1af28e95e163d55919487a5ce0412a45911999c1fd7b143727b45b8f12
54308465,1788529280,2026-09-04T13:41:20Z,1788529207,73,0xa088fad0a0a62693af068e2edb80b1578c8a9365,0xa211fbdde369d28efb235bcd3a77f3a77790ba94,0xa68d3406d6f94d4e30c0e66f19b72ada0b3b566a41937f076e058c00d4b3f111
54308479,1788529281,2026-09-04T13:41:21Z,1788529269,12,0x55bd01f666c99e4590e084fdeff88041bb50ccd1,0xa211fbdde369d28efb235bcd3a77f3a77790ba94,0x37f9252046df3b8eb43ed6db20e01b85b0420f746aeed40c25621ac2b0dedeb8
54308581,1788529291,2026-09-04T13:41:31Z,1788529279,12,0x7a6b81ba7fbcb90104d8c496158cf383cd7233b1,0xa211fbdde369d28efb235bcd3a77f3a77790ba94,0x4ac370399c9a74b7ea84f135aee10867495fbee6e9033f970e3831105b8199b5
54308857,1788529320,2026-09-04T13:42:00Z,1788529307,13,0x815d23392a48bee944c872cbbb4bc47691ef710f,0x67a2da43031e8876acc515a21cb0d95648efd807,0xc9af034e37f79731d99457e9bc7d3038cd7aaefbdd2fb82eeaa59673fd79b8dd
54308859,1788529320,2026-09-04T13:42:00Z,1788529307,13,0x76ba75c6c362900b275d9d4d5c422f0275e85578,0x4af41cd301e74b05410df9f6b5fc3d99ddce7cd5,0xf0fa1a5a6443c189122b5d9807d6c980e4e8953e01b800b899158a9595108aad
54309151,1788529350,2026-09-04T13:42:30Z,1788529337,13,0xe50c4775fefc1e3c9206771dd0056aee30f51b2f,0xa211fbdde369d28efb235bcd3a77f3a77790ba94,0x3cbcc56d20393f4d533be7b6004bd751457e84d1b611e702c77563b65459e715
54309202,1788529355,2026-09-04T13:42:35Z,1788529282,73,0x95fb52f75aecbca8e12aa4403f840c8bc18cfbd4,0x5d4faed290f0422c7b33586aa772d81785a01d7c,0x1077209ede5818250739a1d20892600abd7700a971a456f4927962b0b56d03d0
54309209,1788529355,2026-09-04T13:42:35Z,1788529343,12,0x2b3a9a18998e9464760658233ab093e6aebf45d0,0x5d4faed290f0422c7b33586aa772d81785a01d7c,0x2107d43558c6e5d609d8dddafb827db2a8df0e5b5c533d2b9155acbedde83161
54309236,1788529358,2026-09-04T13:42:38Z,1788529286,72,0x5eaa223c585f40cdca2d119ea91b97c491245631,0xbe328e128835dae56a42f1e67de4a0daeec61a5f,0x6757d89fbd3f7bf34ab47f0d91d3ad3bd877b8e7825967736f308644af3056ae
54309293,1788529364,2026-09-04T13:42:44Z,1788529352,12,0x901d8df245e48dfc82d6483fc45b5be6ddc5281a,0xa211fbdde369d28efb235bcd3a77f3a77790ba94,0x5ae1051d024591d78996dd6f830ae57c705868c5f048efd3e7242fa74581ca05
54309344,1788529369,2026-09-04T13:42:49Z,1788529357,12,0x4a9abc759e0b7b0ba98b5fd39c419a5d3e962aaf,0x2df4c8f0095d7323a1521ce82fbf21629fdba7df,0xabb8a9a7964439735298714c766f9e6d3b1f053d22bb4866d52f250f0a519c07
54309357,1788529372,2026-09-04T13:42:52Z,1788529359,13,0x55bd01f666c99e4590e084fdeff88041bb50ccd1,0xbe328e128835dae56a42f1e67de4a0daeec61a5f,0x98d682e49e1fe0104c47a48a0084318e283e64635fcef8faadc9dd9ecfc81c07
54309434,1788529380,2026-09-04T13:43:00Z,1788529367,13,0x30398b0b0df82a009bb2d507bc7fe1dc6d3ca294,0x83b351d4ed8de251ccf65fd44b42d27c41b5d8a6,0x2f6316ec6e5eeeda954c3ad2528734c27a00cf5c2aa1848aa8c6b7e377310ff9
54309463,1788529383,2026-09-04T13:43:03Z,1788529370,13,0xbb11a21267cfdb63d4935d99a499133dd1744acb,0xbe328e128835dae56a42f1e67de4a0daeec61a5f,0xca834ce1806dad57510ed675e843cb1162e6a102e7412393e0dcf7c6c8b8a5fc
54309937,1788529429,2026-09-04T13:43:49Z,1788529416,13,0x7b2fdfcea772f093dd33b3acf8ee294b368f6c23,0x74d14b5e642ea3331c88bcc72649997f447a7a5f,0xcb14343eea956c765973b7e8a1560aa4d889058006260808819414ee26b9fba0
54310257,1788529461,2026-09-04T13:44:21Z,1788529449,12,0x55bd01f666c99e4590e084fdeff88041bb50ccd1,0x74d14b5e642ea3331c88bcc72649997f447a7a5f,0x4f350ec962fe01c94cb814d73e51c9a70c41294a3ba58a05b1b258db4b16c0be
54310422,1788529478,2026-09-04T13:44:38Z,1788529346,132,0x5eaa223c585f40cdca2d119ea91b97c491245631,0x74d14b5e642ea3331c88bcc72649997f447a7a5f,0x97234d4edf145058f3b249f07ac431489de591cc313eca8dfa3206517e05a816
54310535,1788529490,2026-09-04T13:44:50Z,1788529477,13,0x4a9abc759e0b7b0ba98b5fd39c419a5d3e962aaf,0x74d14b5e642ea3331c88bcc72649997f447a7a5f,0xa43827001f9ef86f1f8b2a64e8cb4354c4186ee00275d4c06112ce24f98acae0
54310631,1788529499,2026-09-04T13:44:59Z,1788529487,12,0xdad54b8ee51af258e5a6faa9a84a3300f4775f7d,0x67a2da43031e8876acc515a21cb0d95648efd807,0xb29a71d60e11de15cc39a0f669dd33b1d75b9e130257d03cc3f47a45684eea28
54310747,1788529511,2026-09-04T13:45:11Z,1788529499,12,0xd9c04b7353421fc4deb1614ed13fe10d90e586cc,0x5d4faed290f0422c7b33586aa772d81785a01d7c,0x2b53b6121f01b050a847df2b72035143b1567f1ca9b011d04c3673d9f014ef0c
54310886,1788529525,2026-09-04T13:45:25Z,1788529513,12,0xcdf6f7043b3af6afa0caaace1230b355096b5386,0x5d4faed290f0422c7b33586aa772d81785a01d7c,0x3af5435e9d6719da44584df9332d861c4278490d324539080300a19b257c8b7c
54311078,1788529545,2026-09-04T13:45:45Z,1788529532,13,0x59ab60b1d63de8b282852573d18a3a99c04c787c,0x4af41cd301e74b05410df9f6b5fc3d99ddce7cd5,0xf2d40b8ce5445f3951b283e4c257cfac7cfffe0e5db2970709da3d23de41e64b
54311112,1788529548,2026-09-04T13:45:48Z,1788529536,12,0x7b2fdfcea772f093dd33b3acf8ee294b368f6c23,0x2df4c8f0095d7323a1521ce82fbf21629fdba7df,0x4303d46ce9212a297566c849712779d947cc195d2393baf38c93b5ab0aae53c0
54311124,1788529550,2026-09-04T13:45:50Z,1788529537,13,0xa088fad0a0a62693af068e2edb80b1578c8a9365,0x83b351d4ed8de251ccf65fd44b42d27c41b5d8a6,0x08e5df035ae5dbb3ebf4ccdebf96b3c88c2eecd8cc1320d48f2b9e23ebc59d35
54311288,1788529566,2026-09-04T13:46:06Z,1788529554,12,0xd6ed4e7d4aba1111eb42a349899b5c72ee1c9fef,0x74d14b5e642ea3331c88bcc72649997f447a7a5f,0x3ab33da9a9037aab85f5c2470b7d31f6814fef7583c186233b37ea2a2fb71081
54311307,1788529568,2026-09-04T13:46:08Z,1788529556,12,0x5eaa223c585f40cdca2d119ea91b97c491245631,0x1dd2dea254a9b9244d2de4139042c65ab9ecdaae,0x04494f47b11c2a1d75b302d18232752fd54c7526f76fc43eb2f663a187a6e5ea
54311518,1788529590,2026-09-04T13:46:30Z,1788529577,13,0x815d23392a48bee944c872cbbb4bc47691ef710f,0x5d4faed290f0422c7b33586aa772d81785a01d7c,0x935c695517df899f200a401be90ab028c42600d0fb5ff01ff1d84525f5b95493
54311523,1788529590,2026-09-04T13:46:30Z,1788529577,13,0x30398b0b0df82a009bb2d507bc7fe1dc6d3ca294,0x2df4c8f0095d7323a1521ce82fbf21629fdba7df,0x1e7b07260fb75a5b91cb87a25507a5c0f8c44869fd9a71483a5944903d43841e
54311535,1788529591,2026-09-04T13:46:31Z,1788529579,12,0x2b65a9e1ff6b36a76e50a383a2d2702cd9e78047,0xa211fbdde369d28efb235bcd3a77f3a77790ba94,0xcfceb86d9cb9983cf27fd7479cb824ac404d9bee28993866edcc6e465aae8e01
54311579,1788529596,2026-09-04T13:46:36Z,1788529583,13,0x42b1c5174ce84be751a23489d7dbdc969bc17ea2,0x1dd2dea254a9b9244d2de4139042c65ab9ecdaae,0x43f918cc9e8f9f65c6f25545717639687a1bb9931bb436ac5e08108c84e39c85
54311633,1788529601,2026-09-04T13:46:41Z,1788529589,12,0xd9c04b7353421fc4deb1614ed13fe10d90e586cc,0x5d4faed290f0422c7b33586aa772d81785a01d7c,0x3be16038a9454665cf6eb228e2cbe7e2730966240481f41b4f5e2db134a90665
54311640,1788529602,2026-09-04T13:46:42Z,1788529590,12,0x6091e64eb7138eef066a80fd3a0d7427b91f2721,0xa211fbdde369d28efb235bcd3a77f3a77790ba94,0x682e7c6f0748a3cacccb2ade0fa1044a3e12d4fb8872bef5965cb2e40c54333b
54311811,1788529619,2026-09-04T13:46:59Z,1788529607,12,0xdad54b8ee51af258e5a6faa9a84a3300f4775f7d,0x5d4faed290f0422c7b33586aa772d81785a01d7c,0xe0097ad449c3f8d1cb4c3339989d88f79cc16041b2c56eae319632357eb0b41c
54311813,1788529620,2026-09-04T13:47:00Z,1788529607,13,0xe50c4775fefc1e3c9206771dd0056aee30f51b2f,0x67a2da43031e8876acc515a21cb0d95648efd807,0x4869d2cbe2cb0199da3a4f7c022b42ce33881e2c8df2574fb527eeca73f4f86c
54311813,1788529620,2026-09-04T13:47:00Z,1788529607,13,0x76ba75c6c362900b275d9d4d5c422f0275e85578,0xbe328e128835dae56a42f1e67de4a0daeec61a5f,0x3910989230e91c2a2cc27e17e9ce6465dc745fcfdebab8a2517639524b44e69d
54311840,1788529622,2026-09-04T13:47:02Z,1788529610,12,0xeff19b88e3c72f046e4a19a1e62544d5869d4275,0xbe328e128835dae56a42f1e67de4a0daeec61a5f,0x55fe992b83c0048058f9129b9a0e19e81aeca8292bfaf364cda20d8602a9c43e
54311917,1788529630,2026-09-04T13:47:10Z,1788529618,12,0x3d2a8e2937f306d11829d95059deda9a290c74da,0x2df4c8f0095d7323a1521ce82fbf21629fdba7df,0x7cf860ed56964da8d589bbc5ec1479643518539b3287564a879c5363c80244fa
54311970,1788529636,2026-09-04T13:47:16Z,1788529623,13,0xf795030a46ad6ca4b07bf5fb704dc36039118c9f,0xa211fbdde369d28efb235bcd3a77f3a77790ba94,0x36f02ff3f7dccee7f52aba4ee6931593dc65318c12964c7f2a6f72bfdf618c6e
54312007,1788529639,2026-09-04T13:47:19Z,1788529627,12,0x4a9abc759e0b7b0ba98b5fd39c419a5d3e962aaf,0x83b351d4ed8de251ccf65fd44b42d27c41b5d8a6,0xc8299ceab5e896e842328bdc7fa5fe3c5f4986e779dcbaaa915ee1d66b9a7b5e
54312074,1788529646,2026-09-04T13:47:26Z,1788529634,12,0xfaa5fda549575e3b602ad70e4bd8020a28387f96,0x67a2da43031e8876acc515a21cb0d95648efd807,0x7d5dab65fa58339a4fb328094fcaba0f987845365ca87ff2d3fbf03cdbb6a80c
54312258,1788529665,2026-09-04T13:47:45Z,1788529652,13,0x59ab60b1d63de8b282852573d18a3a99c04c787c,0x4af41cd301e74b05410df9f6b5fc3d99ddce7cd5,0x2be837f04e1d57e1b263bdcfcd41f61982626ff14c7db801eaeb7331e0097d38
54312322,1788529671,2026-09-04T13:47:51Z,1788529659,12,0x55bd01f666c99e4590e084fdeff88041bb50ccd1,0xbe328e128835dae56a42f1e67de4a0daeec61a5f,0x2500b16534d4f8f8cbe9a692379ce705089ee0cae05b6b894d90388ccd380031
54312417,1788529681,2026-09-04T13:48:01Z,1788529669,12,0xc3b117f52cf17dd4369eaf5eaf7cf0e2f91b4e30,0xa211fbdde369d28efb235bcd3a77f3a77790ba94,0x9f9d6e17c5789ee8e655b0cd22adc68fce321d64e7c2ca96b4daf89904a0dd71
54312530,1788529693,2026-09-04T13:48:13Z,1788529620,73,0x94201f15c0b7701d3f93f3c780042e6a76214104,0x67a2da43031e8876acc515a21cb0d95648efd807,0x6b49598738238dbab1e858a3cb69ea03485181b0f68824af7ac313699e164077
54312544,1788529694,2026-09-04T13:48:14Z,1788529682,12,0x901d8df245e48dfc82d6483fc45b5be6ddc5281a,0x67a2da43031e8876acc515a21cb0d95648efd807,0xd8d7a781cd43eb75612abe44ccfeeccce95e0b14587d5a2af477de3bb490099c
54312633,1788529703,2026-09-04T13:48:23Z,1788529690,13,0xc9d16e4f2569b9e3ea0468fd85844953713dc2a2,0xa211fbdde369d28efb235bcd3a77f3a77790ba94,0x7fb7d547e859328d117397107490ec1fdc7e8c487aee9c47b63fea4c60315b01
54312695,1788529710,2026-09-04T13:48:30Z,1788529697,13,0x815d23392a48bee944c872cbbb4bc47691ef710f,0x67a2da43031e8876acc515a21cb0d95648efd807,0x2d211997331bdb9ce0039a5d88465cb064c74833146928a1a11a478ff4289474
54312695,1788529710,2026-09-04T13:48:30Z,1788529697,13,0xe50c4775fefc1e3c9206771dd0056aee30f51b2f,0x1dd2dea254a9b9244d2de4139042c65ab9ecdaae,0x7184ea49b245f03bdd2277b56fa4422612d164369497be3e1bace830382a6cf4
54312697,1788529710,2026-09-04T13:48:30Z,1788529697,13,0x76ba75c6c362900b275d9d4d5c422f0275e85578,0x67a2da43031e8876acc515a21cb0d95648efd807,0x4a6290ab2fe3243d57781a472814126f59d41d75b7c7ee20199e80c184430f03
54312732,1788529713,2026-09-04T13:48:33Z,1788529701,12,0x93503dfc97157cdb8aadccaf70452621d598fdeb,0x5d4faed290f0422c7b33586aa772d81785a01d7c,0xd780b557db91423898ef38a295ffc20f7aef724e451c7b7ca30d3e271e837e8f
54312744,1788529715,2026-09-04T13:48:35Z,1788529702,13,0x95fb52f75aecbca8e12aa4403f840c8bc18cfbd4,0x67a2da43031e8876acc515a21cb0d95648efd807,0xd35f973f49de8b9c39e6392d108c01e902c082d3a8fd683f9cd34b056e5081a4
54312809,1788529721,2026-09-04T13:48:41Z,1788529709,12,0xd9c04b7353421fc4deb1614ed13fe10d90e586cc,0x5d4faed290f0422c7b33586aa772d81785a01d7c,0xccffd28b775f9be6af4e884a7784e85a6060ec34f804088073288c1e332f84cc
54312841,1788529725,2026-09-04T13:48:45Z,1788529712,13,0x59ab60b1d63de8b282852573d18a3a99c04c787c,0x67a2da43031e8876acc515a21cb0d95648efd807,0x3959a18e6b3bcb70f784e661e9f12ec0064f408e15bdbc992197076d1bcae624
54312993,1788529740,2026-09-04T13:49:00Z,1788529727,13,0x76ba75c6c362900b275d9d4d5c422f0275e85578,0xa211fbdde369d28efb235bcd3a77f3a77790ba94,0x42abf43846bd1d2001a66e23e6cfd0bc80266de678641d0cf7e1a536cc9ccc43
54313178,1788529759,2026-09-04T13:49:19Z,1788529746,13,0x7b2fdfcea772f093dd33b3acf8ee294b368f6c23,0x1dd2dea254a9b9244d2de4139042c65ab9ecdaae,0x444a9914e0150272027927c7793cf7e7d3868ba01f46155efb7519cf109d442c
54313529,1788529790,2026-09-04T13:49:50Z,1788529717,73,0xa088fad0a0a62693af068e2edb80b1578c8a9365,0xa211fbdde369d28efb235bcd3a77f3a77790ba94,0xc405514e946392291b5d51c3f4b6d62934c6f890e7a42140008f1c0b38a2db81
54313708,1788529808,2026-09-04T13:50:08Z,1788529796,12,0x5eaa223c585f40cdca2d119ea91b97c491245631,0x2df4c8f0095d7323a1521ce82fbf21629fdba7df,0x0b9842568777050dec47d12d1e2328fee55ebb6ee9c46515628ff2dec9742a41
54313921,1788529830,2026-09-04T13:50:30Z,1788529817,13,0x815d23392a48bee944c872cbbb4bc47691ef710f,0xbe328e128835dae56a42f1e67de4a0daeec61a5f,0xf6238324e1bcfb3b505363ef083e7a865009d908821d6e6d696fb1418e95e2d8
54313984,1788529836,2026-09-04T13:50:36Z,1788529824,12,0xd6ed4e7d4aba1111eb42a349899b5c72ee1c9fef,0xbe328e128835dae56a42f1e67de4a0daeec61a5f,0x0719687d67bc7a630ebe2aabe42fa3bf21af89156bbe7a178bbbaa3ff16a5ae1
54314238,1788529862,2026-09-04T13:51:02Z,1788529849,13,0x7a6b81ba7fbcb90104d8c496158cf383cd7233b1,0xa211fbdde369d28efb235bcd3a77f3a77790ba94,0xd10ee6d7360ac50d5f2bae80d486a737abf657bfb282c7050db15e3d36cb1a9c
54314250,1788529863,2026-09-04T13:51:03Z,1788529851,12,0x11ed6d598ef565dda86fafe7e779303e7cc6b2bd,0x5d4faed290f0422c7b33586aa772d81785a01d7c,0x7348a4cb13de79f962164bce00337f95f816851de75949c9c8867319bf4c03fa
54314267,1788529865,2026-09-04T13:51:05Z,1788529852,13,0x95fb52f75aecbca8e12aa4403f840c8bc18cfbd4,0x1dd2dea254a9b9244d2de4139042c65ab9ecdaae,0xf151f4e42df45ba426690968725d632057fa1b04ba1f2862863806223ad05877
54314596,1788529898,2026-09-04T13:51:38Z,1788529886,12,0x5eaa223c585f40cdca2d119ea91b97c491245631,0xbe328e128835dae56a42f1e67de4a0daeec61a5f,0xed4e73d8a1cfbc8d10f2a4315df7054e9f2da4aacc8c2ee24f6a3c8e133ce434
54314626,1788529901,2026-09-04T13:51:41Z,1788529889,12,0xd9c04b7353421fc4deb1614ed13fe10d90e586cc,0xbe328e128835dae56a42f1e67de4a0daeec61a5f,0x9edfeafdbae0e5007094f9679cf4212a3d2ec6d94a54ca5246e77731294065ba
54314707,1788529910,2026-09-04T13:51:50Z,1788529897,13,0xa088fad0a0a62693af068e2edb80b1578c8a9365,0xa211fbdde369d28efb235bcd3a77f3a77790ba94,0x437c9778e9faaf4f6852819bab507c3f17aa0998d1d0e8a032ead3502b2009ce
54314807,1788529920,2026-09-04T13:52:00Z,1788529907,13,0x76ba75c6c362900b275d9d4d5c422f0275e85578,0x67a2da43031e8876acc515a21cb0d95648efd807,0x123200ce519db4656a21c389aa0d7af623212766ed9e0a16dcd5852296b61ce6
54314809,1788529920,2026-09-04T13:52:00Z,1788529907,13,0xe50c4775fefc1e3c9206771dd0056aee30f51b2f,0x4af41cd301e74b05410df9f6b5fc3d99ddce7cd5,0x83be791755a22c874dc6fb2aaa7efe6f59e4d153ed0ea71c4cfd699b86ae8bea
54314871,1788529926,2026-09-04T13:52:06Z,1788529914,12,0xd6ed4e7d4aba1111eb42a349899b5c72ee1c9fef,0x4af41cd301e74b05410df9f6b5fc3d99ddce7cd5,0x90f41158c9b4c124daa02c08eb0ba5824e85e370e50b14ab187f9597860f55b5
54315221,1788529962,2026-09-04T13:52:42Z,1788529949,13,0xd9c04b7353421fc4deb1614ed13fe10d90e586cc,0xa211fbdde369d28efb235bcd3a77f3a77790ba94,0x3461de6bbbd313f446d8937dc0ae76fa4b1d643b64cfcf4c44693966c381ef27
54315290,1788529969,2026-09-04T13:52:49Z,1788529956,13,0x7b2fdfcea772f093dd33b3acf8ee294b368f6c23,0x5d4faed290f0422c7b33586aa772d81785a01d7c,0xbc07d34f801ceea3dad045c2366ce7535dd83f3b41b3a42ccd9e6bb388f7cfd8
54315299,1788529970,2026-09-04T13:52:50Z,1788529957,13,0xa088fad0a0a62693af068e2edb80b1578c8a9365,0x67a2da43031e8876acc515a21cb0d95648efd807,0x81f26c3049dbb36e6886aa13fa0f460b0c641f9c34bde335101d289c5d25db71
54315398,1788529980,2026-09-04T13:53:00Z,1788529967,13,0x815d23392a48bee944c872cbbb4bc47691ef710f,0x1dd2dea254a9b9244d2de4139042c65ab9ecdaae,0x45f46a52f05d6cb95d9ada4f41329de1686ca25391f2709b9fc78d71f9306f76
54315680,1788530010,2026-09-04T13:53:30Z,1788529997,13,0xe50c4775fefc1e3c9206771dd0056aee30f51b2f,0x1dd2dea254a9b9244d2de4139042c65ab9ecdaae,0xc0e41670f1208c1fb93c0276603a615a4f72969509dd66e3a0daea9016ad75d5
54316121,1788530055,2026-09-04T13:54:15Z,1788530042,13,0x901d8df245e48dfc82d6483fc45b5be6ddc5281a,0x83b351d4ed8de251ccf65fd44b42d27c41b5d8a6,0x61cd3a8f75e00222721155b398f64c36d94460ab4f65391de2b55a6fbab6e9d7
54316356,1788530078,2026-09-04T13:54:38Z,1788530066,12,0x5eaa223c585f40cdca2d119ea91b97c491245631,0xa211fbdde369d28efb235bcd3a77f3a77790ba94,0x9999b243e566f6f40dfbd23253d84f2bdbde52aeb099c3dc6be3e2823d74ba4d
54316393,1788530082,2026-09-04T13:54:42Z,1788530070,12,0xa6ac45e27d19f91c55109191d71cfba4a9f5fbe1,0x5d4faed290f0422c7b33586aa772d81785a01d7c,0xded39a456e7142361f1f0a23d6d1a15622f594afdf3c834c1572e2e3ddc9efb9
54316454,1788530088,2026-09-04T13:54:48Z,1788530076,12,0x7b2fdfcea772f093dd33b3acf8ee294b368f6c23,0xa211fbdde369d28efb235bcd3a77f3a77790ba94,0xd87687b7d565b05619c7f171bac8165840727c30ba4837ed13b3518373165fb3
54316861,1788530130,2026-09-04T13:55:30Z,1788530117,13,0x76ba75c6c362900b275d9d4d5c422f0275e85578,0x5d4faed290f0422c7b33586aa772d81785a01d7c,0xdd427b43852083c686f08b91f867763254bc55ce3461093d6f1b8331cd9f0a51
54316863,1788530130,2026-09-04T13:55:30Z,1788530117,13,0x815d23392a48bee944c872cbbb4bc47691ef710f,0x74d14b5e642ea3331c88bcc72649997f447a7a5f,0xc8bea64b241ed82a0dbc255cf526e3604840a19439acda7056551799eff3fc79
54317207,1788530162,2026-09-04T13:56:02Z,1788530149,13,0x7a6b81ba7fbcb90104d8c496158cf383cd7233b1,0xbe328e128835dae56a42f1e67de4a0daeec61a5f,0xaca6b43c35862e830f3135916c9e6c8c6f3e4f3b338c3d50c399fa30bf5e8e1d
54317342,1788530176,2026-09-04T13:56:16Z,1788530163,13,0xf795030a46ad6ca4b07bf5fb704dc36039118c9f,0xa211fbdde369d28efb235bcd3a77f3a77790ba94,0x35053f65baee232882f89bb17d7b094686d1c71c59b81977e2785db2dfa69604
54317626,1788530205,2026-09-04T13:56:45Z,1788530192,13,0x901d8df245e48dfc82d6483fc45b5be6ddc5281a,0x1dd2dea254a9b9244d2de4139042c65ab9ecdaae,0x7d9d1508c1637f4c2599e14f9c8fd645c8f00f83e02a8b0a1345d8f63a14572d
54317675,1788530210,2026-09-04T13:56:50Z,1788530197,13,0xa088fad0a0a62693af068e2edb80b1578c8a9365,0x67a2da43031e8876acc515a21cb0d95648efd807,0x7b53c55935a9e3b84c6483e2534440c0a5fc482da3b3571cc711034310435f7b
54317689,1788530211,2026-09-04T13:56:51Z,1788530138,73,0x886e11c1053289eed882c734e1864efe3430bc24,0x4af41cd301e74b05410df9f6b5fc3d99ddce7cd5,0x807743745a08f7612c15145a48fca4132c2fd0f8b9dfbdd816b12e109266c809
54317771,1788530219,2026-09-04T13:56:59Z,1788530207,12,0xdad54b8ee51af258e5a6faa9a84a3300f4775f7d,0x5d4faed290f0422c7b33586aa772d81785a01d7c,0x745e805d9c6a1fe8ef8d8b47f283620566d7c5a4cd286ec1c1480d07a3ca2d29
54317773,1788530220,2026-09-04T13:57:00Z,1788530207,13,0x815d23392a48bee944c872cbbb4bc47691ef710f,0x5d4faed290f0422c7b33586aa772d81785a01d7c,0x3424607a917b4417c82e984f97d807a2ba9f58d8bf2c176e81538761d9341ea4
54318153,1788530258,2026-09-04T13:57:38Z,1788530246,12,0x5eaa223c585f40cdca2d119ea91b97c491245631,0xa211fbdde369d28efb235bcd3a77f3a77790ba94,0x14c6ef9d7af3fa19c4c530a700649ec828eb142290b88b026ae8d3dc2f3098d9
54318661,1788530310,2026-09-04T13:58:30Z,1788530297,13,0x76ba75c6c362900b275d9d4d5c422f0275e85578,0xbe328e128835dae56a42f1e67de4a0daeec61a5f,0x63ee1e1d9f9e2388805223e3d3f3dfa2a84e79776550aee15a826e39a8185992
54318711,1788530315,2026-09-04T13:58:35Z,1788530303,12,0x95fb52f75aecbca8e12aa4403f840c8bc18cfbd4,0x2df4c8f0095d7323a1521ce82fbf21629fdba7df,0xda0edddac951baacee6a17f68ae309ea8a069e8a6070167d5192f05b8459fb6c
54318976,1788530342,2026-09-04T13:59:02Z,1788530330,12,0xf83cde62d1cd90de8d2bf3332b90c590985ad679,0x67a2da43031e8876acc515a21cb0d95648efd807,0xab61c99c1f13da61edaac6b1e9c5c252d41abc666f44344c4548ef410a7ae82e
54318977,1788530342,2026-09-04T13:59:02Z,1788530330,12,0x7a6b81ba7fbcb90104d8c496158cf383cd7233b1,0x1dd2dea254a9b9244d2de4139042c65ab9ecdaae,0x300a33d880dc54b021daf7043b7476ddf9c9fe611fbea5e799e608aa413d223f
